t_ms,Flex1,Flex2,Flex3,Flex4,Flex5,AccelX,AccelY,AccelZ,GyroX,GyroY,GyroZ,Pitch,Roll,Sign
491647,2790,1784,2463,2556,2323,0,0,0,0,0,0,0,0,A
491657,2793,1773,2472,2569,2321,0,0,0,0,0,0,0,0,A
491692,2805,1766,2473,2567,2324,0,0,0,0,0,0,0,0,A
491702,2794,1770,2477,2563,2327,0,0,0,0,0,0,0,0,A
491737,2799,1778,2478,2562,2329,0,0,0,0,0,0,0,0,A
491747,2798,1776,2472,2572,2335,0,0,0,0,0,0,0,0,A
491782,2792,1776,2471,2551,2321,0,0,0,0,0,0,0,0,A
491792,2790,1776,2468,2565,2331,0,0,0,0,0,0,0,0,A
491827,2798,1779,2477,2559,2326,0,0,0,0,0,0,0,0,A
491837,2793,1773,2455,2564,2313,0,0,0,0,0,0,0,0,A
491872,2794,1783,2465,2566,2302,0,0,0,0,0,0,0,0,A
491882,2791,1771,2466,2566,2328,0,0,0,0,0,0,0,0,A
491917,2789,1761,2468,2563,2320,0,0,0,0,0,0,0,0,A
491927,2786,1772,2480,2570,2332,0,0,0,0,0,0,0,0,A
491962,2785,1750,2471,2568,2327,0,0,0,0,0,0,0,0,A
491972,2792,1776,2473,2571,2306,0,0,0,0,0,0,0,0,A
492007,2789,1767,2484,2564,2331,0,0,0,0,0,0,0,0,A
492017,2785,1779,2465,2560,2320,0,0,0,0,0,0,0,0,A
492052,2798,1776,2477,2567,2336,0,0,0,0,0,0,0,0,A
492062,2798,1777,2469,2557,2332,0,0,0,0,0,0,0,0,A
492097,2796,1772,2466,2568,2327,0,0,0,0,0,0,0,0,A
492107,2797,1773,2478,2567,2327,0,0,0,0,0,0,0,0,A
492142,2794,1774,2469,2568,2328,0,0,0,0,0,0,0,0,A
492152,2794,1770,2470,2563,2328,0,0,0,0,0,0,0,0,A
492187,2783,1765,2480,2563,2333,0,0,0,0,0,0,0,0,A
492197,2792,1780,2467,2560,2331,0,0,0,0,0,0,0,0,A
492232,2799,1773,2469,2564,2328,0,0,0,0,0,0,0,0,A
492242,2793,1780,2472,2560,2322,0,0,0,0,0,0,0,0,A
492277,2784,1771,2479,2560,2335,0,0,0,0,0,0,0,0,A
492287,2782,1787,2476,2564,2322,0,0,0,0,0,0,0,0,A
492322,2793,1768,2471,2571,2324,0,0,0,0,0,0,0,0,A
492332,2799,1772,2471,2569,2337,0,0,0,0,0,0,0,0,A
492367,2793,1771,2484,2557,2312,0,0,0,0,0,0,0,0,A
492377,2788,1771,2471,2557,2327,0,0,0,0,0,0,0,0,A
492412,2792,1767,2470,2556,2345,0,0,0,0,0,0,0,0,A
492422,2790,1764,2482,2562,2326,0,0,0,0,0,0,0,0,A
492457,2799,1767,2481,2549,2336,0,0,0,0,0,0,0,0,A
492467,2790,1769,2465,2565,2345,0,0,0,0,0,0,0,0,A
492502,2779,1774,2478,2561,2320,0,0,0,0,0,0,0,0,A
492512,2793,1756,2471,2577,2331,0,0,0,0,0,0,0,0,A
492547,2795,1770,2480,2554,2324,0,0,0,0,0,0,0,0,A
492557,2791,1768,2476,2567,2327,0,0,0,0,0,0,0,0,A
492592,2788,1760,2472,2564,2326,0,0,0,0,0,0,0,0,A
492602,2787,1762,2463,2568,2322,0,0,0,0,0,0,0,0,A
492637,2790,1755,2471,2573,2342,0,0,0,0,0,0,0,0,A
492647,2793,1769,2472,2563,2322,0,0,0,0,0,0,0,0,A
492682,2795,1764,2473,2565,2336,0,0,0,0,0,0,0,0,A
492692,2783,1769,2485,2568,2327,0,0,0,0,0,0,0,0,A
492727,2792,1768,2475,2561,2327,0,0,0,0,0,0,0,0,A
492737,2787,1766,2481,2558,2333,0,0,0,0,0,0,0,0,A
492772,2790,1762,2467,2570,2317,0,0,0,0,0,0,0,0,A
492782,2792,1776,2478,2562,2322,0,0,0,0,0,0,0,0,A
492817,2784,1776,2472,2558,2327,0,0,0,0,0,0,0,0,A
492827,2794,1774,2472,2572,2331,0,0,0,0,0,0,0,0,A
492862,2787,1767,2477,2570,2317,0,0,0,0,0,0,0,0,A
492908,2795,1769,2476,2561,2320,0,0,0,0,0,0,0,0,A
492918,2800,1769,2468,2570,2340,0,0,0,0,0,0,0,0,A
492952,2786,1765,2472,2576,2318,0,0,0,0,0,0,0,0,A
492962,2789,1765,2467,2559,2338,0,0,0,0,0,0,0,0,A
492997,2795,1772,2471,2570,2327,0,0,0,0,0,0,0,0,A
493007,2791,1759,2477,2563,2328,0,0,0,0,0,0,0,0,A
493042,2789,1771,2474,2570,2322,0,0,0,0,0,0,0,0,A
493052,2797,1770,2479,2569,2330,0,0,0,0,0,0,0,0,A
493087,2794,1759,2467,2567,2330,0,0,0,0,0,0,0,0,A
493097,2791,1771,2480,2567,2313,0,0,0,0,0,0,0,0,A
493132,2791,1777,2472,2572,2325,0,0,0,0,0,0,0,0,A
493142,2796,1778,2481,2564,2326,0,0,0,0,0,0,0,0,A
493177,2789,1784,2470,2551,2319,0,0,0,0,0,0,0,0,A
493187,2788,1770,2478,2563,2312,0,0,0,0,0,0,0,0,A
493222,2791,1772,2479,2564,2324,0,0,0,0,0,0,0,0,A
493233,2800,1770,2469,2568,2338,0,0,0,0,0,0,0,0,A
493267,2788,1755,2483,2574,2329,0,0,0,0,0,0,0,0,A
493277,2794,1768,2476,2568,2319,0,0,0,0,0,0,0,0,A
493312,2793,1772,2474,2573,2329,0,0,0,0,0,0,0,0,A
493322,2788,1778,2468,2565,2344,0,0,0,0,0,0,0,0,A
493357,2795,1771,2468,2568,2333,0,0,0,0,0,0,0,0,A
493367,2786,1767,2478,2555,2336,0,0,0,0,0,0,0,0,A
493402,2790,1774,2481,2553,2324,0,0,0,0,0,0,0,0,A
493412,2783,1777,2472,2546,2357,0,0,0,0,0,0,0,0,A
493447,2797,1764,2473,2560,2317,0,0,0,0,0,0,0,0,A
493457,2786,1790,2479,2560,2319,0,0,0,0,0,0,0,0,A
493492,2785,1759,2471,2562,2325,0,0,0,0,0,0,0,0,A
493502,2790,1778,2472,2563,2344,0,0,0,0,0,0,0,0,A
493537,2787,1777,2484,2567,2331,0,0,0,0,0,0,0,0,A
493547,2793,1771,2464,2561,2331,0,0,0,0,0,0,0,0,A
493582,2790,1764,2480,2563,2354,0,0,0,0,0,0,0,0,A
493592,2799,1768,2476,2561,2327,0,0,0,0,0,0,0,0,A
493627,2789,1767,2479,2559,2320,0,0,0,0,0,0,0,0,A
493637,2791,1771,2464,2565,2342,0,0,0,0,0,0,0,0,A
493672,2783,1770,2481,2560,2316,0,0,0,0,0,0,0,0,A
493682,2792,1772,2471,2566,2334,0,0,0,0,0,0,0,0,A
493717,2792,1757,2472,2563,2322,0,0,0,0,0,0,0,0,A
493727,2786,1768,2460,2561,2339,0,0,0,0,0,0,0,0,A
493762,2791,1778,2469,2561,2315,0,0,0,0,0,0,0,0,A
493772,2794,1756,2471,2562,2325,0,0,0,0,0,0,0,0,A
493807,2786,1747,2481,2556,2326,0,0,0,0,0,0,0,0,A
493817,2786,1780,2463,2569,2309,0,0,0,0,0,0,0,0,A
493852,2800,1765,2475,2559,2331,0,0,0,0,0,0,0,0,A
493862,2781,1780,2471,2559,2301,0,0,0,0,0,0,0,0,A
493897,2784,1766,2480,2551,2319,0,0,0,0,0,0,0,0,A
493907,2788,1783,2466,2564,2327,0,0,0,0,0,0,0,0,A
493942,2787,1777,2477,2558,2335,0,0,0,0,0,0,0,0,A
493952,2796,1775,2471,2566,2327,0,0,0,0,0,0,0,0,A
493987,2787,1767,2477,2568,2324,0,0,0,0,0,0,0,0,A
493997,2785,1781,2467,2557,2325,0,0,0,0,0,0,0,0,A
494032,2782,1764,2468,2557,2330,0,0,0,0,0,0,0,0,A
494042,2793,1772,2460,2579,2340,0,0,0,0,0,0,0,0,A
494077,2803,1773,2471,2567,2325,0,0,0,0,0,0,0,0,A
494087,2795,1773,2481,2568,2338,0,0,0,0,0,0,0,0,A
494122,2796,1783,2459,2561,2327,0,0,0,0,0,0,0,0,A
494167,2793,1765,2468,2562,2320,0,0,0,0,0,0,0,0,A
494177,2789,1782,2468,2554,2317,0,0,0,0,0,0,0,0,A
494212,2786,1776,2453,2558,2335,0,0,0,0,0,0,0,0,A
494222,2785,1784,2469,2557,2334,0,0,0,0,0,0,0,0,A
494257,2786,1770,2464,2560,2321,0,0,0,0,0,0,0,0,A
494267,2787,1749,2480,2559,2340,0,0,0,0,0,0,0,0,A
494302,2784,1763,2468,2559,2331,0,0,0,0,0,0,0,0,A
494312,2789,1771,2472,2561,2337,0,0,0,0,0,0,0,0,A
494347,2793,1757,2478,2547,2319,0,0,0,0,0,0,0,0,A
494357,2794,1773,2466,2566,2324,0,0,0,0,0,0,0,0,A
494392,2789,1771,2482,2565,2328,0,0,0,0,0,0,0,0,A
494402,2789,1768,2473,2566,2329,0,0,0,0,0,0,0,0,A
494437,2796,1766,2478,2575,2331,0,0,0,0,0,0,0,0,A
494447,2787,1764,2468,2569,2328,0,0,0,0,0,0,0,0,A
494482,2791,1775,2459,2562,2335,0,0,0,0,0,0,0,0,A
494492,2801,1765,2482,2569,2338,0,0,0,0,0,0,0,0,A
494527,2793,1796,2464,2577,2317,0,0,0,0,0,0,0,0,A
494537,2793,1776,2479,2567,2329,0,0,0,0,0,0,0,0,A
494572,2793,1776,2474,2554,2340,0,0,0,0,0,0,0,0,A
494582,2798,1776,2496,2568,2332,0,0,0,0,0,0,0,0,A
494617,2793,1783,2473,2569,2318,0,0,0,0,0,0,0,0,A
494627,2786,1773,2480,2567,2329,0,0,0,0,0,0,0,0,A
494662,2781,1773,2473,2562,2314,0,0,0,0,0,0,0,0,A
494672,2787,1774,2476,2576,2332,0,0,0,0,0,0,0,0,A
494707,2796,1778,2481,2564,2327,0,0,0,0,0,0,0,0,A
494717,2789,1782,2470,2564,2338,0,0,0,0,0,0,0,0,A
494752,2792,1772,2459,2561,2326,0,0,0,0,0,0,0,0,A
494797,2775,1781,2451,2564,2326,0,0,0,0,0,0,0,0,A
494807,2793,1763,2471,2558,2331,0,0,0,0,0,0,0,0,A
494842,2792,1769,2469,2564,2324,0,0,0,0,0,0,0,0,A
494852,2790,1757,2476,2562,2332,0,0,0,0,0,0,0,0,A
494887,2789,1775,2480,2570,2329,0,0,0,0,0,0,0,0,A
494897,2792,1775,2482,2563,2327,0,0,0,0,0,0,0,0,A
494932,2792,1774,2468,2563,2336,0,0,0,0,0,0,0,0,A
494942,2788,1769,2470,2561,2338,0,0,0,0,0,0,0,0,A
494977,2794,1755,2476,2576,2320,0,0,0,0,0,0,0,0,A
494987,2785,1778,2472,2565,2324,0,0,0,0,0,0,0,0,A
495022,2775,1769,2459,2564,2319,0,0,0,0,0,0,0,0,A
495032,2787,1789,2466,2555,2336,0,0,0,0,0,0,0,0,A
495067,2795,1781,2479,2563,2333,0,0,0,0,0,0,0,0,A
495113,2786,1780,2480,2560,2303,0,0,0,0,0,0,0,0,A
495123,2793,1766,2468,2571,2335,0,0,0,0,0,0,0,0,A
495157,2781,1782,2467,2564,2330,0,0,0,0,0,0,0,0,A
495167,2791,1765,2474,2560,2324,0,0,0,0,0,0,0,0,A
495202,2783,1774,2481,2562,2322,0,0,0,0,0,0,0,0,A
495212,2773,1775,2476,2570,2331,0,0,0,0,0,0,0,0,A
495247,2796,1757,2477,2563,2329,0,0,0,0,0,0,0,0,A
495257,2789,1775,2480,2570,2325,0,0,0,0,0,0,0,0,A
495292,2792,1763,2481,2559,2327,0,0,0,0,0,0,0,0,A
495302,2793,1776,2479,2557,2336,0,0,0,0,0,0,0,0,A
495337,2791,1785,2469,2567,2330,0,0,0,0,0,0,0,0,A
495347,2789,1759,2483,2565,2302,0,0,0,0,0,0,0,0,A
495382,2790,1782,2470,2568,2318,0,0,0,0,0,0,0,0,A
495392,2792,1782,2467,2572,2336,0,0,0,0,0,0,0,0,A
495427,2791,1781,2476,2562,2330,0,0,0,0,0,0,0,0,A
495437,2792,1765,2476,2560,2335,0,0,0,0,0,0,0,0,A
495472,2783,1764,2476,2549,2336,0,0,0,0,0,0,0,0,A
495482,2787,1776,2469,2566,2311,0,0,0,0,0,0,0,0,A
495517,2800,1771,2474,2574,2332,0,0,0,0,0,0,0,0,A
495527,2797,1761,2475,2570,2325,0,0,0,0,0,0,0,0,A
495562,2780,1754,2470,2551,2331,0,0,0,0,0,0,0,0,A
495572,2794,1768,2479,2576,2334,0,0,0,0,0,0,0,0,A
495607,2791,1765,2478,2564,2334,0,0,0,0,0,0,0,0,A
495617,2784,1777,2484,2566,2332,0,0,0,0,0,0,0,0,A
495652,2795,1773,2486,2568,2326,0,0,0,0,0,0,0,0,A
495662,2794,1783,2474,2562,2325,0,0,0,0,0,0,0,0,A
495697,2786,1776,2475,2562,2312,0,0,0,0,0,0,0,0,A
495707,2795,1765,2478,2559,2329,0,0,0,0,0,0,0,0,A
495742,2790,1772,2475,2560,2336,0,0,0,0,0,0,0,0,A
495752,2789,1779,2482,2558,2329,0,0,0,0,0,0,0,0,A
495787,2783,1783,2481,2568,2328,0,0,0,0,0,0,0,0,A
495797,2788,1767,2479,2577,2331,0,0,0,0,0,0,0,0,A
495832,2785,1784,2477,2568,2316,0,0,0,0,0,0,0,0,A
495842,2790,1770,2472,2570,2336,0,0,0,0,0,0,0,0,A
495877,2786,1776,2462,2563,2343,0,0,0,0,0,0,0,0,A
495887,2785,1761,2476,2559,2332,0,0,0,0,0,0,0,0,A
495922,2793,1788,2471,2568,2331,0,0,0,0,0,0,0,0,A
495932,2795,1777,2476,2555,2335,0,0,0,0,0,0,0,0,A
495967,2789,1761,2477,2575,2336,0,0,0,0,0,0,0,0,A
495977,2782,1769,2476,2561,2341,0,0,0,0,0,0,0,0,A
496012,2800,1778,2480,2554,2325,0,0,0,0,0,0,0,0,A
496022,2788,1770,2468,2569,2332,0,0,0,0,0,0,0,0,A
496057,2794,1770,2475,2572,2311,0,0,0,0,0,0,0,0,A
496067,2786,1774,2481,2563,2329,0,0,0,0,0,0,0,0,A
496102,2785,1782,2473,2565,2328,0,0,0,0,0,0,0,0,A
496112,2787,1776,2476,2568,2331,0,0,0,0,0,0,0,0,A
496147,2791,1776,2480,2560,2327,0,0,0,0,0,0,0,0,A
496157,2794,1775,2489,2559,2334,0,0,0,0,0,0,0,0,A
496192,2794,1776,2481,2565,2319,0,0,0,0,0,0,0,0,A
496202,2788,1782,2478,2569,2341,0,0,0,0,0,0,0,0,A
496237,2794,1777,2483,2568,2337,0,0,0,0,0,0,0,0,A
496247,2793,1780,2479,2567,2330,0,0,0,0,0,0,0,0,A
496282,2785,1776,2470,2568,2331,0,0,0,0,0,0,0,0,A
496292,2796,1761,2482,2568,2326,0,0,0,0,0,0,0,0,A
496327,2792,1774,2484,2567,2339,0,0,0,0,0,0,0,0,A
496337,2792,1785,2471,2566,2329,0,0,0,0,0,0,0,0,A
496372,2788,1783,2488,2554,2335,0,0,0,0,0,0,0,0,A
496382,2789,1772,2470,2564,2327,0,0,0,0,0,0,0,0,A
496417,2792,1782,2466,2572,2333,0,0,0,0,0,0,0,0,A
496427,2790,1772,2480,2568,2323,0,0,0,0,0,0,0,0,A
496462,2798,1787,2485,2566,2328,0,0,0,0,0,0,0,0,A
496472,2789,1775,2478,2573,2331,0,0,0,0,0,0,0,0,A
496507,2786,1759,2474,2567,2336,0,0,0,0,0,0,0,0,A
496517,2792,1775,2482,2568,2327,0,0,0,0,0,0,0,0,A
496552,2790,1783,2474,2562,2335,0,0,0,0,0,0,0,0,A
496597,2800,1756,2474,2568,2334,0,0,0,0,0,0,0,0,A
496607,2787,1783,2472,2562,2311,0,0,0,0,0,0,0,0,A
496642,2798,1781,2469,2562,2329,0,0,0,0,0,0,0,0,A
496652,2781,1770,2474,2568,2312,0,0,0,0,0,0,0,0,A
496687,2800,1761,2472,2571,2324,0,0,0,0,0,0,0,0,A
496697,2788,1764,2475,2565,2336,0,0,0,0,0,0,0,0,A
496732,2788,1781,2473,2559,2319,0,0,0,0,0,0,0,0,A
496742,2796,1778,2479,2569,2324,0,0,0,0,0,0,0,0,A
496777,2792,1776,2480,2552,2326,0,0,0,0,0,0,0,0,A
496787,2788,1774,2481,2576,2336,0,0,0,0,0,0,0,0,A
496822,2784,1787,2473,2568,2329,0,0,0,0,0,0,0,0,A
496832,2785,1767,2476,2570,2327,0,0,0,0,0,0,0,0,A
496867,2793,1777,2470,2566,2331,0,0,0,0,0,0,0,0,A
496912,2798,1776,2475,2569,2308,0,0,0,0,0,0,0,0,A
496923,2792,1786,2482,2571,2333,0,0,0,0,0,0,0,0,A
496957,2788,1774,2480,2566,2345,0,0,0,0,0,0,0,0,A
496967,2792,1772,2490,2568,2330,0,0,0,0,0,0,0,0,A
497002,2790,1779,2483,2568,2332,0,0,0,0,0,0,0,0,A
497047,2791,1776,2471,2566,2335,0,0,0,0,0,0,0,0,A
497057,2782,1762,2485,2563,2293,0,0,0,0,0,0,0,0,A
497092,2796,1787,2475,2562,2334,0,0,0,0,0,0,0,0,A
497102,2800,1776,2481,2560,2342,0,0,0,0,0,0,0,0,A
497137,2783,1768,2480,2576,2335,0,0,0,0,0,0,0,0,A
497147,2795,1783,2460,2563,2331,0,0,0,0,0,0,0,0,A
497182,2789,1754,2474,2562,2324,0,0,0,0,0,0,0,0,A
497192,2789,1780,2461,2565,2328,0,0,0,0,0,0,0,0,A
497227,2789,1775,2468,2567,2341,0,0,0,0,0,0,0,0,A
497237,2787,1760,2477,2568,2326,0,0,0,0,0,0,0,0,A
497272,2791,1771,2478,2559,2344,0,0,0,0,0,0,0,0,A
497282,2788,1772,2472,2562,2326,0,0,0,0,0,0,0,0,A
497317,2792,1777,2476,2568,2325,0,0,0,0,0,0,0,0,A
497327,2790,1781,2469,2568,2324,0,0,0,0,0,0,0,0,A
497362,2779,1781,2463,2553,2335,0,0,0,0,0,0,0,0,A
497372,2789,1772,2475,2562,2332,0,0,0,0,0,0,0,0,A
497407,2794,1770,2480,2575,2307,0,0,0,0,0,0,0,0,A
497417,2792,1775,2477,2561,2324,0,0,0,0,0,0,0,0,A
497452,2790,1771,2463,2572,2336,0,0,0,0,0,0,0,0,A
497462,2783,1791,2459,2567,2320,0,0,0,0,0,0,0,0,A
497497,2796,1773,2483,2568,2315,0,0,0,0,0,0,0,0,A
497507,2792,1767,2489,2561,2324,0,0,0,0,0,0,0,0,A
497542,2795,1784,2481,2572,2328,0,0,0,0,0,0,0,0,A
497552,2797,1781,2478,2565,2325,0,0,0,0,0,0,0,0,A
497587,2790,1778,2482,2567,2331,0,0,0,0,0,0,0,0,A
497597,2797,1774,2467,2561,2326,0,0,0,0,0,0,0,0,A
497632,2792,1779,2469,2559,2328,0,0,0,0,0,0,0,0,A
497642,2795,1762,2472,2559,2328,0,0,0,0,0,0,0,0,A
497677,2792,1766,2478,2572,2334,0,0,0,0,0,0,0,0,A
497687,2791,1768,2469,2563,2336,0,0,0,0,0,0,0,0,A
497722,2791,1766,2481,2562,2344,0,0,0,0,0,0,0,0,A
497732,2801,1782,2476,2564,2311,0,0,0,0,0,0,0,0,A
497767,2787,1774,2472,2568,2319,0,0,0,0,0,0,0,0,A
497777,2788,1778,2462,2564,2325,0,0,0,0,0,0,0,0,A
497812,2792,1792,2472,2566,2326,0,0,0,0,0,0,0,0,A
497822,2775,1777,2476,2562,2325,0,0,0,0,0,0,0,0,A
497857,2782,1778,2484,2560,2324,0,0,0,0,0,0,0,0,A
497867,2791,1772,2475,2576,2336,0,0,0,0,0,0,0,0,A
497902,2789,1787,2469,2568,2316,0,0,0,0,0,0,0,0,A
497912,2782,1776,2480,2566,2321,0,0,0,0,0,0,0,0,A
497947,2794,1782,2462,2567,2324,0,0,0,0,0,0,0,0,A
497957,2787,1766,2484,2561,2327,0,0,0,0,0,0,0,0,A
497992,2794,1781,2478,2561,2334,0,0,0,0,0,0,0,0,A
498002,2787,1779,2483,2570,2333,0,0,0,0,0,0,0,0,A
498037,2800,1783,2481,2553,2327,0,0,0,0,0,0,0,0,A
498047,2797,1757,2479,2562,2342,0,0,0,0,0,0,0,0,A
498082,2795,1770,2475,2565,2331,0,0,0,0,0,0,0,0,A
498092,2783,1766,2479,2565,2321,0,0,0,0,0,0,0,0,A
498127,2794,1775,2471,2562,2330,0,0,0,0,0,0,0,0,A
498137,2799,1779,2460,2576,2337,0,0,0,0,0,0,0,0,A
498172,2785,1786,2469,2563,2333,0,0,0,0,0,0,0,0,A
498182,2775,1775,2483,2547,2344,0,0,0,0,0,0,0,0,A
498217,2786,1776,2483,2568,2338,0,0,0,0,0,0,0,0,A
498227,2792,1754,2478,2559,2335,0,0,0,0,0,0,0,0,A
498262,2796,1776,2479,2574,2336,0,0,0,0,0,0,0,0,A
498272,2788,1782,2471,2569,2329,0,0,0,0,0,0,0,0,A
498307,2789,1790,2479,2575,2344,0,0,0,0,0,0,0,0,A
498317,2793,1780,2479,2568,2337,0,0,0,0,0,0,0,0,A
498352,2790,1775,2481,2561,2336,0,0,0,0,0,0,0,0,A
498362,2786,1780,2475,2563,2328,0,0,0,0,0,0,0,0,A
498397,2791,1777,2474,2567,2311,0,0,0,0,0,0,0,0,A
498407,2788,1772,2474,2568,2326,0,0,0,0,0,0,0,0,A
498442,2788,1767,2472,2570,2335,0,0,0,0,0,0,0,0,A
498452,2786,1783,2480,2573,2344,0,0,0,0,0,0,0,0,A
498487,2784,1772,2480,2565,2331,0,0,0,0,0,0,0,0,A
498497,2792,1781,2480,2569,2335,0,0,0,0,0,0,0,0,A
498532,2797,1755,2471,2565,2323,0,0,0,0,0,0,0,0,A
499837,2791,1789,2472,2572,2319,0,0,0,0,0,0,0,0,A
499847,2793,1795,2477,2560,2323,0,0,0,0,0,0,0,0,A
499882,2794,1775,2476,2569,2334,0,0,0,0,0,0,0,0,A
499892,2784,1778,2490,2571,2327,0,0,0,0,0,0,0,0,A
499927,2792,1772,2474,2575,2334,0,0,0,0,0,0,0,0,A
499937,2805,1771,2479,2566,2333,0,0,0,0,0,0,0,0,A
499972,2795,1790,2480,2566,2326,0,0,0,0,0,0,0,0,A
499982,2789,1769,2484,2567,2340,0,0,0,0,0,0,0,0,A
500017,2785,1760,2471,2560,2323,0,0,0,0,0,0,0,0,A
500027,2792,1785,2468,2565,2344,0,0,0,0,0,0,0,0,A
500062,2786,1772,2471,2564,2334,0,0,0,0,0,0,0,0,A
500072,2789,1794,2471,2560,2328,0,0,0,0,0,0,0,0,A
500107,2785,1769,2474,2565,2331,0,0,0,0,0,0,0,0,A
500117,2788,1770,2480,2559,2325,0,0,0,0,0,0,0,0,A
500152,2788,1781,2476,2566,2337,0,0,0,0,0,0,0,0,A
500162,2802,1793,2478,2567,2304,0,0,0,0,0,0,0,0,A
500197,2793,1779,2478,2565,2350,0,0,0,0,0,0,0,0,A
500207,2788,1775,2475,2561,2333,0,0,0,0,0,0,0,0,A
500242,2787,1775,2475,2561,2335,0,0,0,0,0,0,0,0,A
500252,2802,1776,2474,2577,2331,0,0,0,0,0,0,0,0,A
500287,2792,1779,2477,2567,2325,0,0,0,0,0,0,0,0,A
500297,2804,1790,2466,2560,2337,0,0,0,0,0,0,0,0,A
500332,2783,1784,2480,2572,2331,0,0,0,0,0,0,0,0,A
500342,2796,1771,2475,2571,2329,0,0,0,0,0,0,0,0,A
500377,2784,1775,2463,2569,2311,0,0,0,0,0,0,0,0,A
500387,2790,1783,2485,2566,2339,0,0,0,0,0,0,0,0,A
500422,2797,1781,2484,2575,2346,0,0,0,0,0,0,0,0,A
500432,2792,1763,2478,2556,2336,0,0,0,0,0,0,0,0,A
500467,2781,1768,2461,2563,2314,0,0,0,0,0,0,0,0,A
500477,2792,1783,2480,2547,2331,0,0,0,0,0,0,0,0,A
500512,2797,1789,2470,2573,2335,0,0,0,0,0,0,0,0,A
500522,2792,1773,2475,2571,2307,0,0,0,0,0,0,0,0,A
500557,2791,1776,2487,2565,2325,0,0,0,0,0,0,0,0,A
500567,2787,1757,2482,2572,2319,0,0,0,0,0,0,0,0,A
500602,2795,1781,2479,2569,2335,0,0,0,0,0,0,0,0,A
500612,2783,1771,2479,2558,2332,0,0,0,0,0,0,0,0,A
500647,2793,1783,2474,2556,2340,0,0,0,0,0,0,0,0,A
500657,2799,1784,2488,2568,2332,0,0,0,0,0,0,0,0,A
500692,2800,1781,2483,2573,2335,0,0,0,0,0,0,0,0,A
500702,2796,1782,2483,2567,2334,0,0,0,0,0,0,0,0,A
500737,2792,1798,2480,2566,2331,0,0,0,0,0,0,0,0,A
500747,2791,1783,2463,2570,2317,0,0,0,0,0,0,0,0,A
500782,2789,1798,2467,2563,2328,0,0,0,0,0,0,0,0,A
500792,2799,1786,2480,2566,2323,0,0,0,0,0,0,0,0,A
500827,2785,1773,2477,2566,2334,0,0,0,0,0,0,0,0,A
500837,2800,1793,2470,2566,2336,0,0,0,0,0,0,0,0,A
500872,2795,1781,2478,2571,2340,0,0,0,0,0,0,0,0,A
500882,2791,1764,2477,2565,2325,0,0,0,0,0,0,0,0,A
500917,2789,1770,2471,2564,2333,0,0,0,0,0,0,0,0,A
500927,2792,1787,2480,2567,2313,0,0,0,0,0,0,0,0,A
500962,2782,1775,2485,2563,2336,0,0,0,0,0,0,0,0,A
500972,2787,1788,2474,2565,2316,0,0,0,0,0,0,0,0,A
501007,2787,1786,2481,2568,2331,0,0,0,0,0,0,0,0,A
501017,2777,1777,2470,2570,2325,0,0,0,0,0,0,0,0,A
501052,2794,1780,2484,2566,2340,0,0,0,0,0,0,0,0,A
501062,2783,1771,2479,2575,2318,0,0,0,0,0,0,0,0,A
501097,2792,1775,2488,2573,2343,0,0,0,0,0,0,0,0,A
501107,2789,1777,2479,2574,2337,0,0,0,0,0,0,0,0,A
501142,2787,1792,2479,2575,2338,0,0,0,0,0,0,0,0,A
501152,2793,1782,2485,2565,2336,0,0,0,0,0,0,0,0,A
501187,2781,1767,2461,2569,2331,0,0,0,0,0,0,0,0,A
501197,2790,1786,2472,2563,2331,0,0,0,0,0,0,0,0,A
501232,2785,1778,2468,2563,2340,0,0,0,0,0,0,0,0,A
501242,2788,1780,2480,2566,2332,0,0,0,0,0,0,0,0,A
501277,2792,1800,2484,2571,2337,0,0,0,0,0,0,0,0,A
501287,2785,1778,2476,2562,2311,0,0,0,0,0,0,0,0,A
501322,2792,1772,2476,2559,2324,0,0,0,0,0,0,0,0,A
501332,2790,1787,2474,2563,2333,0,0,0,0,0,0,0,0,A
501367,2780,1785,2483,2564,2329,0,0,0,0,0,0,0,0,A
501377,2794,1781,2475,2574,2327,0,0,0,0,0,0,0,0,A
501412,2784,1775,2465,2569,2322,0,0,0,0,0,0,0,0,A
501422,2787,1787,2468,2569,2336,0,0,0,0,0,0,0,0,A
501457,2788,1784,2483,2575,2335,0,0,0,0,0,0,0,0,A
501467,2794,1767,2493,2565,2311,0,0,0,0,0,0,0,0,A
501502,2784,1777,2473,2572,2314,0,0,0,0,0,0,0,0,A
501512,2791,1785,2488,2575,2340,0,0,0,0,0,0,0,0,A
501547,2792,1792,2465,2567,2332,0,0,0,0,0,0,0,0,A
501557,2795,1785,2488,2561,2347,0,0,0,0,0,0,0,0,A
501592,2783,1775,2485,2566,2332,0,0,0,0,0,0,0,0,A
501602,2794,1789,2486,2565,2318,0,0,0,0,0,0,0,0,A
501637,2793,1783,2480,2566,2329,0,0,0,0,0,0,0,0,A
501647,2789,1773,2476,2567,2344,0,0,0,0,0,0,0,0,A
501682,2784,1785,2473,2562,2334,0,0,0,0,0,0,0,0,A
501692,2792,1753,2479,2568,2328,0,0,0,0,0,0,0,0,A
501727,2791,1766,2477,2565,2337,0,0,0,0,0,0,0,0,A
501737,2796,1774,2493,2568,2327,0,0,0,0,0,0,0,0,A
501772,2793,1759,2489,2568,2335,0,0,0,0,0,0,0,0,A
501782,2792,1787,2484,2578,2333,0,0,0,0,0,0,0,0,A
501817,2787,1775,2476,2563,2337,0,0,0,0,0,0,0,0,A
501827,2792,1773,2477,2564,2341,0,0,0,0,0,0,0,0,A
501862,2800,1774,2478,2559,2338,0,0,0,0,0,0,0,0,A
501872,2794,1778,2480,2554,2320,0,0,0,0,0,0,0,0,A
501907,2797,1775,2496,2570,2333,0,0,0,0,0,0,0,0,A
501917,2787,1767,2478,2572,2345,0,0,0,0,0,0,0,0,A
501952,2794,1780,2482,2570,2333,0,0,0,0,0,0,0,0,A
501962,2793,1768,2482,2585,2341,0,0,0,0,0,0,0,0,A
501997,2787,1774,2468,2576,2326,0,0,0,0,0,0,0,0,A
502007,2784,1778,2476,2559,2331,0,0,0,0,0,0,0,0,A
502042,2790,1771,2483,2567,2324,0,0,0,0,0,0,0,0,A
502052,2792,1785,2480,2569,2341,0,0,0,0,0,0,0,0,A
502087,2794,1779,2468,2563,2330,0,0,0,0,0,0,0,0,A
502097,2789,1769,2481,2563,2338,0,0,0,0,0,0,0,0,A
502132,2790,1775,2470,2574,2327,0,0,0,0,0,0,0,0,A
502142,2787,1788,2486,2567,2336,0,0,0,0,0,0,0,0,A
502177,2791,1757,2488,2560,2327,0,0,0,0,0,0,0,0,A
502187,2785,1787,2478,2565,2334,0,0,0,0,0,0,0,0,A
502222,2795,1779,2480,2568,2349,0,0,0,0,0,0,0,0,A
502232,2783,1779,2492,2563,2338,0,0,0,0,0,0,0,0,A
502267,2793,1775,2481,2568,2329,0,0,0,0,0,0,0,0,A
502277,2783,1778,2487,2575,2325,0,0,0,0,0,0,0,0,A
502312,2781,1782,2481,2564,2331,0,0,0,0,0,0,0,0,A
502322,2799,1757,2480,2568,2338,0,0,0,0,0,0,0,0,A
502357,2786,1785,2483,2572,2334,0,0,0,0,0,0,0,0,A
502367,2788,1791,2480,2568,2337,0,0,0,0,0,0,0,0,A
502402,2777,1778,2479,2565,2349,0,0,0,0,0,0,0,0,A
502412,2792,1784,2468,2576,2339,0,0,0,0,0,0,0,0,A
502447,2792,1774,2475,2568,2319,0,0,0,0,0,0,0,0,A
502457,2792,1796,2473,2561,2337,0,0,0,0,0,0,0,0,A
502492,2795,1773,2478,2564,2339,0,0,0,0,0,0,0,0,A
502502,2800,1783,2488,2573,2332,0,0,0,0,0,0,0,0,A
502537,2797,1784,2488,2567,2327,0,0,0,0,0,0,0,0,A
502547,2792,1785,2479,2567,2333,0,0,0,0,0,0,0,0,A
502582,2791,1787,2477,2567,2340,0,0,0,0,0,0,0,0,A
502592,2787,1775,2481,2568,2325,0,0,0,0,0,0,0,0,A
502627,2791,1761,2482,2564,2319,0,0,0,0,0,0,0,0,A
502637,2787,1781,2492,2561,2336,0,0,0,0,0,0,0,0,A
502672,2788,1783,2488,2574,2328,0,0,0,0,0,0,0,0,A
502682,2793,1783,2475,2560,2332,0,0,0,0,0,0,0,0,A
502717,2789,1773,2476,2569,2332,0,0,0,0,0,0,0,0,A
502727,2790,1778,2479,2566,2331,0,0,0,0,0,0,0,0,A
502762,2793,1778,2478,2577,2321,0,0,0,0,0,0,0,0,A
502807,2793,1781,2475,2566,2332,0,0,0,0,0,0,0,0,A
502817,2789,1784,2475,2566,2340,0,0,0,0,0,0,0,0,A
502852,2785,1783,2479,2562,2330,0,0,0,0,0,0,0,0,A
502862,2784,1785,2478,2573,2333,0,0,0,0,0,0,0,0,A
502897,2779,1773,2482,2570,2330,0,0,0,0,0,0,0,0,A
502907,2779,1788,2480,2563,2331,0,0,0,0,0,0,0,0,A
502942,2787,1776,2474,2572,2332,0,0,0,0,0,0,0,0,A
502952,2781,1782,2481,2571,2315,0,0,0,0,0,0,0,0,A
502987,2793,1787,2470,2571,2336,0,0,0,0,0,0,0,0,A
502997,2790,1770,2486,2564,2324,0,0,0,0,0,0,0,0,A
503032,2791,1783,2484,2571,2326,0,0,0,0,0,0,0,0,A
503042,2798,1785,2479,2567,2329,0,0,0,0,0,0,0,0,A
503077,2794,1774,2470,2584,2326,0,0,0,0,0,0,0,0,A
503087,2794,1781,2481,2575,2318,0,0,0,0,0,0,0,0,A
503122,2788,1787,2473,2554,2326,0,0,0,0,0,0,0,0,A
503132,2790,1784,2471,2561,2340,0,0,0,0,0,0,0,0,A
503167,2788,1797,2478,2567,2325,0,0,0,0,0,0,0,0,A
503177,2795,1792,2475,2571,2346,0,0,0,0,0,0,0,0,A
503212,2798,1775,2480,2561,2325,0,0,0,0,0,0,0,0,A
503222,2795,1783,2449,2576,2312,0,0,0,0,0,0,0,0,A
503257,2791,1784,2477,2572,2336,0,0,0,0,0,0,0,0,A
503267,2798,1764,2478,2573,2340,0,0,0,0,0,0,0,0,A
503302,2788,1767,2472,2564,2323,0,0,0,0,0,0,0,0,A
503312,2784,1782,2490,2572,2335,0,0,0,0,0,0,0,0,A
503347,2792,1780,2479,2573,2325,0,0,0,0,0,0,0,0,A
503357,2781,1784,2473,2569,2362,0,0,0,0,0,0,0,0,A
503392,2788,1779,2489,2567,2338,0,0,0,0,0,0,0,0,A
503402,2787,1779,2486,2569,2342,0,0,0,0,0,0,0,0,A
503437,2789,1786,2478,2580,2335,0,0,0,0,0,0,0,0,A
503447,2796,1778,2473,2566,2312,0,0,0,0,0,0,0,0,A
503482,2787,1772,2490,2565,2333,0,0,0,0,0,0,0,0,A
503492,2793,1792,2483,2562,2334,0,0,0,0,0,0,0,0,A
503527,2795,1783,2465,2581,2328,0,0,0,0,0,0,0,0,A
503537,2792,1788,2481,2573,2335,0,0,0,0,0,0,0,0,A
503572,2787,1789,2469,2559,2352,0,0,0,0,0,0,0,0,A
503582,2796,1765,2468,2563,2335,0,0,0,0,0,0,0,0,A
503617,2788,1785,2484,2559,2331,0,0,0,0,0,0,0,0,A
503627,2789,1793,2475,2559,2337,0,0,0,0,0,0,0,0,A
503662,2794,1781,2482,2562,2313,0,0,0,0,0,0,0,0,A
503672,2797,1783,2482,2569,2341,0,0,0,0,0,0,0,0,A
503707,2791,1776,2474,2573,2333,0,0,0,0,0,0,0,0,A
503717,2788,1779,2477,2567,2331,0,0,0,0,0,0,0,0,A
503752,2779,1767,2469,2562,2335,0,0,0,0,0,0,0,0,A
503762,2791,1769,2472,2569,2335,0,0,0,0,0,0,0,0,A
503797,2783,1775,2463,2570,2325,0,0,0,0,0,0,0,0,A
503807,2792,1782,2489,2568,2323,0,0,0,0,0,0,0,0,A
503842,2800,1783,2485,2576,2337,0,0,0,0,0,0,0,0,A
503852,2788,1776,2475,2567,2305,0,0,0,0,0,0,0,0,A
503887,2790,1784,2479,2571,2337,0,0,0,0,0,0,0,0,A
503897,2785,1780,2468,2569,2327,0,0,0,0,0,0,0,0,A
503932,2775,1798,2481,2565,2305,0,0,0,0,0,0,0,0,A
503942,2794,1775,2473,2569,2336,0,0,0,0,0,0,0,0,A
503977,2792,1773,2485,2576,2324,0,0,0,0,0,0,0,0,A
503987,2793,1781,2488,2571,2344,0,0,0,0,0,0,0,0,A
504022,2792,1761,2469,2568,2338,0,0,0,0,0,0,0,0,A
504032,2788,1792,2479,2571,2350,0,0,0,0,0,0,0,0,A
504067,2785,1779,2484,2569,2341,0,0,0,0,0,0,0,0,A
504077,2790,1781,2483,2565,2323,0,0,0,0,0,0,0,0,A
504112,2781,1786,2475,2563,2328,0,0,0,0,0,0,0,0,A
504122,2789,1783,2476,2563,2326,0,0,0,0,0,0,0,0,A
504157,2791,1776,2480,2563,2333,0,0,0,0,0,0,0,0,A
504167,2792,1779,2471,2569,2327,0,0,0,0,0,0,0,0,A
504202,2789,1782,2482,2568,2318,0,0,0,0,0,0,0,0,A
504212,2795,1789,2483,2572,2333,0,0,0,0,0,0,0,0,A
504247,2792,1771,2487,2561,2332,0,0,0,0,0,0,0,0,A
504257,2794,1781,2475,2572,2336,0,0,0,0,0,0,0,0,A
504292,2806,1783,2492,2571,2339,0,0,0,0,0,0,0,0,A
504302,2795,1784,2475,2569,2330,0,0,0,0,0,0,0,0,A
504337,2795,1770,2476,2567,2333,0,0,0,0,0,0,0,0,A
504347,2785,1781,2482,2559,2325,0,0,0,0,0,0,0,0,A
504382,2786,1772,2472,2567,2349,0,0,0,0,0,0,0,0,A
504392,2794,1786,2486,2577,2341,0,0,0,0,0,0,0,0,A
504427,2791,1777,2479,2567,2338,0,0,0,0,0,0,0,0,A
504437,2792,1811,2477,2571,2331,0,0,0,0,0,0,0,0,A
504472,2798,1786,2477,2561,2334,0,0,0,0,0,0,0,0,A
504482,2798,1780,2481,2559,2326,0,0,0,0,0,0,0,0,A
504517,2788,1784,2483,2564,2335,0,0,0,0,0,0,0,0,A
504527,2789,1787,2479,2569,2331,0,0,0,0,0,0,0,0,A
504562,2792,1779,2480,2558,2331,0,0,0,0,0,0,0,0,A
504572,2792,1765,2491,2576,2333,0,0,0,0,0,0,0,0,A
504607,2784,1774,2482,2567,2333,0,0,0,0,0,0,0,0,A
504617,2791,1778,2471,2577,2329,0,0,0,0,0,0,0,0,A
504652,2788,1778,2484,2562,2314,0,0,0,0,0,0,0,0,A
504662,2787,1782,2480,2566,2322,0,0,0,0,0,0,0,0,A
504697,2791,1777,2470,2573,2327,0,0,0,0,0,0,0,0,A
504707,2792,1763,2482,2575,2337,0,0,0,0,0,0,0,0,A
504742,2789,1786,2487,2564,2320,0,0,0,0,0,0,0,0,A
504752,2793,1780,2481,2568,2337,0,0,0,0,0,0,0,0,A
504787,2787,1783,2489,2574,2321,0,0,0,0,0,0,0,0,A
504797,2793,1778,2464,2563,2313,0,0,0,0,0,0,0,0,A
504832,2783,1779,2477,2562,2319,0,0,0,0,0,0,0,0,A
504842,2788,1780,2474,2572,2340,0,0,0,0,0,0,0,0,A
504877,2785,1776,2483,2565,2354,0,0,0,0,0,0,0,0,A
504887,2788,1786,2486,2568,2349,0,0,0,0,0,0,0,0,A
504922,2792,1783,2488,2566,2326,0,0,0,0,0,0,0,0,A
504932,2785,1782,2475,2580,2336,0,0,0,0,0,0,0,0,A
504967,2793,1801,2480,2581,2362,0,0,0,0,0,0,0,0,A
504977,2792,1780,2480,2568,2335,0,0,0,0,0,0,0,0,A
505012,2787,1775,2484,2569,2315,0,0,0,0,0,0,0,0,A
505022,2784,1788,2479,2575,2336,0,0,0,0,0,0,0,0,A
505057,2784,1774,2472,2577,2309,0,0,0,0,0,0,0,0,A
505067,2794,1790,2482,2574,2339,0,0,0,0,0,0,0,0,A
505102,2786,1783,2485,2567,2331,0,0,0,0,0,0,0,0,A
505112,2788,1783,2483,2574,2335,0,0,0,0,0,0,0,0,A
505147,2794,1770,2483,2568,2337,0,0,0,0,0,0,0,0,A
505157,2792,1790,2488,2576,2336,0,0,0,0,0,0,0,0,A
505192,2788,1781,2480,2569,2336,0,0,0,0,0,0,0,0,A
505202,2790,1784,2484,2565,2336,0,0,0,0,0,0,0,0,A
505237,2799,1788,2477,2579,2316,0,0,0,0,0,0,0,0,A
505247,2786,1788,2485,2570,2333,0,0,0,0,0,0,0,0,A
505282,2792,1770,2482,2580,2327,0,0,0,0,0,0,0,0,A
505292,2787,1783,2471,2575,2339,0,0,0,0,0,0,0,0,A
505327,2791,1775,2480,2569,2326,0,0,0,0,0,0,0,0,A
505337,2791,1770,2487,2576,2326,0,0,0,0,0,0,0,0,A
505372,2797,1789,2489,2575,2349,0,0,0,0,0,0,0,0,A
505382,2781,1797,2483,2570,2344,0,0,0,0,0,0,0,0,A
505417,2785,1774,2487,2573,2328,0,0,0,0,0,0,0,0,A
505427,2800,1781,2482,2563,2338,0,0,0,0,0,0,0,0,A
505462,2789,1781,2480,2570,2334,0,0,0,0,0,0,0,0,A
505472,2791,1772,2477,2567,2333,0,0,0,0,0,0,0,0,A
505507,2790,1794,2486,2574,2338,0,0,0,0,0,0,0,0,A
505552,2788,1792,2477,2565,2332,0,0,0,0,0,0,0,0,A
505562,2784,1781,2496,2579,2325,0,0,0,0,0,0,0,0,A
505597,2789,1782,2466,2567,2340,0,0,0,0,0,0,0,0,A
505607,2786,1791,2481,2565,2325,0,0,0,0,0,0,0,0,A
505642,2786,1775,2479,2565,2324,0,0,0,0,0,0,0,0,A
505652,2792,1788,2484,2564,2339,0,0,0,0,0,0,0,0,A
505687,2794,1785,2480,2567,2327,0,0,0,0,0,0,0,0,A
505697,2786,1782,2479,2567,2337,0,0,0,0,0,0,0,0,A
505732,2794,1782,2488,2557,2341,0,0,0,0,0,0,0,0,A
505742,2788,1770,2491,2568,2335,0,0,0,0,0,0,0,0,A
505777,2787,1782,2482,2569,2320,0,0,0,0,0,0,0,0,A
505787,2792,1781,2469,2560,2331,0,0,0,0,0,0,0,0,A
505822,2790,1786,2482,2580,2321,0,0,0,0,0,0,0,0,A
505867,2779,1800,2473,2569,2330,0,0,0,0,0,0,0,0,A
505877,2799,1780,2476,2572,2335,0,0,0,0,0,0,0,0,A
505912,2786,1786,2491,2579,2336,0,0,0,0,0,0,0,0,A
505922,2784,1800,2495,2572,2338,0,0,0,0,0,0,0,0,A
505957,2795,1780,2477,2565,2336,0,0,0,0,0,0,0,0,A
505967,2800,1783,2476,2580,2340,0,0,0,0,0,0,0,0,A
506002,2788,1783,2483,2570,2339,0,0,0,0,0,0,0,0,A
506012,2792,1784,2472,2563,2348,0,0,0,0,0,0,0,0,A
506047,2800,1770,2488,2571,2329,0,0,0,0,0,0,0,0,A
506057,2794,1785,2491,2565,2330,0,0,0,0,0,0,0,0,A
506092,2787,1774,2488,2576,2337,0,0,0,0,0,0,0,0,A
506102,2793,1786,2466,2568,2325,0,0,0,0,0,0,0,0,A
506137,2791,1792,2487,2570,2337,0,0,0,0,0,0,0,0,A
506147,2790,1777,2477,2563,2330,0,0,0,0,0,0,0,0,A
506182,2787,1784,2481,2573,2321,0,0,0,0,0,0,0,0,A
506192,2793,1786,2478,2575,2351,0,0,0,0,0,0,0,0,A
506227,2798,1771,2477,2572,2311,0,0,0,0,0,0,0,0,A
506237,2796,1785,2477,2572,2344,0,0,0,0,0,0,0,0,A
506272,2780,1786,2488,2573,2329,0,0,0,0,0,0,0,0,A
506282,2777,1784,2478,2569,2327,0,0,0,0,0,0,0,0,A
506317,2783,1775,2483,2569,2338,0,0,0,0,0,0,0,0,A
506327,2788,1791,2484,2571,2331,0,0,0,0,0,0,0,0,A
506362,2799,1790,2479,2564,2343,0,0,0,0,0,0,0,0,A
506372,2783,1791,2487,2568,2332,0,0,0,0,0,0,0,0,A
506407,2790,1786,2488,2572,2337,0,0,0,0,0,0,0,0,A
506417,2791,1762,2479,2569,2344,0,0,0,0,0,0,0,0,A
506452,2792,1785,2480,2576,2315,0,0,0,0,0,0,0,0,A
506462,2800,1796,2473,2576,2336,0,0,0,0,0,0,0,0,A
506497,2786,1777,2479,2570,2337,0,0,0,0,0,0,0,0,A
506507,2792,1794,2473,2576,2314,0,0,0,0,0,0,0,0,A
506542,2793,1781,2483,2565,2326,0,0,0,0,0,0,0,0,A
506552,2787,1767,2484,2575,2340,0,0,0,0,0,0,0,0,A
506587,2790,1792,2490,2561,2343,0,0,0,0,0,0,0,0,A
506597,2799,1792,2482,2575,2345,0,0,0,0,0,0,0,0,A
506632,2792,1781,2482,2572,2332,0,0,0,0,0,0,0,0,A
558201,2568,2732,2967,2970,2802,0,0,0,0,0,0,0,0,B
558211,2569,2729,2979,2968,2813,0,0,0,0,0,0,0,0,B
558246,2562,2729,2967,2959,2800,0,0,0,0,0,0,0,0,B
558256,2564,2728,2967,2969,2805,0,0,0,0,0,0,0,0,B
558291,2568,2736,2970,2976,2809,0,0,0,0,0,0,0,0,B
558301,2566,2726,2980,2967,2800,0,0,0,0,0,0,0,0,B
558336,2557,2737,2981,2974,2807,0,0,0,0,0,0,0,0,B
558346,2567,2744,2975,2967,2802,0,0,0,0,0,0,0,0,B
558381,2563,2727,2983,2974,2801,0,0,0,0,0,0,0,0,B
558391,2572,2723,2981,2977,2799,0,0,0,0,0,0,0,0,B
558426,2568,2727,2970,2965,2798,0,0,0,0,0,0,0,0,B
558436,2574,2731,2975,2971,2800,0,0,0,0,0,0,0,0,B
558471,2566,2726,2976,2963,2803,0,0,0,0,0,0,0,0,B
558481,2575,2734,2963,2973,2812,0,0,0,0,0,0,0,0,B
558516,2564,2728,2976,2967,2807,0,0,0,0,0,0,0,0,B
558526,2571,2732,2977,2962,2801,0,0,0,0,0,0,0,0,B
558561,2570,2725,2972,2974,2805,0,0,0,0,0,0,0,0,B
558571,2568,2718,2976,2967,2811,0,0,0,0,0,0,0,0,B
558606,2564,2732,2979,2969,2798,0,0,0,0,0,0,0,0,B
558616,2568,2719,2982,2970,2793,0,0,0,0,0,0,0,0,B
558651,2568,2732,2975,2968,2804,0,0,0,0,0,0,0,0,B
558697,2561,2733,2977,2971,2811,0,0,0,0,0,0,0,0,B
558741,2557,2721,2969,2968,2789,0,0,0,0,0,0,0,0,B
558751,2561,2726,2973,2975,2797,0,0,0,0,0,0,0,0,B
558786,2567,2729,2973,2971,2809,0,0,0,0,0,0,0,0,B
558796,2571,2732,2978,2961,2811,0,0,0,0,0,0,0,0,B
558831,2572,2715,2973,2967,2796,0,0,0,0,0,0,0,0,B
558876,2565,2725,2972,2963,2808,0,0,0,0,0,0,0,0,B
558887,2574,2730,2985,2975,2806,0,0,0,0,0,0,0,0,B
558921,2569,2720,2972,2966,2786,0,0,0,0,0,0,0,0,B
558931,2557,2723,2976,2974,2785,0,0,0,0,0,0,0,0,B
558966,2572,2728,2981,2975,2798,0,0,0,0,0,0,0,0,B
558976,2567,2724,2979,2973,2792,0,0,0,0,0,0,0,0,B
559011,2560,2722,2976,2963,2807,0,0,0,0,0,0,0,0,B
559021,2579,2730,2977,2975,2794,0,0,0,0,0,0,0,0,B
559056,2575,2733,2977,2971,2805,0,0,0,0,0,0,0,0,B
559066,2575,2735,2975,2967,2790,0,0,0,0,0,0,0,0,B
559101,2573,2727,2980,2974,2808,0,0,0,0,0,0,0,0,B
559111,2563,2728,2979,2972,2802,0,0,0,0,0,0,0,0,B
559146,2567,2723,2980,2976,2803,0,0,0,0,0,0,0,0,B
559156,2567,2726,2977,2971,2805,0,0,0,0,0,0,0,0,B
559191,2578,2720,2967,2967,2818,0,0,0,0,0,0,0,0,B
559201,2569,2732,2971,2980,2809,0,0,0,0,0,0,0,0,B
559236,2562,2729,2975,2981,2804,0,0,0,0,0,0,0,0,B
559246,2576,2729,2982,2982,2823,0,0,0,0,0,0,0,0,B
559281,2561,2728,2982,2976,2799,0,0,0,0,0,0,0,0,B
559291,2572,2719,2983,2980,2807,0,0,0,0,0,0,0,0,B
559326,2559,2731,2980,2976,2792,0,0,0,0,0,0,0,0,B
559336,2575,2730,2980,2967,2801,0,0,0,0,0,0,0,0,B
559371,2550,2722,2971,2967,2816,0,0,0,0,0,0,0,0,B
559381,2570,2735,2979,2970,2810,0,0,0,0,0,0,0,0,B
559416,2571,2727,2980,2966,2807,0,0,0,0,0,0,0,0,B
559426,2561,2723,2971,2976,2805,0,0,0,0,0,0,0,0,B
559461,2567,2729,2980,2976,2805,0,0,0,0,0,0,0,0,B
559471,2577,2735,2976,2962,2803,0,0,0,0,0,0,0,0,B
559506,2565,2729,2979,2966,2805,0,0,0,0,0,0,0,0,B
559516,2566,2725,2978,2972,2797,0,0,0,0,0,0,0,0,B
559551,2562,2723,2961,2971,2799,0,0,0,0,0,0,0,0,B
559561,2567,2731,2976,2971,2812,0,0,0,0,0,0,0,0,B
559596,2566,2729,2979,2976,2809,0,0,0,0,0,0,0,0,B
559606,2571,2724,2981,2973,2813,0,0,0,0,0,0,0,0,B
559641,2568,2730,2975,2963,2799,0,0,0,0,0,0,0,0,B
559651,2569,2731,2976,2973,2797,0,0,0,0,0,0,0,0,B
559686,2570,2729,2976,2973,2802,0,0,0,0,0,0,0,0,B
559696,2572,2721,2973,2970,2801,0,0,0,0,0,0,0,0,B
559731,2568,2724,2976,2958,2791,0,0,0,0,0,0,0,0,B
559741,2560,2727,2975,2971,2799,0,0,0,0,0,0,0,0,B
559776,2555,2729,2976,2976,2799,0,0,0,0,0,0,0,0,B
559786,2578,2721,2975,2966,2815,0,0,0,0,0,0,0,0,B
559821,2562,2721,2980,2971,2793,0,0,0,0,0,0,0,0,B
559831,2567,2723,2975,2978,2797,0,0,0,0,0,0,0,0,B
559866,2581,2725,2984,2967,2818,0,0,0,0,0,0,0,0,B
559876,2560,2728,2974,2968,2809,0,0,0,0,0,0,0,0,B
559911,2566,2717,2972,2972,2806,0,0,0,0,0,0,0,0,B
559921,2576,2727,2977,2969,2798,0,0,0,0,0,0,0,0,B
559956,2560,2715,2974,2969,2800,0,0,0,0,0,0,0,0,B
559966,2572,2724,2979,2961,2799,0,0,0,0,0,0,0,0,B
560001,2563,2712,2970,2969,2799,0,0,0,0,0,0,0,0,B
560011,2569,2713,2974,2970,2798,0,0,0,0,0,0,0,0,B
560046,2571,2720,2967,2971,2808,0,0,0,0,0,0,0,0,B
560056,2566,2716,2973,2966,2811,0,0,0,0,0,0,0,0,B
560091,2565,2703,2977,2970,2788,0,0,0,0,0,0,0,0,B
560101,2567,2719,2972,2965,2805,0,0,0,0,0,0,0,0,B
560136,2562,2719,2976,2963,2795,0,0,0,0,0,0,0,0,B
560146,2561,2718,2971,2970,2810,0,0,0,0,0,0,0,0,B
560181,2567,2718,2988,2967,2803,0,0,0,0,0,0,0,0,B
560226,2576,2716,2981,2971,2810,0,0,0,0,0,0,0,0,B
560237,2568,2728,2975,2965,2809,0,0,0,0,0,0,0,0,B
560271,2569,2714,2979,2965,2793,0,0,0,0,0,0,0,0,B
560281,2574,2727,2992,2969,2794,0,0,0,0,0,0,0,0,B
560316,2567,2722,2972,2969,2805,0,0,0,0,0,0,0,0,B
560326,2574,2719,2970,2978,2812,0,0,0,0,0,0,0,0,B
560361,2567,2723,2978,2972,2807,0,0,0,0,0,0,0,0,B
560406,2580,2727,2977,2967,2810,0,0,0,0,0,0,0,0,B
560416,2569,2722,2985,2966,2809,0,0,0,0,0,0,0,0,B
560451,2566,2716,2976,2967,2800,0,0,0,0,0,0,0,0,B
560461,2564,2724,2990,2974,2798,0,0,0,0,0,0,0,0,B
560496,2562,2717,2980,2970,2813,0,0,0,0,0,0,0,0,B
560541,2574,2708,2972,2954,2795,0,0,0,0,0,0,0,0,B
560551,2572,2721,2975,2973,2799,0,0,0,0,0,0,0,0,B
560586,2574,2733,2973,2975,2809,0,0,0,0,0,0,0,0,B
560596,2574,2722,2975,2975,2801,0,0,0,0,0,0,0,0,B
560631,2562,2732,2973,2967,2781,0,0,0,0,0,0,0,0,B
560641,2569,2719,2966,2974,2800,0,0,0,0,0,0,0,0,B
560676,2567,2730,2984,2975,2796,0,0,0,0,0,0,0,0,B
560686,2567,2718,2978,2963,2814,0,0,0,0,0,0,0,0,B
560721,2581,2720,2985,2970,2796,0,0,0,0,0,0,0,0,B
560731,2572,2720,2984,2980,2811,0,0,0,0,0,0,0,0,B
560766,2568,2721,2974,2970,2807,0,0,0,0,0,0,0,0,B
560776,2564,2720,2980,2974,2816,0,0,0,0,0,0,0,0,B
560811,2564,2710,2978,2972,2803,0,0,0,0,0,0,0,0,B
560821,2576,2724,2984,2967,2783,0,0,0,0,0,0,0,0,B
560856,2564,2728,2978,2967,2807,0,0,0,0,0,0,0,0,B
560902,2568,2724,2973,2970,2798,0,0,0,0,0,0,0,0,B
560912,2580,2716,2980,2971,2800,0,0,0,0,0,0,0,0,B
560946,2576,2717,2982,2973,2795,0,0,0,0,0,0,0,0,B
560956,2570,2715,2985,2975,2802,0,0,0,0,0,0,0,0,B
560991,2558,2717,2980,2972,2806,0,0,0,0,0,0,0,0,B
561001,2570,2723,2984,2975,2806,0,0,0,0,0,0,0,0,B
561036,2576,2719,2976,2976,2795,0,0,0,0,0,0,0,0,B
561046,2570,2728,2986,2974,2809,0,0,0,0,0,0,0,0,B
561081,2562,2728,2976,2968,2809,0,0,0,0,0,0,0,0,B
561091,2570,2730,2979,2970,2808,0,0,0,0,0,0,0,0,B
561126,2564,2720,2981,2968,2800,0,0,0,0,0,0,0,0,B
561136,2569,2731,2975,2970,2801,0,0,0,0,0,0,0,0,B
561171,2572,2729,2984,2980,2817,0,0,0,0,0,0,0,0,B
561181,2564,2723,2975,2976,2809,0,0,0,0,0,0,0,0,B
561216,2556,2720,2977,2974,2801,0,0,0,0,0,0,0,0,B
561226,2562,2729,2978,2970,2814,0,0,0,0,0,0,0,0,B
561261,2565,2722,2979,2963,2804,0,0,0,0,0,0,0,0,B
561271,2569,2723,2976,2969,2799,0,0,0,0,0,0,0,0,B
561306,2566,2719,2972,2974,2782,0,0,0,0,0,0,0,0,B
561316,2572,2726,2972,2969,2796,0,0,0,0,0,0,0,0,B
561351,2568,2724,2975,2969,2800,0,0,0,0,0,0,0,0,B
561361,2560,2728,2967,2971,2790,0,0,0,0,0,0,0,0,B
561396,2567,2724,2974,2965,2797,0,0,0,0,0,0,0,0,B
561406,2568,2719,2979,2975,2799,0,0,0,0,0,0,0,0,B
561441,2564,2728,2988,2972,2810,0,0,0,0,0,0,0,0,B
561451,2576,2725,2979,2967,2797,0,0,0,0,0,0,0,0,B
561486,2563,2715,2977,2974,2806,0,0,0,0,0,0,0,0,B
561496,2570,2717,2975,2976,2808,0,0,0,0,0,0,0,0,B
561531,2567,2732,2965,2966,2816,0,0,0,0,0,0,0,0,B
561541,2572,2710,2973,2967,2798,0,0,0,0,0,0,0,0,B
561576,2557,2724,2981,2974,2809,0,0,0,0,0,0,0,0,B
561586,2559,2721,2972,2972,2807,0,0,0,0,0,0,0,0,B
561621,2567,2719,2973,2972,2807,0,0,0,0,0,0,0,0,B
561631,2574,2725,2979,2973,2803,0,0,0,0,0,0,0,0,B
561666,2573,2725,2978,2962,2796,0,0,0,0,0,0,0,0,B
561676,2572,2724,2978,2976,2805,0,0,0,0,0,0,0,0,B
561711,2565,2720,2976,2967,2792,0,0,0,0,0,0,0,0,B
561721,2571,2722,2976,2968,2799,0,0,0,0,0,0,0,0,B
561756,2570,2715,2975,2970,2810,0,0,0,0,0,0,0,0,B
561766,2560,2729,2978,2970,2809,0,0,0,0,0,0,0,0,B
561801,2559,2717,2976,2972,2807,0,0,0,0,0,0,0,0,B
561811,2569,2723,2973,2962,2804,0,0,0,0,0,0,0,0,B
561846,2570,2718,2977,2984,2815,0,0,0,0,0,0,0,0,B
561856,2572,2720,2974,2972,2812,0,0,0,0,0,0,0,0,B
561891,2564,2711,2969,2967,2795,0,0,0,0,0,0,0,0,B
561901,2569,2722,2975,2972,2808,0,0,0,0,0,0,0,0,B
561936,2573,2711,2973,2970,2810,0,0,0,0,0,0,0,0,B
561946,2572,2723,2976,2978,2801,0,0,0,0,0,0,0,0,B
561981,2579,2728,2977,2966,2797,0,0,0,0,0,0,0,0,B
561991,2578,2718,2982,2972,2809,0,0,0,0,0,0,0,0,B
562026,2576,2718,2979,2976,2810,0,0,0,0,0,0,0,0,B
562036,2564,2715,2978,2969,2810,0,0,0,0,0,0,0,0,B
562071,2553,2724,2967,2969,2812,0,0,0,0,0,0,0,0,B
562081,2578,2729,2972,2965,2808,0,0,0,0,0,0,0,0,B
562116,2581,2718,2981,2967,2806,0,0,0,0,0,0,0,0,B
562126,2556,2726,2978,2973,2804,0,0,0,0,0,0,0,0,B
562161,2567,2723,2976,2975,2808,0,0,0,0,0,0,0,0,B
562171,2560,2719,2975,2976,2806,0,0,0,0,0,0,0,0,B
562206,2579,2736,2980,2967,2807,0,0,0,0,0,0,0,0,B
562216,2567,2715,2965,2968,2803,0,0,0,0,0,0,0,0,B
562251,2568,2720,2970,2972,2801,0,0,0,0,0,0,0,0,B
562261,2565,2713,2971,2970,2799,0,0,0,0,0,0,0,0,B
562296,2563,2715,2975,2961,2807,0,0,0,0,0,0,0,0,B
562306,2580,2717,2983,2974,2807,0,0,0,0,0,0,0,0,B
562341,2576,2720,2975,2968,2802,0,0,0,0,0,0,0,0,B
562351,2563,2719,2971,2967,2802,0,0,0,0,0,0,0,0,B
562386,2570,2723,2971,2967,2804,0,0,0,0,0,0,0,0,B
562396,2571,2721,2976,2968,2803,0,0,0,0,0,0,0,0,B
562431,2565,2723,2967,2966,2809,0,0,0,0,0,0,0,0,B
562441,2563,2720,2968,2976,2810,0,0,0,0,0,0,0,0,B
562476,2572,2724,2980,2976,2812,0,0,0,0,0,0,0,0,B
562486,2564,2719,2975,2972,2808,0,0,0,0,0,0,0,0,B
562521,2585,2725,2971,2972,2810,0,0,0,0,0,0,0,0,B
562531,2565,2727,2976,2973,2802,0,0,0,0,0,0,0,0,B
562566,2575,2720,2974,2968,2808,0,0,0,0,0,0,0,0,B
562576,2567,2727,2977,2970,2816,0,0,0,0,0,0,0,0,B
562611,2561,2720,2975,2978,2808,0,0,0,0,0,0,0,0,B
562621,2565,2729,2972,2970,2798,0,0,0,0,0,0,0,0,B
562656,2569,2716,2972,2970,2814,0,0,0,0,0,0,0,0,B
562666,2562,2720,2975,2970,2813,0,0,0,0,0,0,0,0,B
562701,2565,2728,2975,2973,2793,0,0,0,0,0,0,0,0,B
562711,2572,2710,2980,2968,2809,0,0,0,0,0,0,0,0,B
562746,2572,2719,2980,2974,2799,0,0,0,0,0,0,0,0,B
562756,2581,2717,2977,2969,2796,0,0,0,0,0,0,0,0,B
562791,2565,2728,2965,2969,2801,0,0,0,0,0,0,0,0,B
562801,2562,2719,2975,2965,2806,0,0,0,0,0,0,0,0,B
562836,2568,2726,2983,2975,2801,0,0,0,0,0,0,0,0,B
562846,2576,2719,2973,2972,2815,0,0,0,0,0,0,0,0,B
562881,2560,2724,2980,2967,2810,0,0,0,0,0,0,0,0,B
562891,2570,2720,2972,2968,2804,0,0,0,0,0,0,0,0,B
562926,2564,2723,2968,2967,2810,0,0,0,0,0,0,0,0,B
562936,2572,2725,2972,2975,2801,0,0,0,0,0,0,0,0,B
562971,2580,2721,2970,2971,2822,0,0,0,0,0,0,0,0,B
562981,2580,2718,2980,2965,2815,0,0,0,0,0,0,0,0,B
563016,2570,2729,2971,2967,2811,0,0,0,0,0,0,0,0,B
563026,2576,2711,2980,2973,2791,0,0,0,0,0,0,0,0,B
563061,2561,2720,2977,2967,2810,0,0,0,0,0,0,0,0,B
563107,2568,2711,2972,2966,2799,0,0,0,0,0,0,0,0,B
563117,2566,2732,2974,2974,2799,0,0,0,0,0,0,0,0,B
563151,2561,2724,2980,2961,2808,0,0,0,0,0,0,0,0,B
563161,2570,2718,2982,2968,2800,0,0,0,0,0,0,0,0,B
563196,2568,2724,2982,2971,2809,0,0,0,0,0,0,0,0,B
563206,2570,2724,2975,2963,2811,0,0,0,0,0,0,0,0,B
563241,2563,2724,2971,2973,2801,0,0,0,0,0,0,0,0,B
563251,2565,2719,2976,2965,2811,0,0,0,0,0,0,0,0,B
563286,2565,2724,2975,2970,2802,0,0,0,0,0,0,0,0,B
563296,2573,2717,2974,2970,2801,0,0,0,0,0,0,0,0,B
563331,2576,2730,2977,2972,2795,0,0,0,0,0,0,0,0,B
563341,2567,2728,2975,2971,2799,0,0,0,0,0,0,0,0,B
563376,2564,2719,2973,2962,2792,0,0,0,0,0,0,0,0,B
563386,2573,2722,2978,2970,2809,0,0,0,0,0,0,0,0,B
563421,2568,2721,2977,2969,2811,0,0,0,0,0,0,0,0,B
563431,2566,2719,2986,2978,2810,0,0,0,0,0,0,0,0,B
563466,2567,2723,2978,2967,2808,0,0,0,0,0,0,0,0,B
563476,2576,2723,2971,2977,2806,0,0,0,0,0,0,0,0,B
563511,2570,2725,2973,2977,2805,0,0,0,0,0,0,0,0,B
563521,2566,2718,2985,2974,2817,0,0,0,0,0,0,0,0,B
563556,2549,2711,2968,2964,2796,0,0,0,0,0,0,0,0,B
563566,2582,2712,2983,2970,2819,0,0,0,0,0,0,0,0,B
563601,2560,2718,2975,2968,2779,0,0,0,0,0,0,0,0,B
563611,2567,2719,2966,2968,2800,0,0,0,0,0,0,0,0,B
563646,2559,2707,2977,2968,2803,0,0,0,0,0,0,0,0,B
563656,2581,2711,2971,2967,2800,0,0,0,0,0,0,0,0,B
563691,2559,2707,2977,2970,2810,0,0,0,0,0,0,0,0,B
563701,2570,2715,2978,2967,2812,0,0,0,0,0,0,0,0,B
563736,2572,2715,2977,2966,2805,0,0,0,0,0,0,0,0,B
563746,2569,2726,2981,2972,2796,0,0,0,0,0,0,0,0,B
563781,2570,2720,2970,2971,2808,0,0,0,0,0,0,0,0,B
563791,2568,2724,2974,2966,2799,0,0,0,0,0,0,0,0,B
563826,2570,2714,2974,2958,2800,0,0,0,0,0,0,0,0,B
563836,2565,2714,2975,2968,2800,0,0,0,0,0,0,0,0,B
563871,2568,2717,2975,2963,2799,0,0,0,0,0,0,0,0,B
563881,2569,2723,2976,2977,2801,0,0,0,0,0,0,0,0,B
563916,2569,2724,2976,2969,2794,0,0,0,0,0,0,0,0,B
563926,2577,2720,2983,2974,2799,0,0,0,0,0,0,0,0,B
563961,2560,2726,2969,2972,2803,0,0,0,0,0,0,0,0,B
563971,2573,2727,2972,2970,2817,0,0,0,0,0,0,0,0,B
564006,2558,2713,2971,2962,2806,0,0,0,0,0,0,0,0,B
564016,2567,2720,2976,2972,2805,0,0,0,0,0,0,0,0,B
564051,2575,2717,2973,2974,2805,0,0,0,0,0,0,0,0,B
564061,2570,2714,2978,2973,2811,0,0,0,0,0,0,0,0,B
564096,2562,2700,2976,2972,2802,0,0,0,0,0,0,0,0,B
564106,2569,2717,2974,2970,2791,0,0,0,0,0,0,0,0,B
564141,2544,2728,2974,2969,2802,0,0,0,0,0,0,0,0,B
564151,2575,2715,2968,2970,2789,0,0,0,0,0,0,0,0,B
564186,2564,2715,2972,2961,2816,0,0,0,0,0,0,0,0,B
564196,2573,2712,2975,2965,2801,0,0,0,0,0,0,0,0,B
564231,2571,2726,2967,2970,2812,0,0,0,0,0,0,0,0,B
564241,2570,2723,2972,2971,2816,0,0,0,0,0,0,0,0,B
564276,2559,2724,2976,2963,2797,0,0,0,0,0,0,0,0,B
564286,2572,2707,2984,2974,2808,0,0,0,0,0,0,0,0,B
564321,2571,2715,2967,2969,2807,0,0,0,0,0,0,0,0,B
564331,2574,2721,2984,2971,2803,0,0,0,0,0,0,0,0,B
564366,2568,2720,2972,2961,2791,0,0,0,0,0,0,0,0,B
564376,2569,2727,2970,2968,2805,0,0,0,0,0,0,0,0,B
564411,2569,2723,2983,2967,2814,0,0,0,0,0,0,0,0,B
564421,2574,2722,2976,2972,2813,0,0,0,0,0,0,0,0,B
564456,2563,2715,2971,2959,2811,0,0,0,0,0,0,0,0,B
564466,2566,2713,2968,2968,2800,0,0,0,0,0,0,0,0,B
564501,2563,2718,2975,2966,2816,0,0,0,0,0,0,0,0,B
564511,2566,2718,2978,2977,2814,0,0,0,0,0,0,0,0,B
564546,2571,2731,2978,2967,2787,0,0,0,0,0,0,0,0,B
564556,2562,2724,2976,2971,2818,0,0,0,0,0,0,0,0,B
564591,2576,2717,2977,2968,2810,0,0,0,0,0,0,0,0,B
564601,2575,2728,2974,2982,2813,0,0,0,0,0,0,0,0,B
564636,2561,2718,2966,2957,2799,0,0,0,0,0,0,0,0,B
564646,2569,2722,2971,2969,2802,0,0,0,0,0,0,0,0,B
564681,2564,2728,2980,2973,2803,0,0,0,0,0,0,0,0,B
564691,2567,2711,2975,2977,2799,0,0,0,0,0,0,0,0,B
564726,2556,2729,2975,2965,2819,0,0,0,0,0,0,0,0,B
564736,2563,2717,2981,2974,2811,0,0,0,0,0,0,0,0,B
564771,2570,2727,2976,2984,2808,0,0,0,0,0,0,0,0,B
564816,2561,2716,2975,2966,2796,0,0,0,0,0,0,0,0,B
564827,2576,2725,2978,2972,2795,0,0,0,0,0,0,0,0,B
564861,2574,2714,2971,2978,2804,0,0,0,0,0,0,0,0,B
564871,2566,2712,2975,2977,2806,0,0,0,0,0,0,0,0,B
564906,2560,2716,2976,2970,2808,0,0,0,0,0,0,0,0,B
564916,2572,2724,2976,2980,2823,0,0,0,0,0,0,0,0,B
564951,2572,2718,2982,2975,2801,0,0,0,0,0,0,0,0,B
564961,2568,2734,2977,2972,2816,0,0,0,0,0,0,0,0,B
564996,2548,2720,2979,2967,2804,0,0,0,0,0,0,0,0,B
565006,2574,2722,2971,2965,2812,0,0,0,0,0,0,0,0,B
565041,2576,2715,2977,2970,2813,0,0,0,0,0,0,0,0,B
565051,2574,2715,2976,2970,2799,0,0,0,0,0,0,0,0,B
565086,2563,2715,2969,2966,2795,0,0,0,0,0,0,0,0,B
565096,2563,2710,2973,2966,2804,0,0,0,0,0,0,0,0,B
565131,2570,2720,2979,2984,2808,0,0,0,0,0,0,0,0,B
634970,2751,2260,2695,2733,2559,0,0,0,0,0,0,0,0,C
634980,2761,2270,2698,2748,2569,0,0,0,0,0,0,0,0,C
635015,2768,2261,2695,2748,2572,0,0,0,0,0,0,0,0,C
635025,2761,2265,2693,2738,2567,0,0,0,0,0,0,0,0,C
635060,2753,2268,2686,2738,2565,0,0,0,0,0,0,0,0,C
635070,2759,2274,2688,2737,2573,0,0,0,0,0,0,0,0,C
635105,2773,2267,2704,2740,2552,0,0,0,0,0,0,0,0,C
635150,2768,2270,2691,2745,2567,0,0,0,0,0,0,0,0,C
635161,2758,2259,2701,2752,2566,0,0,0,0,0,0,0,0,C
635195,2754,2278,2697,2733,2576,0,0,0,0,0,0,0,0,C
635205,2759,2269,2696,2739,2576,0,0,0,0,0,0,0,0,C
635240,2768,2265,2700,2737,2577,0,0,0,0,0,0,0,0,C
635285,2751,2266,2698,2743,2568,0,0,0,0,0,0,0,0,C
635296,2743,2266,2690,2734,2567,0,0,0,0,0,0,0,0,C
635330,2754,2264,2695,2736,2557,0,0,0,0,0,0,0,0,C
635340,2758,2268,2710,2732,2570,0,0,0,0,0,0,0,0,C
635375,2754,2264,2707,2735,2567,0,0,0,0,0,0,0,0,C
635385,2764,2278,2704,2739,2576,0,0,0,0,0,0,0,0,C
635420,2756,2271,2687,2719,2578,0,0,0,0,0,0,0,0,C
635430,2763,2265,2700,2744,2553,0,0,0,0,0,0,0,0,C
635465,2758,2265,2691,2748,2571,0,0,0,0,0,0,0,0,C
635475,2759,2255,2695,2729,2557,0,0,0,0,0,0,0,0,C
635510,2766,2267,2697,2732,2574,0,0,0,0,0,0,0,0,C
635520,2776,2263,2701,2744,2577,0,0,0,0,0,0,0,0,C
635555,2763,2263,2702,2738,2567,0,0,0,0,0,0,0,0,C
635565,2743,2269,2701,2724,2587,0,0,0,0,0,0,0,0,C
635600,2755,2264,2686,2733,2567,0,0,0,0,0,0,0,0,C
635611,2752,2257,2706,2740,2578,0,0,0,0,0,0,0,0,C
635645,2756,2251,2703,2744,2576,0,0,0,0,0,0,0,0,C
635655,2759,2258,2698,2734,2551,0,0,0,0,0,0,0,0,C
635690,2761,2271,2694,2734,2578,0,0,0,0,0,0,0,0,C
635700,2763,2260,2699,2742,2553,0,0,0,0,0,0,0,0,C
635735,2757,2263,2705,2743,2562,0,0,0,0,0,0,0,0,C
635781,2750,2276,2692,2740,2563,0,0,0,0,0,0,0,0,C
635791,2751,2276,2690,2742,2567,0,0,0,0,0,0,0,0,C
635826,2755,2263,2696,2739,2565,0,0,0,0,0,0,0,0,C
635836,2759,2251,2704,2749,2568,0,0,0,0,0,0,0,0,C
635871,2754,2264,2687,2742,2562,0,0,0,0,0,0,0,0,C
635881,2759,2261,2701,2730,2561,0,0,0,0,0,0,0,0,C
635916,2757,2266,2694,2747,2577,0,0,0,0,0,0,0,0,C
635926,2762,2265,2706,2741,2580,0,0,0,0,0,0,0,0,C
635961,2768,2247,2695,2736,2592,0,0,0,0,0,0,0,0,C
636006,2760,2265,2714,2731,2559,0,0,0,0,0,0,0,0,C
636017,2758,2266,2702,2748,2570,0,0,0,0,0,0,0,0,C
636050,2752,2266,2692,2730,2576,0,0,0,0,0,0,0,0,C
636060,2758,2260,2700,2751,2585,0,0,0,0,0,0,0,0,C
636095,2764,2264,2693,2741,2568,0,0,0,0,0,0,0,0,C
636105,2756,2270,2687,2735,2574,0,0,0,0,0,0,0,0,C
636140,2765,2261,2695,2737,2551,0,0,0,0,0,0,0,0,C
636150,2763,2268,2690,2745,2576,0,0,0,0,0,0,0,0,C
636185,2747,2257,2693,2735,2572,0,0,0,0,0,0,0,0,C
636195,2760,2260,2697,2744,2559,0,0,0,0,0,0,0,0,C
636230,2751,2264,2692,2736,2564,0,0,0,0,0,0,0,0,C
636240,2776,2273,2689,2749,2570,0,0,0,0,0,0,0,0,C
636275,2757,2275,2696,2740,2576,0,0,0,0,0,0,0,0,C
636285,2769,2262,2697,2746,2565,0,0,0,0,0,0,0,0,C
636320,2757,2262,2702,2740,2560,0,0,0,0,0,0,0,0,C
636331,2759,2257,2693,2740,2567,0,0,0,0,0,0,0,0,C
636365,2756,2272,2701,2743,2568,0,0,0,0,0,0,0,0,C
636376,2762,2259,2690,2741,2568,0,0,0,0,0,0,0,0,C
636410,2751,2261,2700,2735,2571,0,0,0,0,0,0,0,0,C
636420,2759,2260,2713,2746,2571,0,0,0,0,0,0,0,0,C
636455,2764,2255,2695,2743,2568,0,0,0,0,0,0,0,0,C
636465,2751,2269,2702,2744,2567,0,0,0,0,0,0,0,0,C
636500,2758,2247,2690,2735,2562,0,0,0,0,0,0,0,0,C
636510,2761,2268,2689,2743,2577,0,0,0,0,0,0,0,0,C
636545,2755,2258,2689,2742,2568,0,0,0,0,0,0,0,0,C
636555,2755,2272,2696,2743,2571,0,0,0,0,0,0,0,0,C
636590,2765,2262,2704,2743,2578,0,0,0,0,0,0,0,0,C
636600,2751,2267,2702,2743,2561,0,0,0,0,0,0,0,0,C
636635,2756,2260,2704,2743,2572,0,0,0,0,0,0,0,0,C
636645,2767,2276,2702,2744,2566,0,0,0,0,0,0,0,0,C
636680,2760,2272,2693,2737,2560,0,0,0,0,0,0,0,0,C
636691,2759,2255,2701,2739,2576,0,0,0,0,0,0,0,0,C
636725,2758,2255,2701,2740,2572,0,0,0,0,0,0,0,0,C
636735,2754,2259,2705,2739,2570,0,0,0,0,0,0,0,0,C
636770,2761,2263,2705,2750,2576,0,0,0,0,0,0,0,0,C
636780,2755,2272,2694,2741,2564,0,0,0,0,0,0,0,0,C
636815,2768,2276,2700,2733,2577,0,0,0,0,0,0,0,0,C
636825,2763,2263,2689,2735,2562,0,0,0,0,0,0,0,0,C
636860,2764,2271,2685,2729,2577,0,0,0,0,0,0,0,0,C
636870,2761,2266,2703,2744,2569,0,0,0,0,0,0,0,0,C
636905,2759,2281,2701,2738,2581,0,0,0,0,0,0,0,0,C
636915,2769,2282,2710,2748,2558,0,0,0,0,0,0,0,0,C
636950,2758,2259,2691,2752,2563,0,0,0,0,0,0,0,0,C
636960,2756,2265,2699,2733,2552,0,0,0,0,0,0,0,0,C
636995,2760,2262,2687,2741,2571,0,0,0,0,0,0,0,0,C
637005,2755,2258,2696,2745,2567,0,0,0,0,0,0,0,0,C
637040,2766,2260,2714,2736,2564,0,0,0,0,0,0,0,0,C
637050,2768,2258,2694,2739,2575,0,0,0,0,0,0,0,0,C
637085,2751,2270,2706,2735,2575,0,0,0,0,0,0,0,0,C
637095,2762,2262,2704,2736,2568,0,0,0,0,0,0,0,0,C
637130,2758,2264,2696,2746,2560,0,0,0,0,0,0,0,0,C
637140,2761,2263,2695,2739,2566,0,0,0,0,0,0,0,0,C
637175,2764,2258,2700,2733,2554,0,0,0,0,0,0,0,0,C
637185,2757,2268,2698,2737,2573,0,0,0,0,0,0,0,0,C
637220,2757,2260,2700,2741,2581,0,0,0,0,0,0,0,0,C
637230,2757,2269,2695,2741,2576,0,0,0,0,0,0,0,0,C
637265,2761,2277,2705,2737,2576,0,0,0,0,0,0,0,0,C
637275,2759,2267,2698,2735,2573,0,0,0,0,0,0,0,0,C
637310,2762,2267,2703,2736,2576,0,0,0,0,0,0,0,0,C
637320,2760,2268,2692,2748,2581,0,0,0,0,0,0,0,0,C
637355,2759,2266,2701,2735,2574,0,0,0,0,0,0,0,0,C
637365,2769,2261,2693,2741,2569,0,0,0,0,0,0,0,0,C
637400,2760,2267,2699,2729,2571,0,0,0,0,0,0,0,0,C
637410,2768,2266,2700,2738,2558,0,0,0,0,0,0,0,0,C
637445,2755,2273,2691,2734,2553,0,0,0,0,0,0,0,0,C
637455,2760,2260,2702,2745,2543,0,0,0,0,0,0,0,0,C
637490,2750,2263,2696,2738,2573,0,0,0,0,0,0,0,0,C
637500,2762,2259,2694,2733,2556,0,0,0,0,0,0,0,0,C
637535,2755,2266,2702,2735,2576,0,0,0,0,0,0,0,0,C
637545,2758,2266,2696,2738,2573,0,0,0,0,0,0,0,0,C
637580,2760,2268,2694,2740,2567,0,0,0,0,0,0,0,0,C
637590,2762,2267,2701,2739,2578,0,0,0,0,0,0,0,0,C
637625,2768,2258,2708,2738,2567,0,0,0,0,0,0,0,0,C
637635,2762,2260,2699,2738,2567,0,0,0,0,0,0,0,0,C
637670,2753,2275,2705,2739,2571,0,0,0,0,0,0,0,0,C
637680,2759,2268,2701,2740,2571,0,0,0,0,0,0,0,0,C
637715,2764,2265,2703,2741,2563,0,0,0,0,0,0,0,0,C
637725,2756,2258,2704,2742,2571,0,0,0,0,0,0,0,0,C
637760,2768,2251,2703,2752,2561,0,0,0,0,0,0,0,0,C
637770,2773,2260,2703,2741,2564,0,0,0,0,0,0,0,0,C
637805,2766,2271,2696,2735,2563,0,0,0,0,0,0,0,0,C
637815,2761,2269,2703,2739,2578,0,0,0,0,0,0,0,0,C
637850,2768,2270,2690,2741,2578,0,0,0,0,0,0,0,0,C
637895,2759,2259,2695,2751,2561,0,0,0,0,0,0,0,0,C
637906,2758,2272,2702,2739,2571,0,0,0,0,0,0,0,0,C
637940,2767,2272,2701,2742,2571,0,0,0,0,0,0,0,0,C
637950,2763,2261,2690,2735,2571,0,0,0,0,0,0,0,0,C
637985,2758,2267,2696,2738,2567,0,0,0,0,0,0,0,0,C
637995,2761,2274,2689,2740,2566,0,0,0,0,0,0,0,0,C
638030,2762,2258,2696,2742,2559,0,0,0,0,0,0,0,0,C
638040,2751,2274,2699,2750,2571,0,0,0,0,0,0,0,0,C
638075,2765,2261,2693,2743,2563,0,0,0,0,0,0,0,0,C
638085,2767,2272,2696,2742,2582,0,0,0,0,0,0,0,0,C
638120,2762,2269,2691,2747,2569,0,0,0,0,0,0,0,0,C
638166,2762,2276,2701,2741,2563,0,0,0,0,0,0,0,0,C
638177,2764,2262,2690,2735,2582,0,0,0,0,0,0,0,0,C
638210,2757,2268,2704,2744,2573,0,0,0,0,0,0,0,0,C
638220,2772,2269,2700,2738,2578,0,0,0,0,0,0,0,0,C
638255,2760,2246,2694,2736,2575,0,0,0,0,0,0,0,0,C
638265,2760,2267,2704,2739,2564,0,0,0,0,0,0,0,0,C
638300,2772,2257,2706,2742,2571,0,0,0,0,0,0,0,0,C
638310,2761,2257,2701,2737,2576,0,0,0,0,0,0,0,0,C
638345,2764,2264,2699,2744,2572,0,0,0,0,0,0,0,0,C
638355,2762,2265,2703,2747,2575,0,0,0,0,0,0,0,0,C
638390,2764,2280,2699,2742,2570,0,0,0,0,0,0,0,0,C
638400,2763,2272,2701,2728,2585,0,0,0,0,0,0,0,0,C
638435,2755,2244,2696,2724,2559,0,0,0,0,0,0,0,0,C
638445,2763,2273,2699,2728,2570,0,0,0,0,0,0,0,0,C
638480,2764,2264,2695,2735,2571,0,0,0,0,0,0,0,0,C
638490,2764,2270,2704,2727,2583,0,0,0,0,0,0,0,0,C
638525,2754,2263,2695,2741,2567,0,0,0,0,0,0,0,0,C
638535,2761,2264,2699,2739,2558,0,0,0,0,0,0,0,0,C
638570,2760,2263,2703,2748,2575,0,0,0,0,0,0,0,0,C
638580,2758,2271,2687,2738,2586,0,0,0,0,0,0,0,0,C
638615,2746,2268,2698,2744,2561,0,0,0,0,0,0,0,0,C
638625,2757,2261,2707,2741,2572,0,0,0,0,0,0,0,0,C
638660,2764,2267,2704,2744,2560,0,0,0,0,0,0,0,0,C
638670,2759,2263,2700,2731,2571,0,0,0,0,0,0,0,0,C
638705,2760,2248,2697,2736,2567,0,0,0,0,0,0,0,0,C
638715,2761,2260,2705,2749,2562,0,0,0,0,0,0,0,0,C
638750,2768,2267,2702,2730,2565,0,0,0,0,0,0,0,0,C
638795,2764,2268,2698,2739,2569,0,0,0,0,0,0,0,0,C
638806,2750,2274,2709,2752,2562,0,0,0,0,0,0,0,0,C
638840,2763,2270,2703,2739,2553,0,0,0,0,0,0,0,0,C
638850,2758,2255,2706,2736,2569,0,0,0,0,0,0,0,0,C
638885,2758,2264,2704,2744,2578,0,0,0,0,0,0,0,0,C
638895,2750,2260,2701,2739,2568,0,0,0,0,0,0,0,0,C
638930,2750,2269,2696,2745,2560,0,0,0,0,0,0,0,0,C
638940,2760,2267,2698,2741,2576,0,0,0,0,0,0,0,0,C
638975,2757,2268,2699,2730,2570,0,0,0,0,0,0,0,0,C
638985,2766,2259,2697,2739,2565,0,0,0,0,0,0,0,0,C
639020,2755,2271,2694,2745,2567,0,0,0,0,0,0,0,0,C
639030,2755,2262,2698,2735,2565,0,0,0,0,0,0,0,0,C
639065,2753,2270,2693,2736,2559,0,0,0,0,0,0,0,0,C
639075,2765,2261,2701,2739,2565,0,0,0,0,0,0,0,0,C
639110,2759,2259,2696,2743,2562,0,0,0,0,0,0,0,0,C
639120,2763,2269,2695,2744,2560,0,0,0,0,0,0,0,0,C
639155,2764,2266,2702,2734,2567,0,0,0,0,0,0,0,0,C
639165,2760,2256,2699,2742,2571,0,0,0,0,0,0,0,0,C
639200,2756,2270,2701,2740,2578,0,0,0,0,0,0,0,0,C
639210,2756,2255,2706,2744,2567,0,0,0,0,0,0,0,0,C
639245,2760,2265,2692,2729,2576,0,0,0,0,0,0,0,0,C
639255,2761,2274,2701,2751,2569,0,0,0,0,0,0,0,0,C
639290,2760,2264,2709,2742,2580,0,0,0,0,0,0,0,0,C
639300,2761,2268,2702,2735,2577,0,0,0,0,0,0,0,0,C
639335,2754,2256,2694,2740,2562,0,0,0,0,0,0,0,0,C
639345,2762,2263,2705,2739,2550,0,0,0,0,0,0,0,0,C
639380,2765,2252,2699,2732,2568,0,0,0,0,0,0,0,0,C
639390,2752,2269,2710,2744,2573,0,0,0,0,0,0,0,0,C
639425,2762,2261,2697,2738,2573,0,0,0,0,0,0,0,0,C
639435,2762,2256,2700,2738,2552,0,0,0,0,0,0,0,0,C
639470,2762,2270,2690,2745,2580,0,0,0,0,0,0,0,0,C
639480,2758,2272,2702,2735,2569,0,0,0,0,0,0,0,0,C
639515,2755,2276,2699,2739,2565,0,0,0,0,0,0,0,0,C
639525,2760,2265,2695,2742,2574,0,0,0,0,0,0,0,0,C
639560,2761,2266,2704,2738,2569,0,0,0,0,0,0,0,0,C
639570,2765,2276,2695,2742,2570,0,0,0,0,0,0,0,0,C
639605,2765,2255,2698,2743,2577,0,0,0,0,0,0,0,0,C
639650,2764,2271,2708,2728,2575,0,0,0,0,0,0,0,0,C
639660,2768,2267,2706,2743,2570,0,0,0,0,0,0,0,0,C
639695,2756,2263,2702,2732,2569,0,0,0,0,0,0,0,0,C
639706,2762,2276,2712,2735,2578,0,0,0,0,0,0,0,0,C
639740,2763,2263,2702,2740,2559,0,0,0,0,0,0,0,0,C
639786,2745,2256,2699,2741,2564,0,0,0,0,0,0,0,0,C
639830,2743,2268,2702,2739,2582,0,0,0,0,0,0,0,0,C
639841,2759,2257,2696,2743,2575,0,0,0,0,0,0,0,0,C
639875,2760,2258,2697,2744,2564,0,0,0,0,0,0,0,0,C
639885,2763,2269,2700,2748,2573,0,0,0,0,0,0,0,0,C
639920,2764,2284,2706,2743,2566,0,0,0,0,0,0,0,0,C
639930,2758,2268,2689,2734,2566,0,0,0,0,0,0,0,0,C
639965,2764,2260,2683,2740,2563,0,0,0,0,0,0,0,0,C
640010,2753,2255,2701,2734,2592,0,0,0,0,0,0,0,0,C
640020,2755,2276,2708,2753,2581,0,0,0,0,0,0,0,0,C
640055,2758,2262,2706,2744,2577,0,0,0,0,0,0,0,0,C
640065,2753,2261,2701,2743,2574,0,0,0,0,0,0,0,0,C
640100,2768,2270,2696,2739,2577,0,0,0,0,0,0,0,0,C
640110,2774,2259,2707,2747,2589,0,0,0,0,0,0,0,0,C
640145,2767,2266,2703,2735,2576,0,0,0,0,0,0,0,0,C
640155,2770,2265,2708,2756,2572,0,0,0,0,0,0,0,0,C
640190,2760,2254,2705,2746,2577,0,0,0,0,0,0,0,0,C
640200,2760,2262,2700,2743,2583,0,0,0,0,0,0,0,0,C
640235,2756,2263,2701,2735,2574,0,0,0,0,0,0,0,0,C
640245,2759,2264,2704,2739,2573,0,0,0,0,0,0,0,0,C
640280,2770,2259,2704,2735,2561,0,0,0,0,0,0,0,0,C
640290,2756,2264,2704,2731,2591,0,0,0,0,0,0,0,0,C
640325,2754,2255,2707,2734,2567,0,0,0,0,0,0,0,0,C
640335,2761,2260,2705,2743,2572,0,0,0,0,0,0,0,0,C
640370,2758,2265,2697,2745,2573,0,0,0,0,0,0,0,0,C
640380,2760,2261,2704,2737,2578,0,0,0,0,0,0,0,0,C
640415,2741,2253,2702,2740,2568,0,0,0,0,0,0,0,0,C
640425,2759,2270,2705,2742,2576,0,0,0,0,0,0,0,0,C
640460,2764,2257,2689,2756,2588,0,0,0,0,0,0,0,0,C
640470,2751,2263,2695,2746,2586,0,0,0,0,0,0,0,0,C
640505,2751,2260,2699,2737,2584,0,0,0,0,0,0,0,0,C
640515,2760,2269,2707,2748,2576,0,0,0,0,0,0,0,0,C
640550,2762,2263,2701,2750,2591,0,0,0,0,0,0,0,0,C
640560,2770,2268,2709,2747,2577,0,0,0,0,0,0,0,0,C
640640,2761,2263,2695,2739,2562,0,0,0,0,0,0,0,0,C
640650,2755,2264,2697,2744,2596,0,0,0,0,0,0,0,0,C
640685,2764,2265,2697,2740,2576,0,0,0,0,0,0,0,0,C
640695,2756,2286,2706,2744,2575,0,0,0,0,0,0,0,0,C
640730,2759,2253,2708,2729,2594,0,0,0,0,0,0,0,0,C
640740,2768,2271,2708,2740,2597,0,0,0,0,0,0,0,0,C
640820,2748,2264,2700,2735,2613,0,0,0,0,0,0,0,0,C
640830,2755,2272,2701,2754,2619,0,0,0,0,0,0,0,0,C
640865,2755,2272,2691,2744,2614,0,0,0,0,0,0,0,0,C
640875,2763,2263,2699,2738,2618,0,0,0,0,0,0,0,0,C
640910,2762,2260,2699,2738,2650,0,0,0,0,0,0,0,0,C
640920,2759,2268,2712,2751,2628,0,0,0,0,0,0,0,0,C
640955,2762,2271,2702,2738,2617,0,0,0,0,0,0,0,0,C
641045,2762,2263,2695,2742,2625,0,0,0,0,0,0,0,0,C
641055,2762,2269,2706,2745,2618,0,0,0,0,0,0,0,0,C
641090,2747,2266,2703,2743,2619,0,0,0,0,0,0,0,0,C
641100,2745,2270,2700,2750,2626,0,0,0,0,0,0,0,0,C
641135,2761,2264,2700,2752,2622,0,0,0,0,0,0,0,0,C
641145,2758,2270,2702,2747,2606,0,0,0,0,0,0,0,0,C
641180,2762,2271,2708,2742,2615,0,0,0,0,0,0,0,0,C
641190,2763,2262,2702,2743,2619,0,0,0,0,0,0,0,0,C
641225,2750,2274,2690,2738,2614,0,0,0,0,0,0,0,0,C
641235,2748,2277,2696,2740,2624,0,0,0,0,0,0,0,0,C
641270,2751,2269,2699,2757,2630,0,0,0,0,0,0,0,0,C
641280,2764,2256,2699,2752,2633,0,0,0,0,0,0,0,0,C
641315,2765,2251,2687,2751,2639,0,0,0,0,0,0,0,0,C
641325,2765,2270,2702,2759,2636,0,0,0,0,0,0,0,0,C
641360,2752,2259,2687,2756,2612,0,0,0,0,0,0,0,0,C
641370,2761,2271,2704,2761,2624,0,0,0,0,0,0,0,0,C
641405,2753,2263,2710,2751,2629,0,0,0,0,0,0,0,0,C
641415,2759,2275,2707,2753,2629,0,0,0,0,0,0,0,0,C
641450,2753,2272,2704,2754,2633,0,0,0,0,0,0,0,0,C
641460,2755,2262,2707,2749,2632,0,0,0,0,0,0,0,0,C
641496,2762,2263,2704,2743,2634,0,0,0,0,0,0,0,0,C
641540,2767,2259,2704,2754,2632,0,0,0,0,0,0,0,0,C
641551,2749,2272,2708,2752,2628,0,0,0,0,0,0,0,0,C
641585,2745,2258,2706,2754,2628,0,0,0,0,0,0,0,0,C
641631,2754,2265,2702,2748,2629,0,0,0,0,0,0,0,0,C
641641,2757,2261,2710,2753,2616,0,0,0,0,0,0,0,0,C
641675,2756,2264,2710,2751,2627,0,0,0,0,0,0,0,0,C
641685,2754,2272,2698,2757,2631,0,0,0,0,0,0,0,0,C
641720,2755,2275,2708,2754,2631,0,0,0,0,0,0,0,0,C
641730,2756,2284,2702,2742,2638,0,0,0,0,0,0,0,0,C
641765,2759,2279,2713,2756,2634,0,0,0,0,0,0,0,0,C
641775,2768,2259,2716,2752,2640,0,0,0,0,0,0,0,0,C
641810,2759,2267,2696,2759,2630,0,0,0,0,0,0,0,0,C
641855,2749,2270,2707,2753,2631,0,0,0,0,0,0,0,0,C
641865,2754,2262,2704,2753,2625,0,0,0,0,0,0,0,0,C
641900,2756,2267,2699,2744,2631,0,0,0,0,0,0,0,0,C
641910,2760,2272,2703,2742,2625,0,0,0,0,0,0,0,0,C
641945,2756,2263,2703,2747,2636,0,0,0,0,0,0,0,0,C
641955,2763,2270,2703,2756,2638,0,0,0,0,0,0,0,0,C
641990,2760,2263,2699,2756,2633,0,0,0,0,0,0,0,0,C
642000,2753,2276,2714,2772,2632,0,0,0,0,0,0,0,0,C
642035,2764,2263,2701,2744,2641,0,0,0,0,0,0,0,0,C
642045,2755,2272,2700,2747,2615,0,0,0,0,0,0,0,0,C
642080,2761,2262,2707,2750,2632,0,0,0,0,0,0,0,0,C
642090,2752,2266,2702,2745,2637,0,0,0,0,0,0,0,0,C
642125,2756,2269,2700,2751,2635,0,0,0,0,0,0,0,0,C
642135,2761,2271,2709,2754,2631,0,0,0,0,0,0,0,0,C
642170,2753,2266,2708,2753,2646,0,0,0,0,0,0,0,0,C
643025,2759,2268,2700,2753,2639,0,0,0,0,0,0,0,0,C
643035,2749,2272,2690,2756,2617,0,0,0,0,0,0,0,0,C
643115,2755,2265,2708,2751,2629,0,0,0,0,0,0,0,0,C
643125,2763,2276,2712,2755,2632,0,0,0,0,0,0,0,0,C
643160,2755,2268,2695,2737,2622,0,0,0,0,0,0,0,0,C
643170,2760,2266,2713,2758,2631,0,0,0,0,0,0,0,0,C
643205,2766,2269,2711,2747,2624,0,0,0,0,0,0,0,0,C
643251,2762,2274,2709,2758,2627,0,0,0,0,0,0,0,0,C
643261,2756,2271,2704,2751,2638,0,0,0,0,0,0,0,0,C
643295,2767,2267,2727,2749,2644,0,0,0,0,0,0,0,0,C
643305,2754,2269,2699,2739,2615,0,0,0,0,0,0,0,0,C
643340,2752,2262,2700,2742,2616,0,0,0,0,0,0,0,0,C
643350,2763,2265,2712,2746,2626,0,0,0,0,0,0,0,0,C
643385,2755,2276,2708,2753,2636,0,0,0,0,0,0,0,0,C
643395,2771,2280,2708,2752,2655,0,0,0,0,0,0,0,0,C
643430,2761,2262,2712,2744,2629,0,0,0,0,0,0,0,0,C
643440,2768,2265,2703,2752,2632,0,0,0,0,0,0,0,0,C
643475,2748,2267,2710,2751,2639,0,0,0,0,0,0,0,0,C
643485,2762,2267,2704,2751,2632,0,0,0,0,0,0,0,0,C
643520,2763,2259,2701,2746,2629,0,0,0,0,0,0,0,0,C
643530,2762,2260,2704,2743,2615,0,0,0,0,0,0,0,0,C
643565,2764,2262,2710,2754,2635,0,0,0,0,0,0,0,0,C
643575,2768,2270,2695,2749,2635,0,0,0,0,0,0,0,0,C
643610,2763,2269,2695,2743,2634,0,0,0,0,0,0,0,0,C
643620,2758,2263,2701,2748,2632,0,0,0,0,0,0,0,0,C
643655,2755,2257,2702,2748,2640,0,0,0,0,0,0,0,0,C
643665,2754,2253,2700,2757,2628,0,0,0,0,0,0,0,0,C
643745,2761,2263,2704,2743,2623,0,0,0,0,0,0,0,0,C
643755,2761,2278,2705,2738,2622,0,0,0,0,0,0,0,0,C
643791,2758,2259,2707,2744,2624,0,0,0,0,0,0,0,0,C
643835,2770,2259,2708,2749,2634,0,0,0,0,0,0,0,0,C
643845,2764,2268,2702,2746,2640,0,0,0,0,0,0,0,0,C
643880,2761,2265,2705,2748,2632,0,0,0,0,0,0,0,0,C
643890,2747,2264,2703,2753,2631,0,0,0,0,0,0,0,0,C
643925,2769,2262,2712,2751,2632,0,0,0,0,0,0,0,0,C
643935,2758,2267,2698,2750,2631,0,0,0,0,0,0,0,0,C
643970,2756,2263,2695,2746,2632,0,0,0,0,0,0,0,0,C
644015,2761,2263,2708,2757,2631,0,0,0,0,0,0,0,0,C
644025,2754,2276,2708,2751,2635,0,0,0,0,0,0,0,0,C
644060,2756,2275,2706,2752,2643,0,0,0,0,0,0,0,0,C
644070,2764,2263,2708,2748,2633,0,0,0,0,0,0,0,0,C
644105,2763,2264,2703,2758,2626,0,0,0,0,0,0,0,0,C
644115,2768,2262,2708,2745,2629,0,0,0,0,0,0,0,0,C
644150,2761,2269,2700,2760,2641,0,0,0,0,0,0,0,0,C
644160,2770,2279,2703,2751,2632,0,0,0,0,0,0,0,0,C
644195,2749,2263,2708,2748,2645,0,0,0,0,0,0,0,0,C
644205,2765,2270,2708,2752,2634,0,0,0,0,0,0,0,0,C
644240,2751,2255,2703,2751,2632,0,0,0,0,0,0,0,0,C
644250,2764,2266,2707,2750,2635,0,0,0,0,0,0,0,0,C
644285,2767,2272,2700,2750,2639,0,0,0,0,0,0,0,0,C
644295,2745,2268,2700,2756,2636,0,0,0,0,0,0,0,0,C
644330,2759,2263,2707,2752,2629,0,0,0,0,0,0,0,0,C
644340,2763,2264,2712,2758,2643,0,0,0,0,0,0,0,0,C
644375,2758,2251,2703,2745,2637,0,0,0,0,0,0,0,0,C
644385,2751,2269,2703,2752,2619,0,0,0,0,0,0,0,0,C
644420,2758,2260,2699,2749,2615,0,0,0,0,0,0,0,0,C
644430,2750,2271,2710,2754,2634,0,0,0,0,0,0,0,0,C
644510,2750,2259,2692,2753,2636,0,0,0,0,0,0,0,0,C
644520,2757,2264,2711,2756,2636,0,0,0,0,0,0,0,0,C
644555,2772,2265,2707,2761,2626,0,0,0,0,0,0,0,0,C
644565,2759,2268,2708,2750,2630,0,0,0,0,0,0,0,0,C
644600,2764,2247,2700,2743,2640,0,0,0,0,0,0,0,0,C
644610,2760,2273,2706,2751,2633,0,0,0,0,0,0,0,0,C
644645,2764,2279,2720,2752,2644,0,0,0,0,0,0,0,0,C
644655,2760,2268,2717,2767,2625,0,0,0,0,0,0,0,0,C
644690,2753,2264,2695,2747,2633,0,0,0,0,0,0,0,0,C
644700,2769,2266,2711,2738,2620,0,0,0,0,0,0,0,0,C
644735,2767,2272,2709,2753,2624,0,0,0,0,0,0,0,0,C
644745,2754,2270,2709,2751,2627,0,0,0,0,0,0,0,0,C
644780,2763,2263,2695,2746,2629,0,0,0,0,0,0,0,0,C
644790,2760,2261,2704,2751,2634,0,0,0,0,0,0,0,0,C
644825,2763,2260,2712,2751,2624,0,0,0,0,0,0,0,0,C
644835,2755,2256,2706,2748,2640,0,0,0,0,0,0,0,0,C
644870,2750,2250,2708,2739,2610,0,0,0,0,0,0,0,0,C
644880,2747,2258,2703,2754,2623,0,0,0,0,0,0,0,0,C
644915,2759,2274,2712,2753,2632,0,0,0,0,0,0,0,0,C
644925,2759,2271,2708,2756,2625,0,0,0,0,0,0,0,0,C
644960,2768,2265,2702,2756,2610,0,0,0,0,0,0,0,0,C
644970,2754,2272,2706,2756,2631,0,0,0,0,0,0,0,0,C
645005,2769,2271,2704,2758,2630,0,0,0,0,0,0,0,0,C
645015,2758,2270,2700,2746,2625,0,0,0,0,0,0,0,0,C
645050,2753,2268,2696,2763,2624,0,0,0,0,0,0,0,0,C
645060,2766,2270,2703,2759,2632,0,0,0,0,0,0,0,0,C
645095,2759,2257,2702,2753,2628,0,0,0,0,0,0,0,0,C
645105,2755,2271,2710,2762,2621,0,0,0,0,0,0,0,0,C
645140,2750,2266,2697,2750,2642,0,0,0,0,0,0,0,0,C
645150,2764,2267,2695,2748,2639,0,0,0,0,0,0,0,0,C
645185,2756,2272,2707,2749,2640,0,0,0,0,0,0,0,0,C
645195,2760,2275,2708,2747,2640,0,0,0,0,0,0,0,0,C
645230,2750,2253,2704,2760,2640,0,0,0,0,0,0,0,0,C
645240,2762,2261,2700,2757,2641,0,0,0,0,0,0,0,0,C
645275,2776,2255,2708,2740,2643,0,0,0,0,0,0,0,0,C
645285,2752,2262,2706,2753,2627,0,0,0,0,0,0,0,0,C
645321,2760,2261,2702,2743,2623,0,0,0,0,0,0,0,0,C
645331,2762,2269,2704,2748,2641,0,0,0,0,0,0,0,0,C
645365,2758,2267,2699,2754,2627,0,0,0,0,0,0,0,0,C
645375,2751,2261,2704,2759,2637,0,0,0,0,0,0,0,0,C
645410,2749,2264,2707,2750,2624,0,0,0,0,0,0,0,0,C
645420,2753,2268,2703,2750,2631,0,0,0,0,0,0,0,0,C
645455,2764,2276,2710,2753,2633,0,0,0,0,0,0,0,0,C
645465,2752,2275,2699,2753,2631,0,0,0,0,0,0,0,0,C
645500,2758,2271,2703,2748,2629,0,0,0,0,0,0,0,0,C
645546,2760,2266,2712,2747,2626,0,0,0,0,0,0,0,0,C
645556,2765,2264,2700,2750,2637,0,0,0,0,0,0,0,0,C
645590,2760,2259,2691,2747,2618,0,0,0,0,0,0,0,0,C
645600,2765,2260,2706,2756,2639,0,0,0,0,0,0,0,0,C
645635,2762,2263,2706,2747,2638,0,0,0,0,0,0,0,0,C
645645,2771,2276,2711,2752,2629,0,0,0,0,0,0,0,0,C
645680,2760,2262,2705,2743,2622,0,0,0,0,0,0,0,0,C
645690,2759,2266,2700,2759,2640,0,0,0,0,0,0,0,0,C
645725,2763,2272,2712,2750,2632,0,0,0,0,0,0,0,0,C
645735,2751,2260,2704,2760,2633,0,0,0,0,0,0,0,0,C
645770,2745,2268,2702,2743,2634,0,0,0,0,0,0,0,0,C
645780,2752,2272,2712,2759,2643,0,0,0,0,0,0,0,0,C
645815,2752,2261,2708,2750,2613,0,0,0,0,0,0,0,0,C
645825,2770,2255,2708,2757,2641,0,0,0,0,0,0,0,0,C
645861,2756,2270,2707,2751,2640,0,0,0,0,0,0,0,0,C
645871,2760,2263,2703,2741,2627,0,0,0,0,0,0,0,0,C
645905,2763,2271,2703,2751,2631,0,0,0,0,0,0,0,0,C
645951,2760,2261,2692,2745,2640,0,0,0,0,0,0,0,0,C
645961,2767,2266,2714,2755,2634,0,0,0,0,0,0,0,0,C
645995,2766,2271,2710,2752,2621,0,0,0,0,0,0,0,0,C
646005,2762,2266,2703,2751,2631,0,0,0,0,0,0,0,0,C
646040,2758,2259,2707,2752,2619,0,0,0,0,0,0,0,0,C
646050,2756,2261,2711,2757,2623,0,0,0,0,0,0,0,0,C
646085,2757,2261,2700,2756,2627,0,0,0,0,0,0,0,0,C
646095,2764,2263,2712,2755,2623,0,0,0,0,0,0,0,0,C
646130,2757,2255,2709,2748,2645,0,0,0,0,0,0,0,0,C
646175,2768,2259,2715,2755,2621,0,0,0,0,0,0,0,0,C
646185,2760,2263,2707,2753,2643,0,0,0,0,0,0,0,0,C
646220,2759,2261,2695,2744,2640,0,0,0,0,0,0,0,0,C
646265,2752,2260,2702,2750,2629,0,0,0,0,0,0,0,0,C
646276,2751,2275,2708,2754,2627,0,0,0,0,0,0,0,0,C
646310,2760,2268,2707,2757,2638,0,0,0,0,0,0,0,0,C
646320,2746,2259,2716,2748,2627,0,0,0,0,0,0,0,0,C
646355,2776,2279,2699,2753,2636,0,0,0,0,0,0,0,0,C
646365,2761,2267,2709,2756,2633,0,0,0,0,0,0,0,0,C
646400,2757,2276,2712,2742,2629,0,0,0,0,0,0,0,0,C
646410,2748,2265,2711,2757,2628,0,0,0,0,0,0,0,0,C
646445,2754,2270,2703,2750,2633,0,0,0,0,0,0,0,0,C
646455,2755,2272,2703,2764,2627,0,0,0,0,0,0,0,0,C
646490,2768,2271,2709,2752,2625,0,0,0,0,0,0,0,0,C
646500,2755,2284,2709,2769,2622,0,0,0,0,0,0,0,0,C
646535,2747,2280,2706,2754,2635,0,0,0,0,0,0,0,0,C
646580,2759,2264,2703,2750,2643,0,0,0,0,0,0,0,0,C
646591,2760,2275,2708,2744,2616,0,0,0,0,0,0,0,0,C
646625,2760,2264,2694,2751,2638,0,0,0,0,0,0,0,0,C
646635,2761,2267,2709,2743,2630,0,0,0,0,0,0,0,0,C
646670,2760,2265,2701,2753,2635,0,0,0,0,0,0,0,0,C
646680,2755,2280,2695,2751,2626,0,0,0,0,0,0,0,0,C
646715,2760,2267,2702,2750,2615,0,0,0,0,0,0,0,0,C
646725,2771,2264,2707,2749,2629,0,0,0,0,0,0,0,0,C
646760,2766,2272,2708,2757,2627,0,0,0,0,0,0,0,0,C
646805,2763,2271,2707,2754,2638,0,0,0,0,0,0,0,0,C
646816,2761,2255,2710,2746,2640,0,0,0,0,0,0,0,0,C
646850,2768,2257,2705,2753,2623,0,0,0,0,0,0,0,0,C
646860,2766,2264,2705,2749,2637,0,0,0,0,0,0,0,0,C
646895,2768,2257,2695,2754,2624,0,0,0,0,0,0,0,0,C
646905,2762,2277,2702,2751,2626,0,0,0,0,0,0,0,0,C
646940,2757,2261,2709,2754,2632,0,0,0,0,0,0,0,0,C
646950,2765,2267,2710,2739,2641,0,0,0,0,0,0,0,0,C
646985,2764,2278,2716,2753,2634,0,0,0,0,0,0,0,0,C
646995,2757,2270,2702,2754,2632,0,0,0,0,0,0,0,0,C
647030,2752,2265,2693,2750,2650,0,0,0,0,0,0,0,0,C
647040,2743,2272,2697,2749,2624,0,0,0,0,0,0,0,0,C
647075,2759,2268,2692,2757,2610,0,0,0,0,0,0,0,0,C
647085,2762,2263,2703,2744,2632,0,0,0,0,0,0,0,0,C
647120,2769,2249,2701,2751,2639,0,0,0,0,0,0,0,0,C
647130,2773,2265,2709,2757,2642,0,0,0,0,0,0,0,0,C
647165,2754,2273,2707,2764,2640,0,0,0,0,0,0,0,0,C
647175,2766,2276,2711,2751,2643,0,0,0,0,0,0,0,0,C
647210,2770,2271,2709,2756,2637,0,0,0,0,0,0,0,0,C
647256,2758,2271,2711,2755,2628,0,0,0,0,0,0,0,0,C
647266,2758,2252,2705,2760,2626,0,0,0,0,0,0,0,0,C
647300,2759,2255,2704,2751,2638,0,0,0,0,0,0,0,0,C
647345,2752,2274,2708,2752,2632,0,0,0,0,0,0,0,0,C
647356,2764,2272,2706,2758,2629,0,0,0,0,0,0,0,0,C
647390,2774,2246,2709,2755,2623,0,0,0,0,0,0,0,0,C
647400,2764,2263,2707,2752,2643,0,0,0,0,0,0,0,0,C
647435,2749,2270,2694,2748,2614,0,0,0,0,0,0,0,0,C
647480,2758,2258,2716,2747,2636,0,0,0,0,0,0,0,0,C
647491,2767,2273,2709,2764,2621,0,0,0,0,0,0,0,0,C
647525,2751,2272,2704,2744,2620,0,0,0,0,0,0,0,0,C
647535,2768,2258,2707,2748,2632,0,0,0,0,0,0,0,0,C
647615,2759,2268,2705,2747,2648,0,0,0,0,0,0,0,0,C
647625,2761,2260,2706,2752,2647,0,0,0,0,0,0,0,0,C
647660,2755,2265,2716,2757,2641,0,0,0,0,0,0,0,0,C
647670,2759,2267,2703,2753,2612,0,0,0,0,0,0,0,0,C
647705,2771,2272,2695,2754,2643,0,0,0,0,0,0,0,0,C
647715,2753,2263,2698,2757,2640,0,0,0,0,0,0,0,0,C
647750,2761,2262,2702,2762,2644,0,0,0,0,0,0,0,0,C
647796,2754,2261,2709,2742,2629,0,0,0,0,0,0,0,0,C
647806,2754,2276,2710,2755,2641,0,0,0,0,0,0,0,0,C
647840,2755,2284,2710,2745,2629,0,0,0,0,0,0,0,0,C
647885,2762,2272,2713,2754,2607,0,0,0,0,0,0,0,0,C
647895,2764,2259,2706,2741,2636,0,0,0,0,0,0,0,0,C
647930,2758,2264,2687,2754,2621,0,0,0,0,0,0,0,0,C
647940,2768,2275,2710,2751,2624,0,0,0,0,0,0,0,0,C
647975,2750,2258,2700,2739,2628,0,0,0,0,0,0,0,0,C
647985,2762,2253,2709,2747,2623,0,0,0,0,0,0,0,0,C
648020,2760,2263,2702,2744,2625,0,0,0,0,0,0,0,0,C
648030,2768,2260,2709,2752,2644,0,0,0,0,0,0,0,0,C
648065,2757,2267,2712,2758,2636,0,0,0,0,0,0,0,0,C
648075,2751,2255,2714,2750,2641,0,0,0,0,0,0,0,0,C
648110,2763,2271,2713,2751,2619,0,0,0,0,0,0,0,0,C
648121,2761,2271,2703,2743,2637,0,0,0,0,0,0,0,0,C
648155,2748,2254,2692,2752,2617,0,0,0,0,0,0,0,0,C
648165,2755,2273,2707,2753,2628,0,0,0,0,0,0,0,0,C
648200,2752,2271,2689,2747,2620,0,0,0,0,0,0,0,0,C
648210,2772,2271,2706,2752,2625,0,0,0,0,0,0,0,0,C
648245,2755,2272,2712,2751,2627,0,0,0,0,0,0,0,0,C
648255,2749,2266,2720,2752,2640,0,0,0,0,0,0,0,0,C
648290,2748,2263,2693,2746,2640,0,0,0,0,0,0,0,0,C
648300,2765,2274,2705,2752,2640,0,0,0,0,0,0,0,0,C
648335,2760,2280,2713,2756,2627,0,0,0,0,0,0,0,0,C
648380,2757,2267,2710,2755,2637,0,0,0,0,0,0,0,0,C
648390,2763,2267,2705,2753,2628,0,0,0,0,0,0,0,0,C
648425,2740,2259,2689,2742,2612,0,0,0,0,0,0,0,0,C
648435,2768,2276,2710,2750,2632,0,0,0,0,0,0,0,0,C
648470,2759,2269,2703,2751,2639,0,0,0,0,0,0,0,0,C
648480,2759,2272,2706,2752,2628,0,0,0,0,0,0,0,0,C
648515,2762,2275,2704,2752,2642,0,0,0,0,0,0,0,0,C
648525,2759,2263,2710,2743,2626,0,0,0,0,0,0,0,0,C
648561,2757,2264,2708,2755,2643,0,0,0,0,0,0,0,0,C
648571,2764,2274,2694,2750,2620,0,0,0,0,0,0,0,0,C
648606,2764,2275,2708,2762,2639,0,0,0,0,0,0,0,0,C
648616,2753,2276,2708,2760,2617,0,0,0,0,0,0,0,0,C
648650,2760,2267,2702,2753,2625,0,0,0,0,0,0,0,0,C
648660,2760,2256,2707,2753,2636,0,0,0,0,0,0,0,0,C
648695,2760,2275,2692,2747,2623,0,0,0,0,0,0,0,0,C
648705,2768,2276,2720,2744,2632,0,0,0,0,0,0,0,0,C
648740,2758,2264,2711,2753,2619,0,0,0,0,0,0,0,0,C
648750,2760,2270,2700,2751,2631,0,0,0,0,0,0,0,0,C
648785,2759,2265,2709,2753,2623,0,0,0,0,0,0,0,0,C
648795,2764,2288,2697,2758,2616,0,0,0,0,0,0,0,0,C
648830,2759,2276,2699,2754,2635,0,0,0,0,0,0,0,0,C
648840,2758,2268,2703,2751,2640,0,0,0,0,0,0,0,0,C
648875,2755,2267,2701,2752,2616,0,0,0,0,0,0,0,0,C
648885,2753,2274,2703,2751,2632,0,0,0,0,0,0,0,0,C
648920,2765,2269,2710,2749,2627,0,0,0,0,0,0,0,0,C
648965,2761,2266,2701,2732,2630,0,0,0,0,0,0,0,0,C
648976,2746,2271,2695,2754,2628,0,0,0,0,0,0,0,0,C
649010,2759,2268,2710,2759,2643,0,0,0,0,0,0,0,0,C
649020,2763,2273,2715,2761,2624,0,0,0,0,0,0,0,0,C
649055,2772,2279,2704,2760,2627,0,0,0,0,0,0,0,0,C
649065,2765,2267,2708,2748,2630,0,0,0,0,0,0,0,0,C
649100,2764,2276,2712,2751,2630,0,0,0,0,0,0,0,0,C
649110,2761,2278,2708,2756,2636,0,0,0,0,0,0,0,0,C
649145,2756,2261,2704,2747,2633,0,0,0,0,0,0,0,0,C
649155,2766,2268,2707,2754,2635,0,0,0,0,0,0,0,0,C
649190,2758,2263,2689,2756,2631,0,0,0,0,0,0,0,0,C
649200,2773,2262,2716,2746,2633,0,0,0,0,0,0,0,0,C
649235,2757,2271,2702,2752,2620,0,0,0,0,0,0,0,0,C
649245,2755,2272,2699,2757,2628,0,0,0,0,0,0,0,0,C
649280,2763,2272,2705,2758,2624,0,0,0,0,0,0,0,0,C
649290,2759,2272,2700,2752,2625,0,0,0,0,0,0,0,0,C
649325,2751,2266,2706,2747,2621,0,0,0,0,0,0,0,0,C
649335,2764,2278,2714,2755,2636,0,0,0,0,0,0,0,0,C
649370,2757,2271,2711,2757,2639,0,0,0,0,0,0,0,0,C
649416,2754,2268,2712,2748,2640,0,0,0,0,0,0,0,0,C
649426,2762,2272,2705,2739,2626,0,0,0,0,0,0,0,0,C
649550,2763,2272,2708,2756,2647,0,0,0,0,0,0,0,0,C
649560,2762,2277,2710,2758,2633,0,0,0,0,0,0,0,0,C
649595,2761,2263,2699,2745,2614,0,0,0,0,0,0,0,0,C
649605,2762,2263,2710,2749,2625,0,0,0,0,0,0,0,0,C
649640,2761,2274,2710,2752,2622,0,0,0,0,0,0,0,0,C
649650,2761,2254,2705,2756,2628,0,0,0,0,0,0,0,0,C
649685,2772,2255,2710,2758,2628,0,0,0,0,0,0,0,0,C
649695,2755,2258,2709,2754,2631,0,0,0,0,0,0,0,0,C
649730,2749,2273,2711,2760,2626,0,0,0,0,0,0,0,0,C
649740,2768,2268,2707,2752,2639,0,0,0,0,0,0,0,0,C
649775,2747,2256,2702,2748,2612,0,0,0,0,0,0,0,0,C
649785,2760,2273,2704,2758,2618,0,0,0,0,0,0,0,0,C
649820,2760,2262,2705,2747,2640,0,0,0,0,0,0,0,0,C
649830,2759,2280,2703,2758,2635,0,0,0,0,0,0,0,0,C
649865,2755,2270,2706,2755,2619,0,0,0,0,0,0,0,0,C
649876,2759,2276,2703,2757,2623,0,0,0,0,0,0,0,0,C
649955,2759,2270,2715,2749,2632,0,0,0,0,0,0,0,0,C
649965,2764,2256,2715,2752,2642,0,0,0,0,0,0,0,0,C
650000,2763,2269,2711,2751,2634,0,0,0,0,0,0,0,0,C
650010,2757,2267,2712,2753,2624,0,0,0,0,0,0,0,0,C
650045,2770,2265,2708,2755,2639,0,0,0,0,0,0,0,0,C
650055,2762,2263,2709,2756,2632,0,0,0,0,0,0,0,0,C
650090,2751,2266,2705,2756,2645,0,0,0,0,0,0,0,0,C
650100,2761,2263,2695,2760,2635,0,0,0,0,0,0,0,0,C
650135,2764,2261,2706,2750,2628,0,0,0,0,0,0,0,0,C
650145,2755,2267,2703,2753,2637,0,0,0,0,0,0,0,0,C
650180,2767,2270,2714,2761,2622,0,0,0,0,0,0,0,0,C
650190,2753,2282,2705,2758,2621,0,0,0,0,0,0,0,0,C
650225,2750,2275,2695,2756,2623,0,0,0,0,0,0,0,0,C
650235,2763,2270,2709,2750,2637,0,0,0,0,0,0,0,0,C
650270,2766,2269,2708,2754,2609,0,0,0,0,0,0,0,0,C
650281,2765,2271,2701,2759,2630,0,0,0,0,0,0,0,0,C
650315,2758,2273,2700,2747,2635,0,0,0,0,0,0,0,0,C
650326,2762,2265,2695,2760,2637,0,0,0,0,0,0,0,0,C
650360,2763,2270,2704,2757,2640,0,0,0,0,0,0,0,0,C
650371,2759,2264,2704,2752,2640,0,0,0,0,0,0,0,0,C
650405,2743,2261,2707,2743,2629,0,0,0,0,0,0,0,0,C
650416,2758,2278,2707,2741,2638,0,0,0,0,0,0,0,0,C
650450,2756,2265,2705,2751,2621,0,0,0,0,0,0,0,0,C
732394,2744,2582,2615,2647,2479,0,0,0,0,0,0,0,0,D
732404,2737,2597,2603,2652,2470,0,0,0,0,0,0,0,0,D
732439,2731,2596,2615,2654,2461,0,0,0,0,0,0,0,0,D
732449,2742,2603,2616,2655,2472,0,0,0,0,0,0,0,0,D
732484,2738,2584,2628,2645,2461,0,0,0,0,0,0,0,0,D
732494,2746,2596,2618,2645,2468,0,0,0,0,0,0,0,0,D
732529,2739,2601,2617,2640,2479,0,0,0,0,0,0,0,0,D
732539,2740,2594,2621,2648,2469,0,0,0,0,0,0,0,0,D
732574,2735,2600,2624,2653,2475,0,0,0,0,0,0,0,0,D
732584,2742,2596,2612,2656,2474,0,0,0,0,0,0,0,0,D
732619,2744,2595,2628,2656,2469,0,0,0,0,0,0,0,0,D
732629,2748,2595,2626,2650,2476,0,0,0,0,0,0,0,0,D
732664,2745,2600,2628,2650,2478,0,0,0,0,0,0,0,0,D
732674,2740,2597,2628,2639,2475,0,0,0,0,0,0,0,0,D
732709,2738,2592,2623,2656,2479,0,0,0,0,0,0,0,0,D
732719,2750,2596,2620,2647,2473,0,0,0,0,0,0,0,0,D
732754,2740,2595,2624,2656,2477,0,0,0,0,0,0,0,0,D
732764,2736,2590,2625,2647,2474,0,0,0,0,0,0,0,0,D
732799,2742,2590,2632,2655,2463,0,0,0,0,0,0,0,0,D
732809,2744,2608,2599,2648,2462,0,0,0,0,0,0,0,0,D
732844,2747,2595,2626,2656,2475,0,0,0,0,0,0,0,0,D
732854,2749,2600,2619,2650,2477,0,0,0,0,0,0,0,0,D
732889,2739,2583,2609,2644,2466,0,0,0,0,0,0,0,0,D
732899,2744,2591,2622,2656,2483,0,0,0,0,0,0,0,0,D
732934,2727,2604,2611,2644,2464,0,0,0,0,0,0,0,0,D
732944,2730,2599,2616,2647,2480,0,0,0,0,0,0,0,0,D
732979,2737,2593,2632,2647,2484,0,0,0,0,0,0,0,0,D
732989,2739,2599,2617,2647,2464,0,0,0,0,0,0,0,0,D
733024,2737,2594,2616,2649,2472,0,0,0,0,0,0,0,0,D
733034,2746,2596,2615,2643,2462,0,0,0,0,0,0,0,0,D
733069,2731,2601,2613,2645,2472,0,0,0,0,0,0,0,0,D
733079,2739,2597,2625,2656,2476,0,0,0,0,0,0,0,0,D
733114,2742,2602,2628,2637,2467,0,0,0,0,0,0,0,0,D
733124,2743,2600,2626,2647,2470,0,0,0,0,0,0,0,0,D
733159,2734,2590,2607,2645,2466,0,0,0,0,0,0,0,0,D
733204,2741,2596,2632,2644,2464,0,0,0,0,0,0,0,0,D
733214,2745,2596,2624,2657,2478,0,0,0,0,0,0,0,0,D
733249,2740,2587,2622,2646,2474,0,0,0,0,0,0,0,0,D
733259,2737,2599,2611,2646,2465,0,0,0,0,0,0,0,0,D
733294,2735,2594,2619,2651,2460,0,0,0,0,0,0,0,0,D
733304,2746,2583,2611,2644,2468,0,0,0,0,0,0,0,0,D
733339,2741,2595,2619,2650,2468,0,0,0,0,0,0,0,0,D
733349,2731,2602,2618,2652,2466,0,0,0,0,0,0,0,0,D
733384,2739,2589,2612,2635,2463,0,0,0,0,0,0,0,0,D
733394,2744,2593,2616,2638,2466,0,0,0,0,0,0,0,0,D
733429,2734,2598,2613,2648,2472,0,0,0,0,0,0,0,0,D
733439,2733,2594,2612,2643,2466,0,0,0,0,0,0,0,0,D
733474,2734,2589,2632,2628,2454,0,0,0,0,0,0,0,0,D
733484,2745,2590,2614,2650,2467,0,0,0,0,0,0,0,0,D
733519,2744,2592,2622,2651,2469,0,0,0,0,0,0,0,0,D
733529,2746,2602,2619,2657,2476,0,0,0,0,0,0,0,0,D
733564,2732,2596,2617,2652,2476,0,0,0,0,0,0,0,0,D
733574,2745,2604,2620,2650,2472,0,0,0,0,0,0,0,0,D
733609,2743,2592,2611,2644,2472,0,0,0,0,0,0,0,0,D
733619,2740,2603,2615,2649,2458,0,0,0,0,0,0,0,0,D
733654,2736,2592,2628,2640,2464,0,0,0,0,0,0,0,0,D
733664,2733,2604,2623,2640,2469,0,0,0,0,0,0,0,0,D
733699,2740,2587,2620,2658,2470,0,0,0,0,0,0,0,0,D
733709,2743,2593,2619,2640,2472,0,0,0,0,0,0,0,0,D
733744,2742,2592,2616,2645,2467,0,0,0,0,0,0,0,0,D
733754,2731,2593,2612,2649,2483,0,0,0,0,0,0,0,0,D
733789,2732,2591,2620,2647,2468,0,0,0,0,0,0,0,0,D
733799,2740,2600,2619,2650,2483,0,0,0,0,0,0,0,0,D
733834,2731,2596,2613,2649,2472,0,0,0,0,0,0,0,0,D
733844,2743,2597,2614,2645,2472,0,0,0,0,0,0,0,0,D
733879,2746,2600,2622,2653,2465,0,0,0,0,0,0,0,0,D
733889,2737,2600,2615,2640,2468,0,0,0,0,0,0,0,0,D
733924,2739,2573,2624,2657,2467,0,0,0,0,0,0,0,0,D
733934,2739,2603,2620,2644,2470,0,0,0,0,0,0,0,0,D
733969,2742,2591,2609,2648,2457,0,0,0,0,0,0,0,0,D
733979,2741,2600,2614,2660,2470,0,0,0,0,0,0,0,0,D
734014,2735,2592,2617,2641,2467,0,0,0,0,0,0,0,0,D
734024,2735,2602,2624,2639,2458,0,0,0,0,0,0,0,0,D
734059,2743,2588,2617,2646,2482,0,0,0,0,0,0,0,0,D
734069,2739,2599,2619,2655,2467,0,0,0,0,0,0,0,0,D
734104,2745,2599,2618,2654,2472,0,0,0,0,0,0,0,0,D
734114,2739,2584,2616,2647,2463,0,0,0,0,0,0,0,0,D
734149,2735,2590,2619,2646,2459,0,0,0,0,0,0,0,0,D
734159,2735,2584,2608,2641,2471,0,0,0,0,0,0,0,0,D
734194,2737,2584,2617,2643,2461,0,0,0,0,0,0,0,0,D
734204,2743,2598,2624,2656,2472,0,0,0,0,0,0,0,0,D
734239,2734,2598,2617,2648,2469,0,0,0,0,0,0,0,0,D
734249,2744,2594,2617,2662,2482,0,0,0,0,0,0,0,0,D
734284,2726,2595,2622,2656,2471,0,0,0,0,0,0,0,0,D
734294,2741,2601,2621,2652,2472,0,0,0,0,0,0,0,0,D
734329,2739,2598,2619,2651,2476,0,0,0,0,0,0,0,0,D
734339,2739,2603,2611,2655,2453,0,0,0,0,0,0,0,0,D
734374,2750,2600,2616,2654,2488,0,0,0,0,0,0,0,0,D
734384,2747,2600,2622,2647,2478,0,0,0,0,0,0,0,0,D
734419,2741,2587,2616,2645,2473,0,0,0,0,0,0,0,0,D
734429,2745,2590,2629,2646,2471,0,0,0,0,0,0,0,0,D
734464,2734,2600,2618,2641,2472,0,0,0,0,0,0,0,0,D
734474,2745,2599,2611,2653,2448,0,0,0,0,0,0,0,0,D
734509,2745,2600,2615,2645,2468,0,0,0,0,0,0,0,0,D
734519,2745,2588,2628,2640,2472,0,0,0,0,0,0,0,0,D
734554,2749,2601,2621,2655,2473,0,0,0,0,0,0,0,0,D
734564,2730,2600,2617,2660,2462,0,0,0,0,0,0,0,0,D
734599,2747,2593,2624,2643,2470,0,0,0,0,0,0,0,0,D
734609,2742,2605,2623,2648,2466,0,0,0,0,0,0,0,0,D
734644,2736,2589,2613,2644,2471,0,0,0,0,0,0,0,0,D
734654,2744,2596,2612,2648,2464,0,0,0,0,0,0,0,0,D
734689,2741,2599,2615,2639,2472,0,0,0,0,0,0,0,0,D
734699,2746,2594,2621,2647,2471,0,0,0,0,0,0,0,0,D
734734,2733,2587,2617,2648,2467,0,0,0,0,0,0,0,0,D
734744,2741,2591,2626,2641,2473,0,0,0,0,0,0,0,0,D
734779,2728,2594,2628,2651,2464,0,0,0,0,0,0,0,0,D
734789,2745,2590,2619,2655,2448,0,0,0,0,0,0,0,0,D
734824,2731,2610,2611,2653,2450,0,0,0,0,0,0,0,0,D
734834,2744,2598,2623,2655,2479,0,0,0,0,0,0,0,0,D
734869,2740,2600,2620,2648,2463,0,0,0,0,0,0,0,0,D
734879,2746,2597,2624,2653,2465,0,0,0,0,0,0,0,0,D
734914,2735,2592,2622,2642,2452,0,0,0,0,0,0,0,0,D
734924,2742,2596,2615,2647,2473,0,0,0,0,0,0,0,0,D
734959,2743,2600,2618,2645,2471,0,0,0,0,0,0,0,0,D
735004,2736,2587,2613,2643,2468,0,0,0,0,0,0,0,0,D
735014,2737,2592,2624,2656,2468,0,0,0,0,0,0,0,0,D
735049,2743,2598,2620,2651,2461,0,0,0,0,0,0,0,0,D
735059,2741,2588,2624,2645,2473,0,0,0,0,0,0,0,0,D
735094,2730,2599,2613,2639,2475,0,0,0,0,0,0,0,0,D
735104,2744,2608,2619,2649,2461,0,0,0,0,0,0,0,0,D
735139,2738,2594,2628,2649,2464,0,0,0,0,0,0,0,0,D
735184,2727,2591,2611,2653,2472,0,0,0,0,0,0,0,0,D
735195,2739,2596,2618,2643,2468,0,0,0,0,0,0,0,0,D
735229,2739,2599,2619,2657,2461,0,0,0,0,0,0,0,0,D
735239,2739,2595,2611,2643,2468,0,0,0,0,0,0,0,0,D
735274,2737,2583,2621,2652,2443,0,0,0,0,0,0,0,0,D
735284,2745,2598,2619,2656,2471,0,0,0,0,0,0,0,0,D
735319,2739,2591,2619,2649,2469,0,0,0,0,0,0,0,0,D
735329,2742,2591,2624,2647,2472,0,0,0,0,0,0,0,0,D
735364,2723,2587,2627,2659,2471,0,0,0,0,0,0,0,0,D
735374,2752,2592,2617,2658,2459,0,0,0,0,0,0,0,0,D
735409,2738,2597,2614,2652,2463,0,0,0,0,0,0,0,0,D
735419,2746,2601,2628,2655,2479,0,0,0,0,0,0,0,0,D
735454,2754,2585,2621,2648,2471,0,0,0,0,0,0,0,0,D
735499,2749,2599,2626,2646,2486,0,0,0,0,0,0,0,0,D
735509,2735,2584,2620,2652,2463,0,0,0,0,0,0,0,0,D
735544,2742,2593,2625,2653,2469,0,0,0,0,0,0,0,0,D
735554,2738,2586,2623,2653,2470,0,0,0,0,0,0,0,0,D
735589,2744,2591,2619,2649,2479,0,0,0,0,0,0,0,0,D
735599,2732,2601,2625,2646,2471,0,0,0,0,0,0,0,0,D
735634,2738,2595,2620,2655,2473,0,0,0,0,0,0,0,0,D
735644,2748,2598,2613,2649,2460,0,0,0,0,0,0,0,0,D
735679,2735,2605,2613,2646,2473,0,0,0,0,0,0,0,0,D
735689,2734,2592,2627,2646,2472,0,0,0,0,0,0,0,0,D
735724,2744,2601,2622,2647,2470,0,0,0,0,0,0,0,0,D
735734,2742,2599,2616,2656,2471,0,0,0,0,0,0,0,0,D
735769,2742,2608,2624,2652,2471,0,0,0,0,0,0,0,0,D
735779,2742,2600,2623,2653,2470,0,0,0,0,0,0,0,0,D
735814,2741,2579,2615,2652,2472,0,0,0,0,0,0,0,0,D
735824,2739,2612,2619,2648,2475,0,0,0,0,0,0,0,0,D
735859,2745,2601,2621,2657,2474,0,0,0,0,0,0,0,0,D
735869,2744,2605,2631,2638,2466,0,0,0,0,0,0,0,0,D
735904,2746,2601,2623,2645,2483,0,0,0,0,0,0,0,0,D
735914,2745,2602,2629,2655,2473,0,0,0,0,0,0,0,0,D
735949,2734,2591,2626,2650,2469,0,0,0,0,0,0,0,0,D
735959,2738,2590,2623,2663,2485,0,0,0,0,0,0,0,0,D
735994,2744,2600,2618,2649,2452,0,0,0,0,0,0,0,0,D
736039,2735,2595,2620,2650,2479,0,0,0,0,0,0,0,0,D
736049,2737,2593,2616,2642,2460,0,0,0,0,0,0,0,0,D
736084,2734,2597,2627,2652,2474,0,0,0,0,0,0,0,0,D
736094,2733,2594,2623,2637,2445,0,0,0,0,0,0,0,0,D
736129,2744,2605,2621,2651,2471,0,0,0,0,0,0,0,0,D
736139,2738,2593,2616,2651,2482,0,0,0,0,0,0,0,0,D
736174,2740,2594,2624,2650,2467,0,0,0,0,0,0,0,0,D
736184,2743,2591,2626,2647,2458,0,0,0,0,0,0,0,0,D
736219,2740,2594,2613,2656,2473,0,0,0,0,0,0,0,0,D
736229,2744,2596,2624,2654,2468,0,0,0,0,0,0,0,0,D
736264,2744,2596,2632,2657,2471,0,0,0,0,0,0,0,0,D
736274,2743,2594,2617,2645,2464,0,0,0,0,0,0,0,0,D
736309,2735,2596,2620,2653,2469,0,0,0,0,0,0,0,0,D
736319,2744,2596,2617,2655,2464,0,0,0,0,0,0,0,0,D
736354,2739,2596,2619,2647,2465,0,0,0,0,0,0,0,0,D
736364,2747,2607,2623,2650,2476,0,0,0,0,0,0,0,0,D
736399,2750,2595,2621,2655,2471,0,0,0,0,0,0,0,0,D
736409,2739,2588,2629,2659,2468,0,0,0,0,0,0,0,0,D
736444,2744,2600,2614,2647,2461,0,0,0,0,0,0,0,0,D
736454,2733,2608,2624,2646,2474,0,0,0,0,0,0,0,0,D
736489,2733,2591,2621,2650,2484,0,0,0,0,0,0,0,0,D
736499,2735,2601,2615,2650,2474,0,0,0,0,0,0,0,0,D
736534,2740,2600,2619,2660,2473,0,0,0,0,0,0,0,0,D
736544,2735,2600,2624,2652,2470,0,0,0,0,0,0,0,0,D
736579,2741,2593,2621,2647,2464,0,0,0,0,0,0,0,0,D
736589,2733,2587,2622,2647,2473,0,0,0,0,0,0,0,0,D
736624,2740,2595,2618,2655,2465,0,0,0,0,0,0,0,0,D
736634,2741,2591,2624,2658,2471,0,0,0,0,0,0,0,0,D
736669,2733,2592,2619,2648,2462,0,0,0,0,0,0,0,0,D
736679,2740,2600,2625,2654,2468,0,0,0,0,0,0,0,0,D
736714,2732,2599,2625,2655,2477,0,0,0,0,0,0,0,0,D
736724,2740,2598,2618,2653,2470,0,0,0,0,0,0,0,0,D
736759,2740,2585,2629,2651,2476,0,0,0,0,0,0,0,0,D
736769,2747,2595,2628,2649,2474,0,0,0,0,0,0,0,0,D
736804,2740,2595,2613,2631,2477,0,0,0,0,0,0,0,0,D
736814,2743,2587,2618,2654,2472,0,0,0,0,0,0,0,0,D
736849,2735,2596,2620,2644,2483,0,0,0,0,0,0,0,0,D
736859,2734,2604,2630,2648,2470,0,0,0,0,0,0,0,0,D
736894,2741,2599,2625,2648,2461,0,0,0,0,0,0,0,0,D
736904,2735,2595,2618,2653,2480,0,0,0,0,0,0,0,0,D
736939,2736,2612,2615,2651,2466,0,0,0,0,0,0,0,0,D
736949,2747,2600,2619,2645,2457,0,0,0,0,0,0,0,0,D
736984,2742,2594,2616,2658,2475,0,0,0,0,0,0,0,0,D
736994,2748,2587,2623,2649,2469,0,0,0,0,0,0,0,0,D
737029,2738,2585,2620,2648,2467,0,0,0,0,0,0,0,0,D
737039,2731,2593,2607,2644,2473,0,0,0,0,0,0,0,0,D
737074,2741,2600,2620,2646,2464,0,0,0,0,0,0,0,0,D
737084,2741,2598,2618,2650,2453,0,0,0,0,0,0,0,0,D
737119,2756,2597,2624,2653,2475,0,0,0,0,0,0,0,0,D
737129,2736,2604,2634,2652,2483,0,0,0,0,0,0,0,0,D
737164,2731,2594,2612,2656,2463,0,0,0,0,0,0,0,0,D
737174,2736,2597,2612,2647,2475,0,0,0,0,0,0,0,0,D
737209,2743,2587,2613,2656,2482,0,0,0,0,0,0,0,0,D
737219,2739,2593,2609,2650,2470,0,0,0,0,0,0,0,0,D
737254,2744,2608,2619,2658,2466,0,0,0,0,0,0,0,0,D
737264,2738,2593,2615,2654,2475,0,0,0,0,0,0,0,0,D
737299,2747,2596,2619,2651,2470,0,0,0,0,0,0,0,0,D
737309,2739,2606,2625,2647,2469,0,0,0,0,0,0,0,0,D
737344,2739,2594,2626,2653,2483,0,0,0,0,0,0,0,0,D
737354,2744,2586,2624,2646,2480,0,0,0,0,0,0,0,0,D
737389,2731,2599,2624,2654,2472,0,0,0,0,0,0,0,0,D
737399,2737,2596,2607,2647,2490,0,0,0,0,0,0,0,0,D
737434,2732,2600,2623,2647,2465,0,0,0,0,0,0,0,0,D
737444,2744,2597,2618,2656,2471,0,0,0,0,0,0,0,0,D
737479,2744,2592,2625,2653,2470,0,0,0,0,0,0,0,0,D
737489,2741,2583,2621,2656,2477,0,0,0,0,0,0,0,0,D
737524,2742,2590,2616,2641,2467,0,0,0,0,0,0,0,0,D
737534,2742,2589,2620,2652,2478,0,0,0,0,0,0,0,0,D
737569,2737,2595,2610,2651,2467,0,0,0,0,0,0,0,0,D
737579,2738,2597,2623,2656,2472,0,0,0,0,0,0,0,0,D
737614,2732,2600,2630,2656,2482,0,0,0,0,0,0,0,0,D
737624,2741,2590,2631,2647,2481,0,0,0,0,0,0,0,0,D
737659,2733,2599,2628,2639,2477,0,0,0,0,0,0,0,0,D
737669,2744,2600,2625,2655,2472,0,0,0,0,0,0,0,0,D
737704,2752,2595,2620,2644,2473,0,0,0,0,0,0,0,0,D
737714,2734,2593,2614,2656,2480,0,0,0,0,0,0,0,0,D
737749,2731,2597,2632,2648,2474,0,0,0,0,0,0,0,0,D
737759,2733,2583,2624,2652,2464,0,0,0,0,0,0,0,0,D
737794,2744,2594,2621,2649,2439,0,0,0,0,0,0,0,0,D
737804,2736,2604,2626,2639,2469,0,0,0,0,0,0,0,0,D
737839,2732,2588,2608,2639,2459,0,0,0,0,0,0,0,0,D
737849,2723,2583,2621,2639,2455,0,0,0,0,0,0,0,0,D
737884,2734,2600,2625,2655,2469,0,0,0,0,0,0,0,0,D
737929,2735,2601,2615,2647,2472,0,0,0,0,0,0,0,0,D
737939,2731,2592,2615,2650,2473,0,0,0,0,0,0,0,0,D
737974,2736,2604,2627,2656,2480,0,0,0,0,0,0,0,0,D
737984,2746,2602,2621,2659,2463,0,0,0,0,0,0,0,0,D
738019,2742,2595,2621,2645,2463,0,0,0,0,0,0,0,0,D
738029,2738,2599,2622,2644,2466,0,0,0,0,0,0,0,0,D
738064,2738,2593,2615,2639,2473,0,0,0,0,0,0,0,0,D
738074,2740,2592,2617,2650,2462,0,0,0,0,0,0,0,0,D
738109,2727,2584,2616,2651,2464,0,0,0,0,0,0,0,0,D
738119,2742,2598,2607,2646,2467,0,0,0,0,0,0,0,0,D
738154,2734,2597,2630,2657,2480,0,0,0,0,0,0,0,0,D
738164,2741,2605,2612,2654,2488,0,0,0,0,0,0,0,0,D
738199,2739,2591,2619,2649,2461,0,0,0,0,0,0,0,0,D
738244,2734,2587,2617,2654,2472,0,0,0,0,0,0,0,0,D
738255,2744,2593,2624,2661,2468,0,0,0,0,0,0,0,0,D
738289,2729,2583,2605,2642,2461,0,0,0,0,0,0,0,0,D
738299,2735,2596,2624,2650,2481,0,0,0,0,0,0,0,0,D
738334,2738,2605,2615,2660,2464,0,0,0,0,0,0,0,0,D
738344,2733,2591,2618,2655,2471,0,0,0,0,0,0,0,0,D
738379,2734,2593,2617,2657,2459,0,0,0,0,0,0,0,0,D
738389,2742,2588,2625,2657,2467,0,0,0,0,0,0,0,0,D
738424,2731,2591,2624,2639,2470,0,0,0,0,0,0,0,0,D
738434,2742,2595,2612,2656,2480,0,0,0,0,0,0,0,0,D
738469,2742,2593,2619,2649,2475,0,0,0,0,0,0,0,0,D
738479,2741,2596,2620,2650,2466,0,0,0,0,0,0,0,0,D
738514,2734,2604,2617,2665,2468,0,0,0,0,0,0,0,0,D
738524,2744,2589,2626,2648,2470,0,0,0,0,0,0,0,0,D
738559,2735,2593,2624,2647,2478,0,0,0,0,0,0,0,0,D
738569,2743,2595,2629,2656,2468,0,0,0,0,0,0,0,0,D
738604,2728,2597,2614,2642,2472,0,0,0,0,0,0,0,0,D
738614,2735,2593,2625,2650,2461,0,0,0,0,0,0,0,0,D
738649,2740,2601,2612,2650,2468,0,0,0,0,0,0,0,0,D
738659,2744,2596,2629,2651,2448,0,0,0,0,0,0,0,0,D
738694,2736,2592,2620,2655,2471,0,0,0,0,0,0,0,0,D
738704,2745,2597,2630,2656,2476,0,0,0,0,0,0,0,0,D
738739,2736,2600,2621,2643,2471,0,0,0,0,0,0,0,0,D
738784,2723,2590,2618,2656,2467,0,0,0,0,0,0,0,0,D
738794,2732,2592,2606,2656,2453,0,0,0,0,0,0,0,0,D
738829,2731,2590,2619,2648,2465,0,0,0,0,0,0,0,0,D
738839,2739,2597,2615,2648,2462,0,0,0,0,0,0,0,0,D
738874,2739,2598,2623,2660,2463,0,0,0,0,0,0,0,0,D
738884,2740,2599,2624,2644,2467,0,0,0,0,0,0,0,0,D
738919,2738,2599,2623,2652,2475,0,0,0,0,0,0,0,0,D
738964,2740,2595,2609,2659,2464,0,0,0,0,0,0,0,0,D
738974,2733,2592,2625,2657,2472,0,0,0,0,0,0,0,0,D
739009,2726,2596,2618,2641,2468,0,0,0,0,0,0,0,0,D
739019,2744,2596,2623,2652,2472,0,0,0,0,0,0,0,0,D
739054,2742,2592,2622,2640,2480,0,0,0,0,0,0,0,0,D
739064,2748,2602,2624,2651,2468,0,0,0,0,0,0,0,0,D
739099,2733,2584,2621,2649,2480,0,0,0,0,0,0,0,0,D
739109,2732,2590,2614,2649,2475,0,0,0,0,0,0,0,0,D
739144,2744,2597,2615,2647,2467,0,0,0,0,0,0,0,0,D
739154,2741,2595,2627,2651,2471,0,0,0,0,0,0,0,0,D
739189,2736,2595,2613,2645,2465,0,0,0,0,0,0,0,0,D
739199,2733,2591,2614,2658,2466,0,0,0,0,0,0,0,0,D
739234,2736,2596,2626,2648,2467,0,0,0,0,0,0,0,0,D
739244,2738,2602,2609,2647,2470,0,0,0,0,0,0,0,0,D
739279,2735,2593,2616,2644,2467,0,0,0,0,0,0,0,0,D
739289,2740,2592,2615,2651,2481,0,0,0,0,0,0,0,0,D
739324,2729,2599,2619,2647,2459,0,0,0,0,0,0,0,0,D
1288586,2427,1756,2477,2566,2330,0,0,0,0,0,0,0,0,E
1288597,2438,1764,2489,2569,2317,0,0,0,0,0,0,0,0,E
1288631,2434,1768,2496,2572,2334,0,0,0,0,0,0,0,0,E
1288642,2424,1777,2488,2583,2334,0,0,0,0,0,0,0,0,E
1288676,2434,1744,2490,2580,2336,0,0,0,0,0,0,0,0,E
1288687,2445,1737,2482,2564,2310,0,0,0,0,0,0,0,0,E
1288721,2426,1757,2482,2576,2336,0,0,0,0,0,0,0,0,E
1288732,2445,1777,2492,2574,2346,0,0,0,0,0,0,0,0,E
1288766,2427,1762,2492,2565,2327,0,0,0,0,0,0,0,0,E
1288777,2443,1769,2495,2576,2322,0,0,0,0,0,0,0,0,E
1288811,2436,1747,2480,2576,2333,0,0,0,0,0,0,0,0,E
1288822,2436,1761,2487,2572,2336,0,0,0,0,0,0,0,0,E
1288856,2424,1755,2494,2580,2331,0,0,0,0,0,0,0,0,E
1288867,2433,1758,2481,2576,2333,0,0,0,0,0,0,0,0,E
1288901,2436,1768,2489,2568,2336,0,0,0,0,0,0,0,0,E
1288912,2445,1767,2498,2580,2339,0,0,0,0,0,0,0,0,E
1288946,2439,1772,2494,2578,2332,0,0,0,0,0,0,0,0,E
1288957,2449,1765,2485,2584,2331,0,0,0,0,0,0,0,0,E
1288991,2441,1771,2480,2575,2311,0,0,0,0,0,0,0,0,E
1289002,2424,1756,2485,2573,2332,0,0,0,0,0,0,0,0,E
1289036,2438,1769,2490,2566,2333,0,0,0,0,0,0,0,0,E
1289047,2428,1763,2496,2582,2329,0,0,0,0,0,0,0,0,E
1289081,2432,1766,2492,2575,2321,0,0,0,0,0,0,0,0,E
1289092,2435,1776,2496,2576,2340,0,0,0,0,0,0,0,0,E
1289126,2442,1761,2492,2580,2343,0,0,0,0,0,0,0,0,E
1289137,2428,1759,2487,2577,2335,0,0,0,0,0,0,0,0,E
1289171,2439,1763,2496,2571,2326,0,0,0,0,0,0,0,0,E
1289182,2439,1766,2486,2578,2341,0,0,0,0,0,0,0,0,E
1289216,2433,1758,2482,2574,2325,0,0,0,0,0,0,0,0,E
1289227,2435,1748,2491,2577,2332,0,0,0,0,0,0,0,0,E
1289261,2437,1760,2501,2568,2336,0,0,0,0,0,0,0,0,E
1289272,2437,1758,2483,2579,2332,0,0,0,0,0,0,0,0,E
1289306,2445,1772,2485,2579,2343,0,0,0,0,0,0,0,0,E
1289317,2444,1760,2482,2574,2333,0,0,0,0,0,0,0,0,E
1289351,2445,1759,2500,2572,2324,0,0,0,0,0,0,0,0,E
1289362,2440,1782,2487,2567,2340,0,0,0,0,0,0,0,0,E
1289397,2434,1772,2480,2570,2328,0,0,0,0,0,0,0,0,E
1289407,2439,1758,2487,2568,2319,0,0,0,0,0,0,0,0,E
1289441,2450,1747,2494,2580,2326,0,0,0,0,0,0,0,0,E
1289452,2439,1780,2481,2578,2336,0,0,0,0,0,0,0,0,E
1289486,2431,1771,2492,2582,2333,0,0,0,0,0,0,0,0,E
1289497,2452,1766,2494,2586,2336,0,0,0,0,0,0,0,0,E
1289531,2447,1756,2497,2576,2330,0,0,0,0,0,0,0,0,E
1289542,2433,1755,2483,2574,2335,0,0,0,0,0,0,0,0,E
1289576,2445,1776,2483,2579,2330,0,0,0,0,0,0,0,0,E
1289621,2435,1761,2481,2571,2327,0,0,0,0,0,0,0,0,E
1289632,2434,1772,2473,2578,2316,0,0,0,0,0,0,0,0,E
1289666,2441,1759,2492,2574,2334,0,0,0,0,0,0,0,0,E
1289677,2449,1762,2503,2575,2327,0,0,0,0,0,0,0,0,E
1289711,2440,1751,2497,2558,2328,0,0,0,0,0,0,0,0,E
1289722,2438,1764,2485,2569,2319,0,0,0,0,0,0,0,0,E
1289756,2454,1751,2492,2575,2322,0,0,0,0,0,0,0,0,E
1289767,2440,1764,2480,2576,2332,0,0,0,0,0,0,0,0,E
1289801,2437,1768,2491,2584,2343,0,0,0,0,0,0,0,0,E
1289812,2452,1764,2492,2566,2336,0,0,0,0,0,0,0,0,E
1289846,2450,1767,2479,2569,2343,0,0,0,0,0,0,0,0,E
1289857,2447,1777,2485,2564,2320,0,0,0,0,0,0,0,0,E
1289891,2433,1760,2488,2572,2332,0,0,0,0,0,0,0,0,E
1289937,2439,1747,2490,2578,2346,0,0,0,0,0,0,0,0,E
1289948,2445,1766,2500,2582,2328,0,0,0,0,0,0,0,0,E
1289981,2449,1763,2487,2581,2314,0,0,0,0,0,0,0,0,E
1289992,2452,1751,2489,2576,2328,0,0,0,0,0,0,0,0,E
1290026,2449,1772,2490,2577,2340,0,0,0,0,0,0,0,0,E
1290037,2452,1775,2491,2573,2341,0,0,0,0,0,0,0,0,E
1290071,2445,1780,2497,2572,2334,0,0,0,0,0,0,0,0,E
1290082,2439,1767,2483,2582,2334,0,0,0,0,0,0,0,0,E
1290116,2446,1765,2485,2575,2328,0,0,0,0,0,0,0,0,E
1290127,2436,1755,2485,2571,2336,0,0,0,0,0,0,0,0,E
1290161,2431,1780,2498,2575,2347,0,0,0,0,0,0,0,0,E
1290172,2446,1772,2497,2574,2323,0,0,0,0,0,0,0,0,E
1290206,2446,1771,2485,2569,2348,0,0,0,0,0,0,0,0,E
1290217,2440,1760,2496,2568,2319,0,0,0,0,0,0,0,0,E
1290251,2447,1774,2487,2575,2324,0,0,0,0,0,0,0,0,E
1290262,2442,1759,2494,2567,2327,0,0,0,0,0,0,0,0,E
1290296,2428,1769,2487,2584,2324,0,0,0,0,0,0,0,0,E
1290307,2447,1772,2484,2573,2338,0,0,0,0,0,0,0,0,E
1290341,2438,1773,2486,2574,2318,0,0,0,0,0,0,0,0,E
1290352,2453,1760,2478,2575,2324,0,0,0,0,0,0,0,0,E
1290386,2446,1770,2490,2568,2327,0,0,0,0,0,0,0,0,E
1290397,2441,1776,2498,2559,2318,0,0,0,0,0,0,0,0,E
1290476,2446,1770,2484,2571,2318,0,0,0,0,0,0,0,0,E
1290487,2451,1765,2493,2567,2329,0,0,0,0,0,0,0,0,E
1290521,2446,1773,2484,2571,2330,0,0,0,0,0,0,0,0,E
1290532,2445,1774,2494,2585,2329,0,0,0,0,0,0,0,0,E
1290566,2453,1768,2479,2570,2329,0,0,0,0,0,0,0,0,E
1290577,2433,1759,2481,2567,2331,0,0,0,0,0,0,0,0,E
1290611,2443,1781,2496,2580,2333,0,0,0,0,0,0,0,0,E
1290622,2442,1765,2491,2573,2327,0,0,0,0,0,0,0,0,E
1290656,2448,1766,2492,2569,2324,0,0,0,0,0,0,0,0,E
1290667,2445,1759,2487,2584,2333,0,0,0,0,0,0,0,0,E
1290701,2431,1772,2490,2566,2315,0,0,0,0,0,0,0,0,E
1290712,2441,1758,2481,2576,2325,0,0,0,0,0,0,0,0,E
1290746,2448,1771,2496,2584,2334,0,0,0,0,0,0,0,0,E
1290757,2446,1769,2484,2572,2338,0,0,0,0,0,0,0,0,E
1290791,2448,1772,2495,2580,2323,0,0,0,0,0,0,0,0,E
1290802,2456,1773,2489,2571,2324,0,0,0,0,0,0,0,0,E
1290836,2451,1768,2484,2577,2320,0,0,0,0,0,0,0,0,E
1290882,2454,1760,2492,2576,2323,0,0,0,0,0,0,0,0,E
1290892,2439,1769,2488,2570,2316,0,0,0,0,0,0,0,0,E
1290927,2440,1767,2476,2571,2328,0,0,0,0,0,0,0,0,E
1290937,2450,1777,2497,2586,2321,0,0,0,0,0,0,0,0,E
1290971,2453,1768,2496,2573,2305,0,0,0,0,0,0,0,0,E
1290982,2452,1776,2498,2573,2335,0,0,0,0,0,0,0,0,E
1291016,2446,1779,2487,2578,2322,0,0,0,0,0,0,0,0,E
1291027,2450,1766,2488,2580,2324,0,0,0,0,0,0,0,0,E
1291061,2445,1764,2496,2575,2322,0,0,0,0,0,0,0,0,E
1291072,2447,1767,2487,2571,2327,0,0,0,0,0,0,0,0,E
1291106,2445,1766,2489,2577,2338,0,0,0,0,0,0,0,0,E
1291117,2443,1766,2489,2578,2314,0,0,0,0,0,0,0,0,E
1291151,2448,1768,2484,2576,2324,0,0,0,0,0,0,0,0,E
1291162,2452,1778,2496,2573,2347,0,0,0,0,0,0,0,0,E
1291196,2447,1750,2490,2569,2330,0,0,0,0,0,0,0,0,E
1291207,2449,1765,2508,2579,2322,0,0,0,0,0,0,0,0,E
1291241,2445,1772,2483,2567,2329,0,0,0,0,0,0,0,0,E
1291252,2447,1765,2498,2578,2334,0,0,0,0,0,0,0,0,E
1291286,2456,1776,2485,2564,2312,0,0,0,0,0,0,0,0,E
1291297,2450,1754,2489,2584,2334,0,0,0,0,0,0,0,0,E
1291331,2439,1766,2498,2583,2331,0,0,0,0,0,0,0,0,E
1291342,2454,1765,2481,2570,2330,0,0,0,0,0,0,0,0,E
1291376,2450,1768,2487,2574,2319,0,0,0,0,0,0,0,0,E
1291387,2453,1770,2493,2580,2329,0,0,0,0,0,0,0,0,E
1291421,2437,1761,2478,2572,2331,0,0,0,0,0,0,0,0,E
1291432,2441,1769,2494,2571,2341,0,0,0,0,0,0,0,0,E
1291466,2441,1767,2494,2572,2320,0,0,0,0,0,0,0,0,E
1291477,2443,1772,2489,2576,2327,0,0,0,0,0,0,0,0,E
1291512,2447,1759,2491,2584,2323,0,0,0,0,0,0,0,0,E
1291522,2447,1768,2494,2582,2315,0,0,0,0,0,0,0,0,E
1291556,2451,1777,2481,2565,2326,0,0,0,0,0,0,0,0,E
1291567,2458,1767,2501,2581,2325,0,0,0,0,0,0,0,0,E
1291601,2445,1766,2497,2579,2326,0,0,0,0,0,0,0,0,E
1291612,2447,1759,2502,2568,2335,0,0,0,0,0,0,0,0,E
1291646,2445,1779,2491,2571,2329,0,0,0,0,0,0,0,0,E
1291657,2457,1773,2485,2577,2323,0,0,0,0,0,0,0,0,E
1291691,2449,1770,2502,2572,2333,0,0,0,0,0,0,0,0,E
1291702,2448,1771,2504,2576,2333,0,0,0,0,0,0,0,0,E
1291736,2452,1767,2488,2576,2336,0,0,0,0,0,0,0,0,E
1291747,2449,1765,2500,2575,2326,0,0,0,0,0,0,0,0,E
1291781,2440,1760,2495,2567,2330,0,0,0,0,0,0,0,0,E
1291792,2446,1750,2493,2578,2344,0,0,0,0,0,0,0,0,E
1291826,2432,1759,2494,2576,2326,0,0,0,0,0,0,0,0,E
1291837,2438,1770,2483,2577,2328,0,0,0,0,0,0,0,0,E
1291871,2443,1763,2489,2580,2338,0,0,0,0,0,0,0,0,E
1291916,2446,1770,2488,2570,2318,0,0,0,0,0,0,0,0,E
1291927,2452,1765,2490,2580,2332,0,0,0,0,0,0,0,0,E
1291961,2445,1776,2492,2580,2327,0,0,0,0,0,0,0,0,E
1291972,2450,1774,2496,2576,2336,0,0,0,0,0,0,0,0,E
1292006,2460,1757,2500,2571,2345,0,0,0,0,0,0,0,0,E
1292017,2455,1776,2497,2578,2336,0,0,0,0,0,0,0,0,E
1292051,2452,1778,2479,2574,2336,0,0,0,0,0,0,0,0,E
1292062,2460,1765,2500,2580,2344,0,0,0,0,0,0,0,0,E
1292096,2449,1763,2494,2567,2326,0,0,0,0,0,0,0,0,E
1292107,2453,1778,2499,2581,2336,0,0,0,0,0,0,0,0,E
1292141,2447,1763,2490,2572,2338,0,0,0,0,0,0,0,0,E
1292152,2445,1752,2504,2579,2318,0,0,0,0,0,0,0,0,E
1292186,2450,1769,2498,2573,2336,0,0,0,0,0,0,0,0,E
1292232,2450,1772,2485,2566,2335,0,0,0,0,0,0,0,0,E
1292242,2446,1772,2493,2569,2334,0,0,0,0,0,0,0,0,E
1292276,2458,1759,2500,2569,2320,0,0,0,0,0,0,0,0,E
1292287,2448,1771,2484,2581,2331,0,0,0,0,0,0,0,0,E
1292321,2447,1774,2487,2579,2334,0,0,0,0,0,0,0,0,E
1292332,2444,1778,2489,2575,2330,0,0,0,0,0,0,0,0,E
1292366,2448,1761,2481,2567,2320,0,0,0,0,0,0,0,0,E
1292377,2443,1771,2496,2577,2315,0,0,0,0,0,0,0,0,E
1292411,2454,1772,2490,2579,2336,0,0,0,0,0,0,0,0,E
1292422,2458,1764,2489,2567,2325,0,0,0,0,0,0,0,0,E
1292456,2436,1769,2485,2579,2340,0,0,0,0,0,0,0,0,E
1292467,2457,1787,2493,2579,2320,0,0,0,0,0,0,0,0,E
1292501,2453,1787,2491,2570,2318,0,0,0,0,0,0,0,0,E
1292512,2449,1763,2488,2571,2330,0,0,0,0,0,0,0,0,E
1292546,2448,1759,2499,2565,2324,0,0,0,0,0,0,0,0,E
1292557,2449,1750,2478,2573,2323,0,0,0,0,0,0,0,0,E
1292591,2456,1766,2498,2571,2323,0,0,0,0,0,0,0,0,E
1292602,2452,1767,2492,2569,2342,0,0,0,0,0,0,0,0,E
1292636,2437,1766,2484,2567,2336,0,0,0,0,0,0,0,0,E
1292647,2446,1776,2497,2575,2330,0,0,0,0,0,0,0,0,E
1292681,2454,1776,2489,2582,2337,0,0,0,0,0,0,0,0,E
1292692,2448,1771,2488,2579,2336,0,0,0,0,0,0,0,0,E
1292726,2446,1763,2486,2577,2332,0,0,0,0,0,0,0,0,E
1292737,2451,1761,2488,2571,2334,0,0,0,0,0,0,0,0,E
1292771,2444,1770,2483,2578,2332,0,0,0,0,0,0,0,0,E
1292782,2456,1770,2499,2565,2338,0,0,0,0,0,0,0,0,E
1292816,2455,1771,2483,2571,2322,0,0,0,0,0,0,0,0,E
1292827,2441,1767,2487,2587,2331,0,0,0,0,0,0,0,0,E
1292861,2448,1775,2495,2571,2340,0,0,0,0,0,0,0,0,E
1292872,2444,1764,2492,2569,2336,0,0,0,0,0,0,0,0,E
1292906,2445,1768,2483,2558,2329,0,0,0,0,0,0,0,0,E
1292917,2452,1753,2496,2574,2336,0,0,0,0,0,0,0,0,E
1292951,2447,1756,2496,2565,2341,0,0,0,0,0,0,0,0,E
1292962,2450,1763,2490,2575,2322,0,0,0,0,0,0,0,0,E
1292996,2440,1766,2484,2573,2317,0,0,0,0,0,0,0,0,E
1293007,2462,1768,2492,2574,2344,0,0,0,0,0,0,0,0,E
1293041,2460,1751,2491,2580,2350,0,0,0,0,0,0,0,0,E
1293052,2453,1751,2506,2575,2305,0,0,0,0,0,0,0,0,E
1293086,2444,1773,2478,2574,2336,0,0,0,0,0,0,0,0,E
1293097,2454,1759,2487,2573,2316,0,0,0,0,0,0,0,0,E
1293131,2451,1781,2495,2579,2336,0,0,0,0,0,0,0,0,E
1293142,2446,1769,2502,2579,2345,0,0,0,0,0,0,0,0,E
1293176,2456,1768,2495,2569,2327,0,0,0,0,0,0,0,0,E
1293187,2454,1769,2497,2571,2340,0,0,0,0,0,0,0,0,E
1293221,2448,1766,2485,2576,2336,0,0,0,0,0,0,0,0,E
1293232,2458,1763,2491,2571,2337,0,0,0,0,0,0,0,0,E
1293266,2453,1776,2496,2565,2331,0,0,0,0,0,0,0,0,E
1293277,2460,1760,2484,2568,2319,0,0,0,0,0,0,0,0,E
1293311,2456,1776,2486,2575,2334,0,0,0,0,0,0,0,0,E
1293322,2457,1768,2483,2567,2321,0,0,0,0,0,0,0,0,E
1293356,2449,1753,2507,2566,2344,0,0,0,0,0,0,0,0,E
1293367,2455,1768,2493,2576,2336,0,0,0,0,0,0,0,0,E
1293401,2460,1743,2498,2573,2335,0,0,0,0,0,0,0,0,E
1293412,2453,1788,2500,2563,2345,0,0,0,0,0,0,0,0,E
1293446,2447,1777,2499,2575,2336,0,0,0,0,0,0,0,0,E
1293457,2443,1768,2488,2575,2330,0,0,0,0,0,0,0,0,E
1293491,2458,1764,2500,2576,2339,0,0,0,0,0,0,0,0,E
1293502,2437,1773,2492,2580,2345,0,0,0,0,0,0,0,0,E
1293536,2462,1774,2492,2579,2319,0,0,0,0,0,0,0,0,E
1293547,2464,1779,2487,2581,2347,0,0,0,0,0,0,0,0,E
1293581,2457,1778,2495,2575,2339,0,0,0,0,0,0,0,0,E
1293592,2443,1775,2501,2580,2336,0,0,0,0,0,0,0,0,E
1293626,2451,1745,2491,2556,2329,0,0,0,0,0,0,0,0,E
1293637,2441,1765,2478,2578,2312,0,0,0,0,0,0,0,0,E
1293671,2452,1763,2477,2573,2320,0,0,0,0,0,0,0,0,E
1293682,2456,1772,2484,2573,2319,0,0,0,0,0,0,0,0,E
1293716,2454,1765,2495,2578,2329,0,0,0,0,0,0,0,0,E
1293727,2442,1765,2487,2569,2324,0,0,0,0,0,0,0,0,E
1293761,2452,1770,2500,2577,2320,0,0,0,0,0,0,0,0,E
1293772,2454,1757,2483,2580,2337,0,0,0,0,0,0,0,0,E
1293806,2447,1770,2497,2573,2337,0,0,0,0,0,0,0,0,E
1293817,2453,1760,2491,2569,2318,0,0,0,0,0,0,0,0,E
1293851,2455,1780,2501,2577,2327,0,0,0,0,0,0,0,0,E
1293862,2437,1766,2491,2575,2334,0,0,0,0,0,0,0,0,E
1293896,2453,1770,2499,2577,2336,0,0,0,0,0,0,0,0,E
1293907,2447,1770,2489,2577,2342,0,0,0,0,0,0,0,0,E
1293941,2444,1784,2512,2571,2329,0,0,0,0,0,0,0,0,E
1293952,2449,1771,2490,2575,2330,0,0,0,0,0,0,0,0,E
1293986,2454,1751,2491,2572,2321,0,0,0,0,0,0,0,0,E
1293997,2454,1759,2479,2582,2331,0,0,0,0,0,0,0,0,E
1294031,2455,1781,2496,2578,2321,0,0,0,0,0,0,0,0,E
1294041,2457,1778,2485,2562,2331,0,0,0,0,0,0,0,0,E
1294078,2466,1774,2475,2568,2328,0,0,0,0,0,0,0,0,E
1294088,2456,1780,2486,2579,2336,0,0,0,0,0,0,0,0,E
1294121,2458,1776,2498,2575,2326,0,0,0,0,0,0,0,0,E
1294132,2459,1771,2495,2588,2337,0,0,0,0,0,0,0,0,E
1294166,2446,1780,2495,2577,2336,0,0,0,0,0,0,0,0,E
1294177,2459,1771,2480,2573,2316,0,0,0,0,0,0,0,0,E
1294211,2436,1766,2499,2573,2336,0,0,0,0,0,0,0,0,E
1294222,2457,1772,2486,2577,2320,0,0,0,0,0,0,0,0,E
1294256,2453,1792,2488,2573,2337,0,0,0,0,0,0,0,0,E
1294267,2457,1768,2498,2579,2343,0,0,0,0,0,0,0,0,E
1294301,2449,1775,2496,2579,2323,0,0,0,0,0,0,0,0,E
1294312,2461,1777,2504,2580,2340,0,0,0,0,0,0,0,0,E
1294346,2459,1776,2491,2584,2334,0,0,0,0,0,0,0,0,E
1294357,2445,1766,2483,2570,2331,0,0,0,0,0,0,0,0,E
1294391,2455,1771,2498,2575,2339,0,0,0,0,0,0,0,0,E
1294402,2451,1745,2501,2577,2324,0,0,0,0,0,0,0,0,E
1294436,2458,1775,2506,2584,2328,0,0,0,0,0,0,0,0,E
1294447,2464,1772,2487,2583,2339,0,0,0,0,0,0,0,0,E
1294481,2460,1767,2500,2585,2339,0,0,0,0,0,0,0,0,E
1294492,2455,1778,2502,2581,2338,0,0,0,0,0,0,0,0,E
1294526,2453,1753,2496,2574,2328,0,0,0,0,0,0,0,0,E
1294537,2459,1776,2503,2580,2356,0,0,0,0,0,0,0,0,E
1294571,2449,1781,2496,2580,2334,0,0,0,0,0,0,0,0,E
1294582,2461,1770,2485,2587,2330,0,0,0,0,0,0,0,0,E
1294616,2450,1777,2497,2575,2335,0,0,0,0,0,0,0,0,E
1294627,2449,1767,2479,2567,2318,0,0,0,0,0,0,0,0,E
1294661,2461,1780,2504,2576,2332,0,0,0,0,0,0,0,0,E
1294707,2455,1773,2481,2571,2329,0,0,0,0,0,0,0,0,E
1294717,2453,1765,2494,2581,2336,0,0,0,0,0,0,0,0,E
1294751,2450,1768,2504,2575,2330,0,0,0,0,0,0,0,0,E
1294762,2458,1764,2501,2581,2327,0,0,0,0,0,0,0,0,E
1294796,2461,1757,2502,2577,2346,0,0,0,0,0,0,0,0,E
1294807,2459,1765,2494,2575,2318,0,0,0,0,0,0,0,0,E
1294841,2465,1779,2498,2572,2339,0,0,0,0,0,0,0,0,E
1294852,2452,1752,2496,2565,2331,0,0,0,0,0,0,0,0,E
1294886,2461,1763,2496,2567,2331,0,0,0,0,0,0,0,0,E
1294897,2461,1772,2497,2578,2327,0,0,0,0,0,0,0,0,E
1294931,2452,1770,2482,2576,2340,0,0,0,0,0,0,0,0,E
1294942,2448,1771,2486,2585,2309,0,0,0,0,0,0,0,0,E
1294976,2448,1768,2496,2574,2336,0,0,0,0,0,0,0,0,E
1294987,2456,1770,2506,2583,2337,0,0,0,0,0,0,0,0,E
1295021,2452,1767,2496,2579,2340,0,0,0,0,0,0,0,0,E
1295032,2467,1776,2497,2580,2330,0,0,0,0,0,0,0,0,E
1295066,2458,1769,2511,2580,2330,0,0,0,0,0,0,0,0,E
1295077,2458,1757,2496,2574,2336,0,0,0,0,0,0,0,0,E
1295111,2453,1770,2495,2579,2342,0,0,0,0,0,0,0,0,E
1295122,2454,1773,2490,2576,2335,0,0,0,0,0,0,0,0,E
1295156,2456,1767,2500,2576,2330,0,0,0,0,0,0,0,0,E
1295167,2461,1769,2495,2576,2350,0,0,0,0,0,0,0,0,E
1295201,2449,1768,2500,2575,2323,0,0,0,0,0,0,0,0,E
1295212,2460,1772,2496,2577,2340,0,0,0,0,0,0,0,0,E
1295246,2459,1774,2502,2585,2327,0,0,0,0,0,0,0,0,E
1295257,2458,1775,2503,2570,2346,0,0,0,0,0,0,0,0,E
1295291,2461,1776,2500,2580,2327,0,0,0,0,0,0,0,0,E
1295302,2455,1775,2498,2576,2326,0,0,0,0,0,0,0,0,E
1295336,2451,1749,2493,2572,2338,0,0,0,0,0,0,0,0,E
1295347,2460,1776,2498,2579,2334,0,0,0,0,0,0,0,0,E
1295381,2462,1774,2495,2574,2330,0,0,0,0,0,0,0,0,E
1295392,2451,1763,2498,2581,2326,0,0,0,0,0,0,0,0,E
1295426,2460,1772,2499,2578,2309,0,0,0,0,0,0,0,0,E
1295437,2462,1780,2503,2576,2348,0,0,0,0,0,0,0,0,E
1295471,2456,1771,2491,2579,2336,0,0,0,0,0,0,0,0,E
1295482,2457,1768,2500,2577,2331,0,0,0,0,0,0,0,0,E
1297856,2453,1766,2490,2575,2319,0,0,0,0,0,0,0,0,E
1297866,2458,1789,2506,2579,2344,0,0,0,0,0,0,0,0,E
1297901,2459,1747,2520,2568,2339,0,0,0,0,0,0,0,0,E
1297911,2470,1768,2508,2574,2323,0,0,0,0,0,0,0,0,E
1297946,2467,1766,2505,2583,2327,0,0,0,0,0,0,0,0,E
1297957,2456,1775,2496,2583,2326,0,0,0,0,0,0,0,0,E
1297991,2449,1776,2494,2566,2335,0,0,0,0,0,0,0,0,E
1298001,2462,1779,2503,2575,2319,0,0,0,0,0,0,0,0,E
1298036,2454,1777,2490,2573,2344,0,0,0,0,0,0,0,0,E
1298046,2467,1775,2496,2587,2337,0,0,0,0,0,0,0,0,E
1298081,2463,1771,2500,2593,2336,0,0,0,0,0,0,0,0,E
1298091,2455,1770,2497,2580,2328,0,0,0,0,0,0,0,0,E
1298126,2465,1771,2495,2573,2345,0,0,0,0,0,0,0,0,E
1298136,2468,1773,2480,2572,2338,0,0,0,0,0,0,0,0,E
1298171,2454,1780,2492,2584,2339,0,0,0,0,0,0,0,0,E
1298181,2461,1784,2495,2577,2319,0,0,0,0,0,0,0,0,E
1298216,2451,1780,2497,2584,2301,0,0,0,0,0,0,0,0,E
1298226,2465,1781,2502,2584,2322,0,0,0,0,0,0,0,0,E
1298261,2464,1775,2487,2571,2340,0,0,0,0,0,0,0,0,E
1298271,2459,1787,2501,2580,2336,0,0,0,0,0,0,0,0,E
1298306,2459,1770,2497,2571,2337,0,0,0,0,0,0,0,0,E
1298316,2464,1774,2485,2576,2330,0,0,0,0,0,0,0,0,E
1298351,2472,1769,2503,2570,2335,0,0,0,0,0,0,0,0,E
1298361,2459,1760,2495,2569,2327,0,0,0,0,0,0,0,0,E
1298396,2461,1773,2508,2563,2359,0,0,0,0,0,0,0,0,E
1298407,2460,1771,2493,2575,2336,0,0,0,0,0,0,0,0,E
1298441,2453,1775,2499,2580,2329,0,0,0,0,0,0,0,0,E
1298451,2460,1775,2509,2579,2346,0,0,0,0,0,0,0,0,E
1298486,2464,1774,2496,2592,2316,0,0,0,0,0,0,0,0,E
1298496,2453,1781,2504,2575,2336,0,0,0,0,0,0,0,0,E
1298531,2444,1775,2496,2581,2337,0,0,0,0,0,0,0,0,E
1298541,2462,1772,2487,2572,2348,0,0,0,0,0,0,0,0,E
1298576,2452,1769,2486,2575,2336,0,0,0,0,0,0,0,0,E
1298586,2466,1795,2489,2589,2338,0,0,0,0,0,0,0,0,E
1298621,2461,1775,2491,2583,2332,0,0,0,0,0,0,0,0,E
1298631,2463,1778,2493,2569,2330,0,0,0,0,0,0,0,0,E
1298666,2451,1773,2479,2581,2322,0,0,0,0,0,0,0,0,E
1298676,2459,1776,2485,2571,2335,0,0,0,0,0,0,0,0,E
1298711,2457,1768,2501,2577,2338,0,0,0,0,0,0,0,0,E
1298721,2459,1776,2498,2579,2320,0,0,0,0,0,0,0,0,E
1298756,2456,1775,2498,2579,2331,0,0,0,0,0,0,0,0,E
1298766,2454,1762,2492,2579,2335,0,0,0,0,0,0,0,0,E
1298801,2463,1766,2504,2573,2339,0,0,0,0,0,0,0,0,E
1298847,2460,1779,2493,2578,2342,0,0,0,0,0,0,0,0,E
1298858,2459,1774,2491,2576,2323,0,0,0,0,0,0,0,0,E
1298891,2456,1776,2496,2568,2328,0,0,0,0,0,0,0,0,E
1298901,2466,1779,2506,2579,2339,0,0,0,0,0,0,0,0,E
1298936,2453,1774,2499,2571,2345,0,0,0,0,0,0,0,0,E
1298946,2454,1779,2498,2588,2339,0,0,0,0,0,0,0,0,E
1298981,2440,1773,2511,2585,2335,0,0,0,0,0,0,0,0,E
1298991,2446,1769,2502,2571,2343,0,0,0,0,0,0,0,0,E
1299026,2443,1775,2502,2575,2331,0,0,0,0,0,0,0,0,E
1299036,2434,1767,2493,2576,2336,0,0,0,0,0,0,0,0,E
1299071,2437,1758,2503,2576,2344,0,0,0,0,0,0,0,0,E
1299081,2441,1775,2490,2586,2342,0,0,0,0,0,0,0,0,E
1299116,2453,1763,2512,2583,2343,0,0,0,0,0,0,0,0,E
1299126,2448,1785,2497,2583,2342,0,0,0,0,0,0,0,0,E
1299161,2444,1774,2499,2586,2339,0,0,0,0,0,0,0,0,E
1299171,2444,1772,2498,2579,2349,0,0,0,0,0,0,0,0,E
1299251,2443,1777,2508,2582,2344,0,0,0,0,0,0,0,0,E
1299297,2455,1780,2494,2580,2356,0,0,0,0,0,0,0,0,E
1299307,2448,1765,2488,2586,2331,0,0,0,0,0,0,0,0,E
1299341,2444,1770,2497,2580,2332,0,0,0,0,0,0,0,0,E
1299351,2452,1772,2500,2581,2334,0,0,0,0,0,0,0,0,E
1299386,2445,1766,2498,2588,2352,0,0,0,0,0,0,0,0,E
1299396,2443,1771,2502,2589,2344,0,0,0,0,0,0,0,0,E
1299431,2456,1756,2491,2580,2347,0,0,0,0,0,0,0,0,E
1299441,2461,1750,2502,2580,2344,0,0,0,0,0,0,0,0,E
1299476,2453,1774,2497,2577,2327,0,0,0,0,0,0,0,0,E
1299486,2449,1786,2505,2578,2364,0,0,0,0,0,0,0,0,E
1299521,2436,1770,2495,2581,2324,0,0,0,0,0,0,0,0,E
1299531,2444,1774,2509,2587,2345,0,0,0,0,0,0,0,0,E
1299566,2447,1776,2487,2579,2338,0,0,0,0,0,0,0,0,E
1299576,2448,1771,2504,2585,2341,0,0,0,0,0,0,0,0,E
1299611,2449,1763,2499,2580,2334,0,0,0,0,0,0,0,0,E
1299621,2452,1774,2504,2583,2345,0,0,0,0,0,0,0,0,E
1299656,2442,1781,2495,2586,2345,0,0,0,0,0,0,0,0,E
1299666,2454,1777,2497,2579,2355,0,0,0,0,0,0,0,0,E
1299701,2455,1769,2497,2579,2325,0,0,0,0,0,0,0,0,E
1299711,2439,1770,2501,2573,2342,0,0,0,0,0,0,0,0,E
1299746,2452,1776,2504,2584,2346,0,0,0,0,0,0,0,0,E
1299792,2456,1776,2497,2573,2344,0,0,0,0,0,0,0,0,E
1299802,2456,1775,2496,2577,2352,0,0,0,0,0,0,0,0,E
1299836,2460,1782,2496,2578,2344,0,0,0,0,0,0,0,0,E
1299846,2452,1764,2502,2584,2339,0,0,0,0,0,0,0,0,E
1299881,2456,1784,2506,2592,2347,0,0,0,0,0,0,0,0,E
1299891,2463,1782,2505,2589,2338,0,0,0,0,0,0,0,0,E
1299926,2449,1762,2508,2581,2344,0,0,0,0,0,0,0,0,E
1299936,2462,1772,2507,2585,2327,0,0,0,0,0,0,0,0,E
1299971,2459,1776,2494,2573,2326,0,0,0,0,0,0,0,0,E
1299981,2442,1778,2483,2581,2328,0,0,0,0,0,0,0,0,E
1300016,2454,1765,2504,2592,2338,0,0,0,0,0,0,0,0,E
1300026,2458,1775,2489,2579,2334,0,0,0,0,0,0,0,0,E
1300061,2453,1777,2505,2578,2330,0,0,0,0,0,0,0,0,E
1300071,2449,1785,2504,2581,2342,0,0,0,0,0,0,0,0,E
1300106,2466,1784,2512,2580,2333,0,0,0,0,0,0,0,0,E
1300116,2459,1782,2497,2571,2344,0,0,0,0,0,0,0,0,E
1300151,2458,1777,2495,2577,2338,0,0,0,0,0,0,0,0,E
1300161,2449,1772,2502,2567,2329,0,0,0,0,0,0,0,0,E
1300196,2451,1784,2502,2579,2335,0,0,0,0,0,0,0,0,E
1300206,2457,1777,2496,2588,2351,0,0,0,0,0,0,0,0,E
1300241,2465,1777,2511,2581,2341,0,0,0,0,0,0,0,0,E
1300251,2451,1774,2495,2580,2345,0,0,0,0,0,0,0,0,E
1300286,2454,1758,2501,2566,2338,0,0,0,0,0,0,0,0,E
1300296,2458,1780,2498,2575,2335,0,0,0,0,0,0,0,0,E
1300331,2460,1784,2495,2590,2356,0,0,0,0,0,0,0,0,E
1300376,2467,1781,2504,2585,2338,0,0,0,0,0,0,0,0,E
1300386,2464,1792,2497,2574,2353,0,0,0,0,0,0,0,0,E
1300421,2459,1771,2510,2584,2352,0,0,0,0,0,0,0,0,E
1300431,2447,1787,2505,2574,2338,0,0,0,0,0,0,0,0,E
1300466,2447,1767,2495,2581,2325,0,0,0,0,0,0,0,0,E
1300476,2447,1784,2503,2583,2325,0,0,0,0,0,0,0,0,E
1300511,2457,1764,2500,2572,2330,0,0,0,0,0,0,0,0,E
1300556,2453,1775,2487,2576,2344,0,0,0,0,0,0,0,0,E
1300567,2461,1770,2494,2575,2338,0,0,0,0,0,0,0,0,E
1300601,2459,1778,2493,2584,2333,0,0,0,0,0,0,0,0,E
1300611,2459,1765,2502,2575,2334,0,0,0,0,0,0,0,0,E
1300646,2464,1767,2493,2577,2334,0,0,0,0,0,0,0,0,E
1300656,2461,1766,2503,2576,2349,0,0,0,0,0,0,0,0,E
1300691,2455,1785,2501,2593,2329,0,0,0,0,0,0,0,0,E
1300701,2451,1774,2504,2575,2344,0,0,0,0,0,0,0,0,E
1300736,2444,1783,2510,2583,2333,0,0,0,0,0,0,0,0,E
1300746,2463,1769,2501,2584,2344,0,0,0,0,0,0,0,0,E
1300781,2452,1776,2505,2586,2341,0,0,0,0,0,0,0,0,E
1300791,2446,1780,2498,2585,2342,0,0,0,0,0,0,0,0,E
1300826,2458,1772,2483,2575,2330,0,0,0,0,0,0,0,0,E
1300837,2466,1769,2499,2571,2341,0,0,0,0,0,0,0,0,E
1300871,2452,1760,2496,2578,2336,0,0,0,0,0,0,0,0,E
1300881,2453,1768,2498,2580,2349,0,0,0,0,0,0,0,0,E
1300916,2459,1768,2490,2573,2340,0,0,0,0,0,0,0,0,E
1300927,2454,1772,2493,2575,2338,0,0,0,0,0,0,0,0,E
1300961,2465,1769,2498,2572,2336,0,0,0,0,0,0,0,0,E
1300971,2466,1766,2500,2580,2359,0,0,0,0,0,0,0,0,E
1301006,2463,1779,2499,2589,2339,0,0,0,0,0,0,0,0,E
1301016,2460,1775,2495,2578,2329,0,0,0,0,0,0,0,0,E
1301051,2462,1776,2516,2585,2341,0,0,0,0,0,0,0,0,E
1301061,2465,1773,2496,2579,2327,0,0,0,0,0,0,0,0,E
1301096,2443,1772,2489,2572,2332,0,0,0,0,0,0,0,0,E
1301106,2457,1776,2501,2575,2347,0,0,0,0,0,0,0,0,E
1301141,2462,1778,2501,2581,2339,0,0,0,0,0,0,0,0,E
1301151,2467,1790,2504,2587,2340,0,0,0,0,0,0,0,0,E
1301186,2455,1771,2500,2585,2347,0,0,0,0,0,0,0,0,E
1301196,2459,1775,2503,2584,2336,0,0,0,0,0,0,0,0,E
1301231,2459,1772,2509,2586,2346,0,0,0,0,0,0,0,0,E
1301241,2462,1770,2497,2585,2341,0,0,0,0,0,0,0,0,E
1301276,2468,1777,2499,2577,2331,0,0,0,0,0,0,0,0,E
1301286,2468,1789,2504,2590,2344,0,0,0,0,0,0,0,0,E
1301321,2471,1775,2502,2579,2337,0,0,0,0,0,0,0,0,E
1301331,2462,1789,2491,2592,2344,0,0,0,0,0,0,0,0,E
1301366,2466,1775,2499,2578,2344,0,0,0,0,0,0,0,0,E
1301411,2459,1776,2500,2572,2331,0,0,0,0,0,0,0,0,E
1301421,2471,1791,2498,2575,2347,0,0,0,0,0,0,0,0,E
1301456,2459,1780,2494,2571,2344,0,0,0,0,0,0,0,0,E
1301466,2454,1779,2496,2588,2357,0,0,0,0,0,0,0,0,E
1301501,2463,1784,2495,2577,2344,0,0,0,0,0,0,0,0,E
1301511,2458,1767,2499,2581,2343,0,0,0,0,0,0,0,0,E
1301546,2446,1784,2493,2588,2335,0,0,0,0,0,0,0,0,E
1301556,2468,1775,2491,2591,2344,0,0,0,0,0,0,0,0,E
1301591,2456,1777,2504,2581,2336,0,0,0,0,0,0,0,0,E
1301601,2468,1801,2498,2583,2349,0,0,0,0,0,0,0,0,E
1301636,2462,1788,2498,2570,2327,0,0,0,0,0,0,0,0,E
1301646,2455,1786,2504,2587,2339,0,0,0,0,0,0,0,0,E
1301681,2460,1761,2496,2581,2331,0,0,0,0,0,0,0,0,E
1301691,2459,1771,2519,2575,2345,0,0,0,0,0,0,0,0,E
1301726,2459,1784,2503,2587,2365,0,0,0,0,0,0,0,0,E
1301772,2460,1775,2490,2584,2318,0,0,0,0,0,0,0,0,E
1301783,2459,1780,2505,2575,2335,0,0,0,0,0,0,0,0,E
1301816,2461,1782,2498,2572,2346,0,0,0,0,0,0,0,0,E
1301826,2464,1778,2491,2580,2344,0,0,0,0,0,0,0,0,E
1301861,2464,1778,2487,2584,2351,0,0,0,0,0,0,0,0,E
1301871,2464,1784,2500,2587,2351,0,0,0,0,0,0,0,0,E
1301906,2462,1779,2500,2582,2342,0,0,0,0,0,0,0,0,E
1301996,2463,1769,2500,2574,2334,0,0,0,0,0,0,0,0,E
1302006,2464,1782,2499,2583,2325,0,0,0,0,0,0,0,0,E
1302041,2457,1771,2500,2575,2343,0,0,0,0,0,0,0,0,E
1302051,2458,1789,2496,2581,2344,0,0,0,0,0,0,0,0,E
1302086,2459,1773,2497,2575,2334,0,0,0,0,0,0,0,0,E
1302096,2465,1772,2500,2576,2331,0,0,0,0,0,0,0,0,E
1302131,2460,1778,2503,2583,2339,0,0,0,0,0,0,0,0,E
1302141,2463,1781,2496,2574,2342,0,0,0,0,0,0,0,0,E
1302176,2464,1771,2496,2592,2335,0,0,0,0,0,0,0,0,E
1302186,2458,1789,2487,2569,2361,0,0,0,0,0,0,0,0,E
1302221,2475,1791,2486,2586,2358,0,0,0,0,0,0,0,0,E
1302231,2468,1782,2512,2575,2338,0,0,0,0,0,0,0,0,E
1302266,2464,1784,2500,2574,2343,0,0,0,0,0,0,0,0,E
1302276,2464,1801,2487,2576,2341,0,0,0,0,0,0,0,0,E
1302311,2468,1780,2504,2587,2335,0,0,0,0,0,0,0,0,E
1302321,2456,1782,2501,2582,2345,0,0,0,0,0,0,0,0,E
1302356,2457,1787,2497,2571,2339,0,0,0,0,0,0,0,0,E
1302366,2462,1783,2497,2589,2331,0,0,0,0,0,0,0,0,E
1302401,2463,1775,2487,2587,2342,0,0,0,0,0,0,0,0,E
1302411,2467,1792,2507,2573,2337,0,0,0,0,0,0,0,0,E
1302446,2463,1778,2497,2576,2334,0,0,0,0,0,0,0,0,E
1302456,2467,1771,2497,2584,2328,0,0,0,0,0,0,0,0,E
1302491,2456,1771,2500,2575,2334,0,0,0,0,0,0,0,0,E
1302501,2472,1782,2507,2590,2333,0,0,0,0,0,0,0,0,E
1302536,2471,1805,2498,2595,2347,0,0,0,0,0,0,0,0,E
1302546,2452,1776,2491,2584,2344,0,0,0,0,0,0,0,0,E
1302581,2464,1788,2496,2584,2357,0,0,0,0,0,0,0,0,E
1302592,2463,1775,2497,2587,2339,0,0,0,0,0,0,0,0,E
1302626,2464,1782,2505,2584,2337,0,0,0,0,0,0,0,0,E
1302636,2465,1775,2501,2583,2323,0,0,0,0,0,0,0,0,E
1302671,2455,1757,2505,2596,2340,0,0,0,0,0,0,0,0,E
1302681,2461,1772,2494,2584,2355,0,0,0,0,0,0,0,0,E
1302716,2453,1778,2486,2576,2327,0,0,0,0,0,0,0,0,E
1302726,2469,1778,2497,2580,2341,0,0,0,0,0,0,0,0,E
1302761,2463,1784,2511,2579,2329,0,0,0,0,0,0,0,0,E
1302771,2473,1792,2500,2582,2337,0,0,0,0,0,0,0,0,E
1302806,2464,1782,2495,2587,2344,0,0,0,0,0,0,0,0,E
1302816,2472,1773,2501,2578,2329,0,0,0,0,0,0,0,0,E
1302851,2463,1780,2508,2587,2342,0,0,0,0,0,0,0,0,E
1302861,2466,1768,2503,2578,2327,0,0,0,0,0,0,0,0,E
1302896,2463,1778,2497,2588,2338,0,0,0,0,0,0,0,0,E
1302906,2472,1783,2500,2589,2348,0,0,0,0,0,0,0,0,E
1302941,2464,1775,2494,2585,2342,0,0,0,0,0,0,0,0,E
1302951,2459,1793,2498,2581,2348,0,0,0,0,0,0,0,0,E
1302986,2462,1774,2505,2579,2335,0,0,0,0,0,0,0,0,E
1302996,2466,1785,2495,2583,2338,0,0,0,0,0,0,0,0,E
1303031,2463,1780,2512,2577,2346,0,0,0,0,0,0,0,0,E
1303041,2461,1783,2503,2577,2347,0,0,0,0,0,0,0,0,E
1303076,2467,1776,2496,2573,2339,0,0,0,0,0,0,0,0,E
1303122,2467,1798,2502,2584,2325,0,0,0,0,0,0,0,0,E
1303132,2479,1773,2509,2583,2339,0,0,0,0,0,0,0,0,E
1303166,2458,1771,2496,2588,2340,0,0,0,0,0,0,0,0,E
1303176,2466,1782,2504,2572,2348,0,0,0,0,0,0,0,0,E
1303211,2470,1760,2491,2581,2347,0,0,0,0,0,0,0,0,E
1303221,2460,1770,2506,2585,2329,0,0,0,0,0,0,0,0,E
1303256,2461,1779,2496,2586,2338,0,0,0,0,0,0,0,0,E
1303266,2464,1780,2499,2582,2345,0,0,0,0,0,0,0,0,E
1303301,2468,1762,2499,2569,2348,0,0,0,0,0,0,0,0,E
1303311,2466,1783,2487,2583,2329,0,0,0,0,0,0,0,0,E
1303346,2468,1776,2496,2579,2330,0,0,0,0,0,0,0,0,E
1303356,2467,1791,2506,2581,2344,0,0,0,0,0,0,0,0,E
1303391,2465,1769,2494,2574,2328,0,0,0,0,0,0,0,0,E
1303436,2472,1779,2502,2575,2344,0,0,0,0,0,0,0,0,E
1303447,2470,1773,2500,2578,2344,0,0,0,0,0,0,0,0,E
1303481,2461,1787,2504,2585,2336,0,0,0,0,0,0,0,0,E
1303491,2450,1775,2496,2575,2335,0,0,0,0,0,0,0,0,E
1303526,2465,1772,2493,2583,2344,0,0,0,0,0,0,0,0,E
1303536,2473,1780,2498,2596,2342,0,0,0,0,0,0,0,0,E
1303571,2447,1779,2493,2582,2352,0,0,0,0,0,0,0,0,E
1303581,2461,1775,2504,2581,2355,0,0,0,0,0,0,0,0,E
1303616,2463,1792,2507,2586,2328,0,0,0,0,0,0,0,0,E
1303626,2463,1785,2504,2592,2332,0,0,0,0,0,0,0,0,E
1303661,2449,1790,2487,2583,2332,0,0,0,0,0,0,0,0,E
1303671,2475,1763,2499,2589,2331,0,0,0,0,0,0,0,0,E
1303706,2461,1766,2507,2577,2342,0,0,0,0,0,0,0,0,E
1303751,2472,1777,2512,2579,2344,0,0,0,0,0,0,0,0,E
1303761,2472,1782,2500,2584,2339,0,0,0,0,0,0,0,0,E
1303796,2468,1780,2504,2573,2319,0,0,0,0,0,0,0,0,E
1303806,2472,1793,2496,2578,2343,0,0,0,0,0,0,0,0,E
1303841,2472,1779,2491,2588,2346,0,0,0,0,0,0,0,0,E
1303851,2477,1784,2511,2589,2342,0,0,0,0,0,0,0,0,E
1303886,2472,1782,2501,2577,2340,0,0,0,0,0,0,0,0,E
1303896,2464,1759,2506,2585,2339,0,0,0,0,0,0,0,0,E
1303931,2476,1776,2503,2594,2325,0,0,0,0,0,0,0,0,E
1303941,2473,1779,2503,2581,2334,0,0,0,0,0,0,0,0,E
1303977,2461,1784,2503,2586,2324,0,0,0,0,0,0,0,0,E
1303987,2482,1782,2506,2584,2333,0,0,0,0,0,0,0,0,E
1304021,2473,1775,2516,2571,2352,0,0,0,0,0,0,0,0,E
1304031,2466,1777,2496,2583,2336,0,0,0,0,0,0,0,0,E
1304066,2457,1781,2491,2587,2345,0,0,0,0,0,0,0,0,E
1304076,2472,1773,2513,2586,2317,0,0,0,0,0,0,0,0,E
1304111,2462,1775,2496,2580,2327,0,0,0,0,0,0,0,0,E
1304121,2484,1764,2494,2586,2338,0,0,0,0,0,0,0,0,E
1304156,2470,1792,2488,2568,2348,0,0,0,0,0,0,0,0,E
1304166,2465,1784,2506,2579,2347,0,0,0,0,0,0,0,0,E
1304201,2474,1784,2507,2583,2337,0,0,0,0,0,0,0,0,E
1304211,2468,1781,2491,2582,2333,0,0,0,0,0,0,0,0,E
1304246,2466,1787,2501,2585,2344,0,0,0,0,0,0,0,0,E
1304256,2471,1779,2513,2591,2331,0,0,0,0,0,0,0,0,E
1304291,2467,1776,2490,2590,2323,0,0,0,0,0,0,0,0,E
1304301,2477,1776,2509,2591,2330,0,0,0,0,0,0,0,0,E
1304336,2465,1787,2498,2580,2351,0,0,0,0,0,0,0,0,E
1304346,2462,1772,2483,2578,2321,0,0,0,0,0,0,0,0,E
1304381,2470,1780,2508,2575,2335,0,0,0,0,0,0,0,0,E
1304391,2465,1777,2503,2580,2335,0,0,0,0,0,0,0,0,E
1304426,2496,1767,2503,2576,2334,0,0,0,0,0,0,0,0,E
1304436,2462,1780,2512,2582,2329,0,0,0,0,0,0,0,0,E
1304471,2480,1768,2512,2588,2335,0,0,0,0,0,0,0,0,E
1304481,2471,1776,2502,2580,2338,0,0,0,0,0,0,0,0,E
1304561,2474,1789,2512,2584,2358,0,0,0,0,0,0,0,0,E
1304571,2474,1780,2500,2566,2347,0,0,0,0,0,0,0,0,E
1304606,2468,1768,2504,2587,2344,0,0,0,0,0,0,0,0,E
1304616,2472,1786,2499,2575,2338,0,0,0,0,0,0,0,0,E
1304651,2467,1797,2507,2571,2339,0,0,0,0,0,0,0,0,E
1304661,2478,1781,2501,2585,2357,0,0,0,0,0,0,0,0,E
1304696,2464,1773,2504,2579,2343,0,0,0,0,0,0,0,0,E
1304706,2465,1776,2491,2592,2338,0,0,0,0,0,0,0,0,E
1304786,2466,1776,2515,2586,2335,0,0,0,0,0,0,0,0,E
1304796,2473,1788,2502,2575,2333,0,0,0,0,0,0,0,0,E
1304831,2474,1780,2500,2593,2341,0,0,0,0,0,0,0,0,E
1304841,2465,1769,2500,2574,2331,0,0,0,0,0,0,0,0,E
1304876,2473,1759,2495,2572,2344,0,0,0,0,0,0,0,0,E
1304886,2474,1777,2500,2584,2330,0,0,0,0,0,0,0,0,E
1304921,2463,1782,2509,2580,2327,0,0,0,0,0,0,0,0,E
1304931,2469,1785,2498,2584,2348,0,0,0,0,0,0,0,0,E
1304966,2464,1782,2512,2585,2346,0,0,0,0,0,0,0,0,E
1304976,2470,1779,2511,2592,2333,0,0,0,0,0,0,0,0,E
1305011,2472,1777,2507,2590,2342,0,0,0,0,0,0,0,0,E
1306001,2472,1794,2488,2578,2339,0,0,0,0,0,0,0,0,E
1306011,2471,1786,2490,2578,2341,0,0,0,0,0,0,0,0,E
1306046,2471,1779,2509,2579,2344,0,0,0,0,0,0,0,0,E
1306056,2473,1782,2507,2581,2329,0,0,0,0,0,0,0,0,E
1306091,2472,1781,2496,2588,2338,0,0,0,0,0,0,0,0,E
1306137,2474,1784,2504,2586,2325,0,0,0,0,0,0,0,0,E
1306148,2478,1779,2493,2575,2329,0,0,0,0,0,0,0,0,E
1306181,2465,1778,2498,2575,2332,0,0,0,0,0,0,0,0,E
1306191,2485,1784,2506,2584,2346,0,0,0,0,0,0,0,0,E
1306226,2474,1789,2499,2580,2364,0,0,0,0,0,0,0,0,E
1306236,2488,1779,2517,2582,2352,0,0,0,0,0,0,0,0,E
1306271,2488,1796,2495,2582,2343,0,0,0,0,0,0,0,0,E
1306317,2483,1785,2496,2582,2359,0,0,0,0,0,0,0,0,E
1306327,2470,1784,2495,2587,2341,0,0,0,0,0,0,0,0,E
1306361,2468,1792,2504,2583,2351,0,0,0,0,0,0,0,0,E
1306372,2476,1805,2503,2588,2347,0,0,0,0,0,0,0,0,E
1306406,2488,1774,2512,2588,2336,0,0,0,0,0,0,0,0,E
1306416,2473,1783,2489,2592,2349,0,0,0,0,0,0,0,0,E
1306451,2475,1784,2502,2582,2334,0,0,0,0,0,0,0,0,E
1306461,2476,1783,2510,2587,2349,0,0,0,0,0,0,0,0,E
1306496,2467,1779,2510,2582,2336,0,0,0,0,0,0,0,0,E
1306506,2472,1792,2495,2579,2341,0,0,0,0,0,0,0,0,E
1306541,2461,1767,2489,2578,2339,0,0,0,0,0,0,0,0,E
1306551,2481,1778,2511,2577,2358,0,0,0,0,0,0,0,0,E
1306586,2466,1784,2499,2583,2342,0,0,0,0,0,0,0,0,E
1306596,2480,1780,2509,2592,2352,0,0,0,0,0,0,0,0,E
1306631,2480,1776,2502,2580,2332,0,0,0,0,0,0,0,0,E
1306641,2472,1781,2512,2580,2348,0,0,0,0,0,0,0,0,E
1306676,2465,1781,2502,2581,2338,0,0,0,0,0,0,0,0,E
1306686,2481,1792,2504,2590,2335,0,0,0,0,0,0,0,0,E
1306721,2472,1790,2507,2583,2327,0,0,0,0,0,0,0,0,E
1306731,2471,1780,2506,2579,2339,0,0,0,0,0,0,0,0,E
1306766,2479,1799,2515,2593,2353,0,0,0,0,0,0,0,0,E
1306776,2471,1796,2504,2588,2335,0,0,0,0,0,0,0,0,E
1306811,2475,1770,2495,2572,2323,0,0,0,0,0,0,0,0,E
1306821,2478,1776,2510,2580,2351,0,0,0,0,0,0,0,0,E
1306856,2473,1775,2512,2584,2334,0,0,0,0,0,0,0,0,E
1306866,2475,1776,2511,2573,2356,0,0,0,0,0,0,0,0,E
1306901,2477,1787,2510,2586,2335,0,0,0,0,0,0,0,0,E
1306911,2471,1792,2483,2576,2340,0,0,0,0,0,0,0,0,E
1306946,2461,1771,2495,2592,2345,0,0,0,0,0,0,0,0,E
1306956,2459,1791,2500,2575,2340,0,0,0,0,0,0,0,0,E
1306991,2475,1787,2491,2583,2344,0,0,0,0,0,0,0,0,E
1307001,2487,1790,2502,2590,2339,0,0,0,0,0,0,0,0,E
1307036,2475,1779,2516,2587,2340,0,0,0,0,0,0,0,0,E
1307046,2466,1784,2502,2591,2338,0,0,0,0,0,0,0,0,E
1307081,2471,1781,2505,2573,2333,0,0,0,0,0,0,0,0,E
1307091,2480,1792,2498,2587,2348,0,0,0,0,0,0,0,0,E
1307126,2482,1775,2499,2583,2334,0,0,0,0,0,0,0,0,E
1307136,2466,1780,2508,2587,2336,0,0,0,0,0,0,0,0,E
1307171,2469,1761,2503,2571,2348,0,0,0,0,0,0,0,0,E
1307181,2461,1781,2502,2586,2354,0,0,0,0,0,0,0,0,E
1307216,2467,1762,2512,2588,2357,0,0,0,0,0,0,0,0,E
1307226,2470,1783,2501,2584,2339,0,0,0,0,0,0,0,0,E
1307261,2472,1787,2503,2592,2357,0,0,0,0,0,0,0,0,E
1307271,2489,1792,2514,2583,2348,0,0,0,0,0,0,0,0,E
1307306,2476,1790,2504,2569,2347,0,0,0,0,0,0,0,0,E
1307316,2467,1780,2494,2583,2327,0,0,0,0,0,0,0,0,E
1307351,2462,1788,2496,2577,2338,0,0,0,0,0,0,0,0,E
1307361,2471,1783,2502,2582,2331,0,0,0,0,0,0,0,0,E
1307396,2479,1773,2508,2576,2338,0,0,0,0,0,0,0,0,E
1307406,2478,1779,2500,2593,2348,0,0,0,0,0,0,0,0,E
1307441,2471,1786,2506,2586,2347,0,0,0,0,0,0,0,0,E
1307451,2472,1787,2489,2586,2342,0,0,0,0,0,0,0,0,E
1307486,2486,1774,2505,2579,2351,0,0,0,0,0,0,0,0,E
1307496,2471,1782,2503,2585,2335,0,0,0,0,0,0,0,0,E
1307531,2472,1774,2501,2576,2341,0,0,0,0,0,0,0,0,E
1307541,2479,1802,2503,2588,2340,0,0,0,0,0,0,0,0,E
1307576,2478,1771,2507,2586,2334,0,0,0,0,0,0,0,0,E
1307586,2472,1779,2497,2580,2318,0,0,0,0,0,0,0,0,E
1307621,2477,1801,2504,2593,2337,0,0,0,0,0,0,0,0,E
1307631,2481,1790,2491,2590,2331,0,0,0,0,0,0,0,0,E
1307666,2477,1779,2507,2584,2344,0,0,0,0,0,0,0,0,E
1307676,2474,1792,2497,2585,2329,0,0,0,0,0,0,0,0,E
1307711,2478,1784,2500,2574,2351,0,0,0,0,0,0,0,0,E
1307757,2473,1777,2511,2582,2341,0,0,0,0,0,0,0,0,E
1307767,2475,1779,2497,2585,2342,0,0,0,0,0,0,0,0,E
1307801,2462,1777,2492,2577,2356,0,0,0,0,0,0,0,0,E
1307811,2478,1781,2511,2582,2341,0,0,0,0,0,0,0,0,E
1307846,2474,1765,2499,2585,2351,0,0,0,0,0,0,0,0,E
1307856,2483,1781,2498,2582,2329,0,0,0,0,0,0,0,0,E
1307891,2473,1797,2495,2586,2322,0,0,0,0,0,0,0,0,E
1307901,2473,1780,2505,2587,2332,0,0,0,0,0,0,0,0,E
1307936,2485,1767,2499,2583,2351,0,0,0,0,0,0,0,0,E
1307946,2481,1780,2505,2594,2329,0,0,0,0,0,0,0,0,E
1307981,2475,1792,2489,2582,2332,0,0,0,0,0,0,0,0,E
1307991,2475,1783,2497,2586,2332,0,0,0,0,0,0,0,0,E
1308026,2479,1774,2504,2585,2335,0,0,0,0,0,0,0,0,E
1308036,2455,1767,2509,2583,2345,0,0,0,0,0,0,0,0,E
1308071,2481,1777,2498,2588,2346,0,0,0,0,0,0,0,0,E
1308081,2457,1778,2488,2581,2340,0,0,0,0,0,0,0,0,E
1308116,2471,1789,2507,2596,2343,0,0,0,0,0,0,0,0,E
1308126,2476,1790,2509,2587,2349,0,0,0,0,0,0,0,0,E
1308161,2479,1795,2500,2577,2347,0,0,0,0,0,0,0,0,E
1308171,2486,1777,2506,2586,2342,0,0,0,0,0,0,0,0,E
1308206,2484,1786,2505,2584,2350,0,0,0,0,0,0,0,0,E
1308216,2488,1786,2517,2588,2345,0,0,0,0,0,0,0,0,E
1308251,2473,1776,2501,2584,2343,0,0,0,0,0,0,0,0,E
1308261,2471,1791,2504,2587,2331,0,0,0,0,0,0,0,0,E
1308296,2474,1794,2512,2577,2359,0,0,0,0,0,0,0,0,E
1308306,2471,1785,2507,2581,2344,0,0,0,0,0,0,0,0,E
1308341,2486,1779,2512,2579,2332,0,0,0,0,0,0,0,0,E
1308351,2471,1768,2507,2576,2347,0,0,0,0,0,0,0,0,E
1308386,2483,1800,2501,2575,2333,0,0,0,0,0,0,0,0,E
1308396,2469,1780,2514,2581,2345,0,0,0,0,0,0,0,0,E
1308431,2474,1789,2524,2571,2347,0,0,0,0,0,0,0,0,E
1308441,2477,1799,2503,2587,2343,0,0,0,0,0,0,0,0,E
1308476,2468,1785,2507,2586,2349,0,0,0,0,0,0,0,0,E
1308486,2486,1785,2512,2578,2354,0,0,0,0,0,0,0,0,E
1308521,2466,1783,2507,2583,2340,0,0,0,0,0,0,0,0,E
1308531,2475,1792,2512,2570,2344,0,0,0,0,0,0,0,0,E
1308566,2477,1782,2507,2587,2353,0,0,0,0,0,0,0,0,E
1308576,2474,1761,2498,2575,2334,0,0,0,0,0,0,0,0,E
1308611,2477,1796,2510,2582,2340,0,0,0,0,0,0,0,0,E
1308621,2475,1787,2510,2583,2344,0,0,0,0,0,0,0,0,E
1308656,2471,1761,2528,2583,2345,0,0,0,0,0,0,0,0,E
1308666,2480,1779,2508,2574,2349,0,0,0,0,0,0,0,0,E
1308701,2477,1783,2506,2579,2342,0,0,0,0,0,0,0,0,E
1308711,2479,1778,2515,2588,2337,0,0,0,0,0,0,0,0,E
1308746,2475,1775,2506,2581,2341,0,0,0,0,0,0,0,0,E
1308756,2467,1787,2506,2579,2345,0,0,0,0,0,0,0,0,E
1308791,2486,1797,2501,2582,2323,0,0,0,0,0,0,0,0,E
1308837,2480,1786,2503,2586,2343,0,0,0,0,0,0,0,0,E
1308847,2481,1791,2493,2582,2344,0,0,0,0,0,0,0,0,E
1308881,2477,1773,2507,2583,2339,0,0,0,0,0,0,0,0,E
1308891,2482,1774,2502,2582,2351,0,0,0,0,0,0,0,0,E
1308926,2479,1786,2504,2583,2345,0,0,0,0,0,0,0,0,E
1308936,2484,1783,2503,2592,2338,0,0,0,0,0,0,0,0,E
1308971,2479,1787,2512,2581,2350,0,0,0,0,0,0,0,0,E
1308981,2483,1781,2501,2582,2323,0,0,0,0,0,0,0,0,E
1309016,2478,1785,2510,2590,2353,0,0,0,0,0,0,0,0,E
1309026,2480,1789,2502,2589,2357,0,0,0,0,0,0,0,0,E
1309061,2486,1766,2514,2583,2343,0,0,0,0,0,0,0,0,E
1309071,2478,1787,2509,2581,2339,0,0,0,0,0,0,0,0,E
1309106,2477,1786,2485,2586,2326,0,0,0,0,0,0,0,0,E
1309116,2474,1791,2503,2584,2351,0,0,0,0,0,0,0,0,E
1309151,2486,1783,2512,2591,2342,0,0,0,0,0,0,0,0,E
1309196,2489,1774,2507,2583,2336,0,0,0,0,0,0,0,0,E
1309206,2484,1768,2504,2571,2348,0,0,0,0,0,0,0,0,E
1309241,2474,1782,2504,2578,2344,0,0,0,0,0,0,0,0,E
1309251,2475,1775,2496,2582,2345,0,0,0,0,0,0,0,0,E
1309286,2483,1790,2511,2578,2348,0,0,0,0,0,0,0,0,E
1309296,2479,1774,2506,2583,2339,0,0,0,0,0,0,0,0,E
1309331,2475,1793,2505,2575,2351,0,0,0,0,0,0,0,0,E
1309341,2479,1783,2504,2586,2350,0,0,0,0,0,0,0,0,E
1309376,2467,1788,2499,2575,2329,0,0,0,0,0,0,0,0,E
1309386,2466,1789,2493,2584,2330,0,0,0,0,0,0,0,0,E
1309421,2485,1786,2506,2587,2336,0,0,0,0,0,0,0,0,E
1309431,2482,1792,2505,2565,2339,0,0,0,0,0,0,0,0,E
1309466,2471,1792,2501,2580,2345,0,0,0,0,0,0,0,0,E
1309476,2479,1782,2503,2584,2336,0,0,0,0,0,0,0,0,E
1309511,2490,1779,2508,2587,2355,0,0,0,0,0,0,0,0,E
1309521,2473,1791,2502,2579,2351,0,0,0,0,0,0,0,0,E
1309556,2468,1772,2500,2586,2343,0,0,0,0,0,0,0,0,E
1309566,2471,1792,2505,2577,2359,0,0,0,0,0,0,0,0,E
1309601,2481,1794,2508,2592,2337,0,0,0,0,0,0,0,0,E
1309611,2480,1763,2515,2580,2350,0,0,0,0,0,0,0,0,E
1309646,2475,1792,2500,2583,2338,0,0,0,0,0,0,0,0,E
1309656,2482,1784,2501,2590,2349,0,0,0,0,0,0,0,0,E
1309691,2481,1771,2502,2572,2340,0,0,0,0,0,0,0,0,E
1309701,2480,1783,2495,2576,2340,0,0,0,0,0,0,0,0,E
1309736,2466,1781,2487,2585,2331,0,0,0,0,0,0,0,0,E
1309746,2487,1788,2517,2582,2331,0,0,0,0,0,0,0,0,E
1309781,2477,1786,2510,2593,2364,0,0,0,0,0,0,0,0,E
1309791,2487,1771,2508,2577,2339,0,0,0,0,0,0,0,0,E
1309826,2469,1794,2493,2585,2342,0,0,0,0,0,0,0,0,E
1309837,2478,1793,2513,2585,2342,0,0,0,0,0,0,0,0,E
1309871,2479,1792,2505,2587,2352,0,0,0,0,0,0,0,0,E
1309917,2474,1785,2505,2582,2349,0,0,0,0,0,0,0,0,E
1309928,2475,1789,2498,2585,2340,0,0,0,0,0,0,0,0,E
1309961,2474,1795,2502,2584,2329,0,0,0,0,0,0,0,0,E
1309971,2471,1789,2495,2581,2339,0,0,0,0,0,0,0,0,E
1310006,2480,1789,2509,2578,2339,0,0,0,0,0,0,0,0,E
1310016,2484,1788,2505,2583,2349,0,0,0,0,0,0,0,0,E
1310051,2469,1775,2498,2592,2347,0,0,0,0,0,0,0,0,E
1310061,2488,1790,2512,2590,2343,0,0,0,0,0,0,0,0,E
1310096,2488,1791,2495,2584,2365,0,0,0,0,0,0,0,0,E
1310106,2477,1796,2504,2598,2342,0,0,0,0,0,0,0,0,E
1310141,2469,1776,2497,2583,2337,0,0,0,0,0,0,0,0,E
1310186,2472,1774,2504,2575,2337,0,0,0,0,0,0,0,0,E
1310196,2472,1790,2514,2585,2353,0,0,0,0,0,0,0,0,E
1310231,2492,1787,2500,2588,2352,0,0,0,0,0,0,0,0,E
1310241,2473,1784,2520,2582,2336,0,0,0,0,0,0,0,0,E
1310276,2487,1785,2498,2583,2347,0,0,0,0,0,0,0,0,E
1310286,2483,1781,2522,2582,2352,0,0,0,0,0,0,0,0,E
1310321,2484,1787,2511,2589,2358,0,0,0,0,0,0,0,0,E
1310331,2465,1783,2492,2575,2326,0,0,0,0,0,0,0,0,E
1310366,2471,1785,2495,2583,2342,0,0,0,0,0,0,0,0,E
1310376,2479,1792,2495,2576,2361,0,0,0,0,0,0,0,0,E
1310411,2476,1787,2506,2583,2346,0,0,0,0,0,0,0,0,E
1310421,2477,1779,2503,2582,2349,0,0,0,0,0,0,0,0,E
1310456,2480,1775,2500,2582,2355,0,0,0,0,0,0,0,0,E
1310466,2484,1787,2502,2583,2346,0,0,0,0,0,0,0,0,E
1310501,2488,1794,2506,2576,2350,0,0,0,0,0,0,0,0,E
1310511,2474,1784,2501,2583,2347,0,0,0,0,0,0,0,0,E
1310546,2467,1784,2493,2579,2342,0,0,0,0,0,0,0,0,E
1310556,2483,1783,2517,2583,2340,0,0,0,0,0,0,0,0,E
1310591,2464,1786,2495,2573,2347,0,0,0,0,0,0,0,0,E
1310601,2482,1776,2501,2579,2339,0,0,0,0,0,0,0,0,E
1310636,2478,1772,2500,2577,2335,0,0,0,0,0,0,0,0,E
1310646,2471,1789,2505,2584,2343,0,0,0,0,0,0,0,0,E
1310681,2465,1800,2488,2588,2324,0,0,0,0,0,0,0,0,E
1310691,2489,1787,2512,2588,2340,0,0,0,0,0,0,0,0,E
1310726,2474,1782,2504,2580,2356,0,0,0,0,0,0,0,0,E
1310736,2475,1783,2513,2595,2336,0,0,0,0,0,0,0,0,E
1310771,2479,1797,2493,2590,2336,0,0,0,0,0,0,0,0,E
1310781,2467,1780,2494,2584,2356,0,0,0,0,0,0,0,0,E
1310816,2481,1785,2495,2581,2344,0,0,0,0,0,0,0,0,E
1310826,2479,1778,2505,2573,2338,0,0,0,0,0,0,0,0,E
1310861,2479,1796,2504,2583,2342,0,0,0,0,0,0,0,0,E
1310871,2485,1795,2511,2584,2338,0,0,0,0,0,0,0,0,E
1310906,2485,1784,2504,2577,2336,0,0,0,0,0,0,0,0,E
1310916,2471,1781,2510,2584,2344,0,0,0,0,0,0,0,0,E
1310951,2484,1789,2498,2578,2339,0,0,0,0,0,0,0,0,E
1310961,2485,1782,2515,2584,2343,0,0,0,0,0,0,0,0,E
1310996,2488,1775,2495,2570,2342,0,0,0,0,0,0,0,0,E
1311006,2478,1767,2514,2566,2339,0,0,0,0,0,0,0,0,E
1311041,2477,1794,2515,2576,2343,0,0,0,0,0,0,0,0,E
1311051,2476,1789,2508,2587,2349,0,0,0,0,0,0,0,0,E
1311086,2476,1788,2492,2582,2353,0,0,0,0,0,0,0,0,E
1311096,2470,1799,2504,2586,2334,0,0,0,0,0,0,0,0,E
1311131,2480,1800,2513,2594,2346,0,0,0,0,0,0,0,0,E
1311141,2475,1775,2504,2577,2352,0,0,0,0,0,0,0,0,E
1311176,2490,1788,2507,2581,2351,0,0,0,0,0,0,0,0,E
1311186,2476,1791,2512,2592,2341,0,0,0,0,0,0,0,0,E
1311221,2475,1791,2493,2578,2354,0,0,0,0,0,0,0,0,E
1311231,2483,1794,2490,2596,2346,0,0,0,0,0,0,0,0,E
1311266,2466,1785,2497,2583,2338,0,0,0,0,0,0,0,0,E
1311276,2475,1785,2501,2585,2327,0,0,0,0,0,0,0,0,E
1311311,2482,1783,2503,2579,2343,0,0,0,0,0,0,0,0,E
1311321,2476,1797,2497,2579,2338,0,0,0,0,0,0,0,0,E
1311356,2482,1776,2504,2588,2344,0,0,0,0,0,0,0,0,E
1311366,2484,1785,2504,2581,2344,0,0,0,0,0,0,0,0,E
1311401,2487,1791,2515,2579,2351,0,0,0,0,0,0,0,0,E
1311447,2478,1779,2502,2584,2344,0,0,0,0,0,0,0,0,E
1311457,2475,1771,2499,2585,2349,0,0,0,0,0,0,0,0,E
1311491,2476,1783,2499,2596,2337,0,0,0,0,0,0,0,0,E
1311501,2482,1786,2499,2578,2345,0,0,0,0,0,0,0,0,E
1311536,2477,1789,2512,2579,2352,0,0,0,0,0,0,0,0,E
1311546,2485,1792,2498,2593,2357,0,0,0,0,0,0,0,0,E
1311581,2463,1789,2507,2569,2343,0,0,0,0,0,0,0,0,E
1311591,2488,1802,2498,2592,2345,0,0,0,0,0,0,0,0,E
1311626,2480,1786,2505,2578,2354,0,0,0,0,0,0,0,0,E
1311636,2481,1791,2494,2577,2333,0,0,0,0,0,0,0,0,E
1311671,2479,1792,2488,2582,2338,0,0,0,0,0,0,0,0,E
1311681,2480,1766,2507,2576,2352,0,0,0,0,0,0,0,0,E
1311716,2479,1779,2504,2582,2341,0,0,0,0,0,0,0,0,E
1311726,2492,1792,2502,2582,2330,0,0,0,0,0,0,0,0,E
1311761,2484,1795,2503,2586,2339,0,0,0,0,0,0,0,0,E
1311771,2486,1796,2506,2587,2337,0,0,0,0,0,0,0,0,E
1311806,2486,1787,2495,2585,2352,0,0,0,0,0,0,0,0,E
1311816,2484,1784,2496,2583,2345,0,0,0,0,0,0,0,0,E
1311851,2487,1796,2512,2596,2355,0,0,0,0,0,0,0,0,E
1311897,2479,1779,2495,2579,2346,0,0,0,0,0,0,0,0,E
1311907,2486,1793,2514,2588,2338,0,0,0,0,0,0,0,0,E
1311941,2472,1790,2506,2583,2356,0,0,0,0,0,0,0,0,E
1311951,2489,1791,2499,2580,2349,0,0,0,0,0,0,0,0,E
1311986,2479,1777,2500,2592,2365,0,0,0,0,0,0,0,0,E
1311996,2474,1790,2502,2592,2357,0,0,0,0,0,0,0,0,E
1312031,2491,1781,2516,2583,2340,0,0,0,0,0,0,0,0,E
1312041,2479,1808,2495,2581,2351,0,0,0,0,0,0,0,0,E
1312076,2486,1797,2497,2588,2327,0,0,0,0,0,0,0,0,E
1312121,2488,1799,2506,2592,2367,0,0,0,0,0,0,0,0,E
1312132,2491,1776,2514,2574,2352,0,0,0,0,0,0,0,0,E
1312166,2484,1780,2500,2575,2350,0,0,0,0,0,0,0,0,E
1312176,2498,1772,2520,2578,2338,0,0,0,0,0,0,0,0,E
1312211,2482,1790,2503,2588,2346,0,0,0,0,0,0,0,0,E
1312221,2478,1796,2504,2581,2340,0,0,0,0,0,0,0,0,E
1312256,2486,1790,2502,2592,2337,0,0,0,0,0,0,0,0,E
1312266,2475,1789,2490,2579,2323,0,0,0,0,0,0,0,0,E
1312301,2481,1788,2504,2588,2353,0,0,0,0,0,0,0,0,E
1312311,2486,1794,2503,2584,2355,0,0,0,0,0,0,0,0,E
1312346,2484,1806,2512,2588,2342,0,0,0,0,0,0,0,0,E
1312356,2477,1786,2503,2591,2340,0,0,0,0,0,0,0,0,E
1312391,2486,1800,2516,2578,2352,0,0,0,0,0,0,0,0,E
1312401,2488,1786,2506,2572,2347,0,0,0,0,0,0,0,0,E
1312436,2483,1794,2495,2584,2352,0,0,0,0,0,0,0,0,E
1312446,2489,1769,2522,2582,2332,0,0,0,0,0,0,0,0,E
1312481,2483,1765,2500,2579,2357,0,0,0,0,0,0,0,0,E
1312526,2486,1796,2497,2594,2346,0,0,0,0,0,0,0,0,E
1312536,2480,1782,2507,2577,2351,0,0,0,0,0,0,0,0,E
1312571,2467,1786,2501,2582,2354,0,0,0,0,0,0,0,0,E
1312581,2482,1782,2500,2586,2344,0,0,0,0,0,0,0,0,E
1312616,2490,1780,2505,2579,2340,0,0,0,0,0,0,0,0,E
1312626,2492,1774,2508,2588,2352,0,0,0,0,0,0,0,0,E
1312661,2488,1791,2512,2588,2356,0,0,0,0,0,0,0,0,E
1312671,2475,1789,2502,2572,2343,0,0,0,0,0,0,0,0,E
1312706,2489,1786,2507,2582,2346,0,0,0,0,0,0,0,0,E
1312716,2480,1771,2499,2578,2339,0,0,0,0,0,0,0,0,E
1312751,2484,1786,2509,2573,2343,0,0,0,0,0,0,0,0,E
1312761,2479,1784,2498,2584,2339,0,0,0,0,0,0,0,0,E
1312796,2488,1775,2495,2574,2342,0,0,0,0,0,0,0,0,E
1312806,2480,1793,2508,2582,2340,0,0,0,0,0,0,0,0,E
1312841,2471,1780,2499,2578,2342,0,0,0,0,0,0,0,0,E
1312851,2483,1794,2511,2593,2342,0,0,0,0,0,0,0,0,E
1312886,2496,1773,2496,2592,2342,0,0,0,0,0,0,0,0,E
1312977,2483,1791,2518,2588,2343,0,0,0,0,0,0,0,0,E
1312987,2492,1793,2502,2587,2356,0,0,0,0,0,0,0,0,E
1313021,2487,1786,2502,2583,2357,0,0,0,0,0,0,0,0,E
1313067,2483,1779,2501,2575,2352,0,0,0,0,0,0,0,0,E
785323,2757,2043,2927,2928,2770,0,0,0,0,0,0,0,0,F
785358,2760,2047,2925,2930,2765,0,0,0,0,0,0,0,0,F
785403,2768,2032,2920,2924,2777,0,0,0,0,0,0,0,0,F
785413,2762,2039,2928,2926,2776,0,0,0,0,0,0,0,0,F
785448,2760,2046,2920,2924,2768,0,0,0,0,0,0,0,0,F
785458,2767,2052,2915,2927,2760,0,0,0,0,0,0,0,0,F
785493,2759,2038,2922,2922,2784,0,0,0,0,0,0,0,0,F
785503,2768,2046,2914,2930,2765,0,0,0,0,0,0,0,0,F
785538,2762,2050,2924,2920,2786,0,0,0,0,0,0,0,0,F
785548,2770,2039,2922,2922,2776,0,0,0,0,0,0,0,0,F
785583,2768,2046,2919,2930,2780,0,0,0,0,0,0,0,0,F
785593,2762,2052,2920,2917,2768,0,0,0,0,0,0,0,0,F
785628,2759,2044,2915,2924,2769,0,0,0,0,0,0,0,0,F
785638,2760,2052,2919,2932,2775,0,0,0,0,0,0,0,0,F
785673,2768,2045,2916,2927,2769,0,0,0,0,0,0,0,0,F
785683,2767,2048,2913,2917,2767,0,0,0,0,0,0,0,0,F
785718,2749,2037,2910,2920,2775,0,0,0,0,0,0,0,0,F
785728,2760,2052,2929,2917,2767,0,0,0,0,0,0,0,0,F
785763,2768,2045,2915,2928,2760,0,0,0,0,0,0,0,0,F
785773,2768,2052,2916,2921,2784,0,0,0,0,0,0,0,0,F
785808,2766,2032,2904,2919,2767,0,0,0,0,0,0,0,0,F
785818,2767,2052,2924,2923,2768,0,0,0,0,0,0,0,0,F
785853,2748,2047,2918,2925,2776,0,0,0,0,0,0,0,0,F
785863,2767,2068,2922,2928,2776,0,0,0,0,0,0,0,0,F
785898,2763,2048,2928,2919,2776,0,0,0,0,0,0,0,0,F
785908,2761,2052,2915,2930,2769,0,0,0,0,0,0,0,0,F
785988,2759,2052,2907,2916,2770,0,0,0,0,0,0,0,0,F
785998,2765,2051,2910,2919,2768,0,0,0,0,0,0,0,0,F
786033,2766,2051,2923,2932,2776,0,0,0,0,0,0,0,0,F
786043,2766,2050,2920,2925,2773,0,0,0,0,0,0,0,0,F
786078,2768,2045,2913,2924,2770,0,0,0,0,0,0,0,0,F
786088,2764,2047,2924,2924,2776,0,0,0,0,0,0,0,0,F
786123,2758,2041,2923,2919,2758,0,0,0,0,0,0,0,0,F
786133,2761,2048,2923,2932,2771,0,0,0,0,0,0,0,0,F
786168,2757,2030,2917,2918,2760,0,0,0,0,0,0,0,0,F
786178,2759,2064,2921,2924,2763,0,0,0,0,0,0,0,0,F
786213,2776,2031,2925,2922,2752,0,0,0,0,0,0,0,0,F
786223,2757,2064,2920,2919,2776,0,0,0,0,0,0,0,0,F
786258,2769,2042,2918,2922,2778,0,0,0,0,0,0,0,0,F
786268,2757,2046,2920,2918,2770,0,0,0,0,0,0,0,0,F
786303,2755,2046,2919,2918,2776,0,0,0,0,0,0,0,0,F
786313,2759,2037,2909,2926,2778,0,0,0,0,0,0,0,0,F
786348,2760,2049,2920,2914,2774,0,0,0,0,0,0,0,0,F
786359,2763,2045,2929,2921,2780,0,0,0,0,0,0,0,0,F
786393,2761,2047,2915,2932,2761,0,0,0,0,0,0,0,0,F
786403,2761,2069,2913,2930,2776,0,0,0,0,0,0,0,0,F
786438,2763,2065,2925,2923,2784,0,0,0,0,0,0,0,0,F
786448,2766,2052,2921,2919,2769,0,0,0,0,0,0,0,0,F
786483,2769,2037,2927,2920,2773,0,0,0,0,0,0,0,0,F
786493,2763,2048,2918,2934,2766,0,0,0,0,0,0,0,0,F
786528,2764,2055,2920,2919,2756,0,0,0,0,0,0,0,0,F
786538,2765,2050,2915,2920,2771,0,0,0,0,0,0,0,0,F
786573,2754,2050,2924,2922,2760,0,0,0,0,0,0,0,0,F
786583,2758,2053,2914,2924,2769,0,0,0,0,0,0,0,0,F
786618,2765,2047,2917,2933,2768,0,0,0,0,0,0,0,0,F
786628,2748,2039,2917,2920,2767,0,0,0,0,0,0,0,0,F
786663,2755,2048,2918,2929,2776,0,0,0,0,0,0,0,0,F
786673,2764,2062,2919,2930,2760,0,0,0,0,0,0,0,0,F
786708,2773,2049,2924,2925,2769,0,0,0,0,0,0,0,0,F
786718,2756,2044,2918,2923,2771,0,0,0,0,0,0,0,0,F
786753,2764,2042,2921,2921,2760,0,0,0,0,0,0,0,0,F
786763,2762,2033,2924,2922,2768,0,0,0,0,0,0,0,0,F
786798,2760,2035,2910,2916,2766,0,0,0,0,0,0,0,0,F
786808,2760,2047,2918,2922,2767,0,0,0,0,0,0,0,0,F
786843,2754,2058,2919,2924,2768,0,0,0,0,0,0,0,0,F
786853,2756,2055,2912,2921,2776,0,0,0,0,0,0,0,0,F
786888,2772,2060,2919,2934,2776,0,0,0,0,0,0,0,0,F
786898,2756,2052,2918,2928,2777,0,0,0,0,0,0,0,0,F
786933,2765,2050,2915,2926,2767,0,0,0,0,0,0,0,0,F
786943,2768,2052,2922,2911,2771,0,0,0,0,0,0,0,0,F
786978,2767,2050,2916,2927,2763,0,0,0,0,0,0,0,0,F
786988,2757,2051,2911,2918,2776,0,0,0,0,0,0,0,0,F
787023,2756,2049,2921,2918,2769,0,0,0,0,0,0,0,0,F
787033,2761,2056,2918,2928,2777,0,0,0,0,0,0,0,0,F
787068,2763,2048,2919,2934,2763,0,0,0,0,0,0,0,0,F
787078,2767,2068,2926,2926,2768,0,0,0,0,0,0,0,0,F
787113,2759,2061,2915,2927,2778,0,0,0,0,0,0,0,0,F
787123,2755,2055,2924,2926,2755,0,0,0,0,0,0,0,0,F
787158,2759,2052,2920,2927,2764,0,0,0,0,0,0,0,0,F
787168,2761,2039,2914,2922,2768,0,0,0,0,0,0,0,0,F
787203,2762,2050,2914,2925,2776,0,0,0,0,0,0,0,0,F
787213,2765,2048,2914,2929,2752,0,0,0,0,0,0,0,0,F
787248,2760,2056,2922,2926,2773,0,0,0,0,0,0,0,0,F
787258,2759,2046,2915,2921,2775,0,0,0,0,0,0,0,0,F
787293,2762,2046,2907,2920,2768,0,0,0,0,0,0,0,0,F
787303,2760,2047,2915,2921,2769,0,0,0,0,0,0,0,0,F
787338,2761,2050,2915,2921,2768,0,0,0,0,0,0,0,0,F
787348,2765,2060,2917,2923,2771,0,0,0,0,0,0,0,0,F
787383,2761,2050,2922,2928,2773,0,0,0,0,0,0,0,0,F
787393,2750,2045,2903,2924,2771,0,0,0,0,0,0,0,0,F
787428,2776,2062,2911,2931,2770,0,0,0,0,0,0,0,0,F
787438,2771,2042,2921,2924,2769,0,0,0,0,0,0,0,0,F
787473,2764,2054,2915,2920,2758,0,0,0,0,0,0,0,0,F
787518,2772,2049,2918,2925,2765,0,0,0,0,0,0,0,0,F
787564,2765,2060,2923,2928,2772,0,0,0,0,0,0,0,0,F
787575,2767,2056,2921,2929,2767,0,0,0,0,0,0,0,0,F
787608,2758,2058,2917,2926,2774,0,0,0,0,0,0,0,0,F
787618,2753,2053,2921,2924,2776,0,0,0,0,0,0,0,0,F
787653,2764,2048,2926,2922,2757,0,0,0,0,0,0,0,0,F
787663,2770,2034,2928,2930,2735,0,0,0,0,0,0,0,0,F
787698,2758,2042,2913,2924,2753,0,0,0,0,0,0,0,0,F
787708,2767,2043,2914,2927,2771,0,0,0,0,0,0,0,0,F
787743,2769,2048,2916,2914,2755,0,0,0,0,0,0,0,0,F
787753,2762,2050,2919,2931,2779,0,0,0,0,0,0,0,0,F
787788,2766,2047,2924,2924,2778,0,0,0,0,0,0,0,0,F
787833,2767,2039,2920,2923,2764,0,0,0,0,0,0,0,0,F
787843,2768,2050,2914,2919,2752,0,0,0,0,0,0,0,0,F
787878,2760,2056,2924,2915,2749,0,0,0,0,0,0,0,0,F
787888,2765,2057,2916,2929,2775,0,0,0,0,0,0,0,0,F
787923,2756,2064,2920,2921,2771,0,0,0,0,0,0,0,0,F
787933,2765,2047,2920,2927,2763,0,0,0,0,0,0,0,0,F
787968,2762,2040,2918,2923,2775,0,0,0,0,0,0,0,0,F
787978,2767,2036,2920,2926,2771,0,0,0,0,0,0,0,0,F
788013,2760,2059,2908,2923,2773,0,0,0,0,0,0,0,0,F
788023,2777,2040,2916,2929,2761,0,0,0,0,0,0,0,0,F
788058,2768,2064,2910,2920,2775,0,0,0,0,0,0,0,0,F
788068,2768,2039,2920,2925,2773,0,0,0,0,0,0,0,0,F
788103,2759,2048,2908,2922,2768,0,0,0,0,0,0,0,0,F
788113,2762,2056,2914,2920,2764,0,0,0,0,0,0,0,0,F
788148,2761,2039,2911,2916,2763,0,0,0,0,0,0,0,0,F
788158,2765,2060,2916,2923,2778,0,0,0,0,0,0,0,0,F
788193,2756,2041,2910,2922,2770,0,0,0,0,0,0,0,0,F
788203,2763,2061,2907,2929,2764,0,0,0,0,0,0,0,0,F
788238,2766,2054,2913,2934,2771,0,0,0,0,0,0,0,0,F
788248,2751,2047,2912,2924,2771,0,0,0,0,0,0,0,0,F
788283,2763,2048,2913,2918,2772,0,0,0,0,0,0,0,0,F
788293,2762,2064,2903,2928,2769,0,0,0,0,0,0,0,0,F
788328,2769,2030,2907,2928,2767,0,0,0,0,0,0,0,0,F
788338,2772,2056,2917,2924,2769,0,0,0,0,0,0,0,0,F
788374,2766,2048,2918,2932,2775,0,0,0,0,0,0,0,0,F
788385,2766,2042,2907,2927,2763,0,0,0,0,0,0,0,0,F
788418,2763,2040,2908,2928,2784,0,0,0,0,0,0,0,0,F
788428,2761,2028,2916,2925,2767,0,0,0,0,0,0,0,0,F
788463,2758,2043,2913,2917,2773,0,0,0,0,0,0,0,0,F
788473,2770,2053,2902,2919,2776,0,0,0,0,0,0,0,0,F
788508,2757,2064,2914,2919,2761,0,0,0,0,0,0,0,0,F
788518,2758,2056,2928,2928,2768,0,0,0,0,0,0,0,0,F
788553,2770,2059,2909,2920,2778,0,0,0,0,0,0,0,0,F
788563,2766,2045,2909,2932,2776,0,0,0,0,0,0,0,0,F
788598,2758,2045,2909,2918,2770,0,0,0,0,0,0,0,0,F
788608,2765,2056,2924,2921,2769,0,0,0,0,0,0,0,0,F
788643,2760,2037,2914,2928,2769,0,0,0,0,0,0,0,0,F
788653,2760,2062,2919,2921,2764,0,0,0,0,0,0,0,0,F
788688,2767,2055,2913,2918,2769,0,0,0,0,0,0,0,0,F
788698,2768,2064,2913,2928,2751,0,0,0,0,0,0,0,0,F
788733,2759,2043,2911,2919,2757,0,0,0,0,0,0,0,0,F
788743,2759,2049,2903,2920,2772,0,0,0,0,0,0,0,0,F
788778,2753,2058,2913,2928,2763,0,0,0,0,0,0,0,0,F
788788,2770,2044,2912,2923,2776,0,0,0,0,0,0,0,0,F
788823,2765,2027,2918,2928,2770,0,0,0,0,0,0,0,0,F
788833,2755,2042,2909,2918,2775,0,0,0,0,0,0,0,0,F
788868,2765,2059,2911,2926,2767,0,0,0,0,0,0,0,0,F
788878,2756,2048,2907,2929,2767,0,0,0,0,0,0,0,0,F
788913,2756,2055,2911,2917,2761,0,0,0,0,0,0,0,0,F
788923,2760,2033,2919,2928,2769,0,0,0,0,0,0,0,0,F
788958,2772,2055,2915,2928,2755,0,0,0,0,0,0,0,0,F
788968,2768,2045,2911,2937,2752,0,0,0,0,0,0,0,0,F
789003,2760,2055,2916,2923,2771,0,0,0,0,0,0,0,0,F
789013,2766,2049,2909,2929,2770,0,0,0,0,0,0,0,0,F
789048,2759,2041,2911,2912,2773,0,0,0,0,0,0,0,0,F
789058,2747,2054,2915,2928,2763,0,0,0,0,0,0,0,0,F
789093,2756,2044,2903,2913,2763,0,0,0,0,0,0,0,0,F
789103,2761,2057,2913,2924,2767,0,0,0,0,0,0,0,0,F
789138,2768,2056,2918,2928,2773,0,0,0,0,0,0,0,0,F
789148,2762,2037,2920,2923,2779,0,0,0,0,0,0,0,0,F
789184,2759,2052,2911,2924,2766,0,0,0,0,0,0,0,0,F
789194,2776,2053,2907,2915,2776,0,0,0,0,0,0,0,0,F
789229,2766,2061,2909,2922,2784,0,0,0,0,0,0,0,0,F
789239,2772,2056,2917,2925,2767,0,0,0,0,0,0,0,0,F
789273,2754,2051,2917,2926,2757,0,0,0,0,0,0,0,0,F
789283,2768,2029,2916,2923,2768,0,0,0,0,0,0,0,0,F
789318,2747,2047,2914,2919,2747,0,0,0,0,0,0,0,0,F
789328,2752,2051,2914,2917,2776,0,0,0,0,0,0,0,0,F
789363,2756,2045,2916,2927,2764,0,0,0,0,0,0,0,0,F
789373,2767,2059,2912,2926,2766,0,0,0,0,0,0,0,0,F
789408,2756,2063,2908,2918,2767,0,0,0,0,0,0,0,0,F
789418,2759,2053,2907,2928,2775,0,0,0,0,0,0,0,0,F
789453,2756,2049,2911,2924,2769,0,0,0,0,0,0,0,0,F
789463,2752,2055,2914,2928,2768,0,0,0,0,0,0,0,0,F
789498,2761,2033,2910,2919,2776,0,0,0,0,0,0,0,0,F
789508,2751,2054,2916,2918,2772,0,0,0,0,0,0,0,0,F
789543,2759,2046,2903,2915,2766,0,0,0,0,0,0,0,0,F
789553,2768,2041,2913,2927,2752,0,0,0,0,0,0,0,0,F
789588,2767,2054,2917,2927,2763,0,0,0,0,0,0,0,0,F
789598,2772,2056,2905,2916,2769,0,0,0,0,0,0,0,0,F
789633,2753,2048,2912,2929,2770,0,0,0,0,0,0,0,0,F
789643,2759,2059,2917,2928,2774,0,0,0,0,0,0,0,0,F
789678,2766,2045,2899,2918,2754,0,0,0,0,0,0,0,0,F
789688,2763,2050,2911,2924,2770,0,0,0,0,0,0,0,0,F
789723,2751,2034,2903,2907,2759,0,0,0,0,0,0,0,0,F
789733,2759,2063,2905,2921,2769,0,0,0,0,0,0,0,0,F
789768,2762,2045,2913,2922,2763,0,0,0,0,0,0,0,0,F
789778,2753,2061,2902,2921,2756,0,0,0,0,0,0,0,0,F
789813,2760,2057,2909,2919,2762,0,0,0,0,0,0,0,0,F
789823,2749,2038,2909,2915,2757,0,0,0,0,0,0,0,0,F
789858,2751,2060,2910,2921,2769,0,0,0,0,0,0,0,0,F
789868,2755,2056,2919,2918,2758,0,0,0,0,0,0,0,0,F
789903,2753,2053,2901,2893,2759,0,0,0,0,0,0,0,0,F
789913,2764,2051,2917,2930,2761,0,0,0,0,0,0,0,0,F
789948,2764,2048,2910,2915,2766,0,0,0,0,0,0,0,0,F
789958,2776,2047,2920,2928,2778,0,0,0,0,0,0,0,0,F
789993,2758,2043,2912,2923,2768,0,0,0,0,0,0,0,0,F
790003,2754,2043,2904,2921,2762,0,0,0,0,0,0,0,0,F
790038,2768,2044,2909,2916,2770,0,0,0,0,0,0,0,0,F
790048,2758,2047,2912,2903,2764,0,0,0,0,0,0,0,0,F
790083,2764,2062,2912,2932,2764,0,0,0,0,0,0,0,0,F
790093,2769,2064,2911,2924,2771,0,0,0,0,0,0,0,0,F
790128,2766,2038,2920,2927,2763,0,0,0,0,0,0,0,0,F
790138,2764,2057,2920,2920,2768,0,0,0,0,0,0,0,0,F
790173,2763,2043,2914,2921,2780,0,0,0,0,0,0,0,0,F
790218,2753,2072,2903,2924,2770,0,0,0,0,0,0,0,0,F
790228,2759,2045,2922,2917,2771,0,0,0,0,0,0,0,0,F
790263,2768,2049,2913,2918,2763,0,0,0,0,0,0,0,0,F
790309,2760,2045,2909,2922,2763,0,0,0,0,0,0,0,0,F
790320,2760,2040,2914,2921,2759,0,0,0,0,0,0,0,0,F
790353,2764,2035,2900,2912,2757,0,0,0,0,0,0,0,0,F
790363,2759,2046,2911,2920,2766,0,0,0,0,0,0,0,0,F
790398,2760,2046,2904,2926,2774,0,0,0,0,0,0,0,0,F
790408,2762,2060,2913,2919,2770,0,0,0,0,0,0,0,0,F
790443,2758,2051,2912,2915,2763,0,0,0,0,0,0,0,0,F
790453,2758,2049,2907,2921,2767,0,0,0,0,0,0,0,0,F
790488,2764,2058,2915,2925,2776,0,0,0,0,0,0,0,0,F
790498,2757,2039,2910,2925,2777,0,0,0,0,0,0,0,0,F
790533,2768,2048,2907,2925,2763,0,0,0,0,0,0,0,0,F
790543,2765,2053,2925,2929,2761,0,0,0,0,0,0,0,0,F
790578,2763,2058,2912,2915,2768,0,0,0,0,0,0,0,0,F
790588,2747,2058,2909,2924,2760,0,0,0,0,0,0,0,0,F
790623,2751,2060,2911,2923,2768,0,0,0,0,0,0,0,0,F
790633,2763,2053,2912,2921,2757,0,0,0,0,0,0,0,0,F
790668,2765,2057,2917,2917,2777,0,0,0,0,0,0,0,0,F
790678,2762,2041,2910,2919,2762,0,0,0,0,0,0,0,0,F
790713,2751,2059,2907,2918,2761,0,0,0,0,0,0,0,0,F
790723,2759,2068,2911,2915,2770,0,0,0,0,0,0,0,0,F
790758,2755,2070,2914,2927,2774,0,0,0,0,0,0,0,0,F
790803,2766,2041,2909,2907,2751,0,0,0,0,0,0,0,0,F
790813,2759,2064,2910,2916,2767,0,0,0,0,0,0,0,0,F
790848,2764,2056,2911,2911,2758,0,0,0,0,0,0,0,0,F
790858,2757,2050,2901,2911,2761,0,0,0,0,0,0,0,0,F
790893,2759,2051,2909,2917,2770,0,0,0,0,0,0,0,0,F
790903,2761,2059,2912,2926,2763,0,0,0,0,0,0,0,0,F
790938,2762,2060,2911,2923,2767,0,0,0,0,0,0,0,0,F
790948,2750,2052,2928,2928,2767,0,0,0,0,0,0,0,0,F
791028,2761,2047,2914,2919,2769,0,0,0,0,0,0,0,0,F
791038,2761,2051,2912,2926,2769,0,0,0,0,0,0,0,0,F
791073,2763,2054,2897,2918,2761,0,0,0,0,0,0,0,0,F
791083,2767,2045,2912,2917,2767,0,0,0,0,0,0,0,0,F
791118,2761,2059,2917,2907,2777,0,0,0,0,0,0,0,0,F
791128,2756,2067,2912,2919,2767,0,0,0,0,0,0,0,0,F
791163,2762,2031,2911,2920,2760,0,0,0,0,0,0,0,0,F
791173,2754,2061,2901,2921,2762,0,0,0,0,0,0,0,0,F
791208,2761,2031,2908,2913,2776,0,0,0,0,0,0,0,0,F
791218,2758,2056,2920,2924,2762,0,0,0,0,0,0,0,0,F
791253,2760,2035,2909,2920,2764,0,0,0,0,0,0,0,0,F
791263,2767,2061,2908,2919,2770,0,0,0,0,0,0,0,0,F
791298,2758,2053,2912,2920,2776,0,0,0,0,0,0,0,0,F
791308,2762,2063,2916,2913,2768,0,0,0,0,0,0,0,0,F
791343,2765,2059,2903,2928,2762,0,0,0,0,0,0,0,0,F
791353,2747,2043,2909,2919,2762,0,0,0,0,0,0,0,0,F
791388,2754,2063,2909,2926,2768,0,0,0,0,0,0,0,0,F
791398,2768,2034,2902,2917,2762,0,0,0,0,0,0,0,0,F
791433,2753,2061,2911,2920,2769,0,0,0,0,0,0,0,0,F
791443,2754,2055,2907,2915,2764,0,0,0,0,0,0,0,0,F
791478,2761,2056,2915,2920,2755,0,0,0,0,0,0,0,0,F
791523,2768,2063,2905,2922,2773,0,0,0,0,0,0,0,0,F
791533,2763,2053,2920,2911,2766,0,0,0,0,0,0,0,0,F
791568,2776,2062,2909,2924,2773,0,0,0,0,0,0,0,0,F
791578,2761,2052,2912,2923,2762,0,0,0,0,0,0,0,0,F
791613,2762,2036,2905,2928,2767,0,0,0,0,0,0,0,0,F
791623,2764,2047,2909,2928,2765,0,0,0,0,0,0,0,0,F
791658,2763,2043,2922,2924,2761,0,0,0,0,0,0,0,0,F
791668,2778,2058,2907,2915,2768,0,0,0,0,0,0,0,0,F
791703,2755,2056,2911,2919,2750,0,0,0,0,0,0,0,0,F
791713,2757,2056,2917,2918,2750,0,0,0,0,0,0,0,0,F
791748,2760,2039,2904,2922,2769,0,0,0,0,0,0,0,0,F
791758,2769,2053,2905,2918,2769,0,0,0,0,0,0,0,0,F
791793,2762,2057,2907,2925,2784,0,0,0,0,0,0,0,0,F
791803,2780,2039,2905,2924,2780,0,0,0,0,0,0,0,0,F
791838,2763,2053,2914,2916,2773,0,0,0,0,0,0,0,0,F
791848,2759,2058,2902,2911,2762,0,0,0,0,0,0,0,0,F
791883,2751,2043,2907,2918,2766,0,0,0,0,0,0,0,0,F
791893,2766,2068,2910,2922,2755,0,0,0,0,0,0,0,0,F
791928,2761,2052,2904,2924,2772,0,0,0,0,0,0,0,0,F
791938,2759,2062,2906,2921,2769,0,0,0,0,0,0,0,0,F
791973,2760,2067,2916,2915,2765,0,0,0,0,0,0,0,0,F
791983,2758,2051,2914,2917,2769,0,0,0,0,0,0,0,0,F
792018,2756,2055,2905,2919,2771,0,0,0,0,0,0,0,0,F
792029,2760,2059,2916,2920,2758,0,0,0,0,0,0,0,0,F
792063,2761,2053,2908,2919,2771,0,0,0,0,0,0,0,0,F
792073,2754,2056,2912,2915,2764,0,0,0,0,0,0,0,0,F
792108,2751,2043,2905,2925,2774,0,0,0,0,0,0,0,0,F
792118,2768,2068,2914,2925,2780,0,0,0,0,0,0,0,0,F
792154,2760,2057,2903,2920,2768,0,0,0,0,0,0,0,0,F
792198,2751,2058,2910,2925,2768,0,0,0,0,0,0,0,0,F
792208,2766,2066,2914,2917,2745,0,0,0,0,0,0,0,0,F
792243,2764,2064,2912,2923,2762,0,0,0,0,0,0,0,0,F
792253,2772,2064,2918,2928,2768,0,0,0,0,0,0,0,0,F
792288,2760,2061,2909,2921,2758,0,0,0,0,0,0,0,0,F
792298,2762,2055,2901,2921,2762,0,0,0,0,0,0,0,0,F
792333,2755,2057,2907,2918,2760,0,0,0,0,0,0,0,0,F
792343,2763,2061,2912,2919,2751,0,0,0,0,0,0,0,0,F
817307,2629,1731,2527,2632,2734,0,0,0,0,0,0,0,0,I
817318,2629,1709,2522,2635,2752,0,0,0,0,0,0,0,0,I
817352,2613,1737,2518,2621,2748,0,0,0,0,0,0,0,0,I
817363,2623,1739,2520,2633,2743,0,0,0,0,0,0,0,0,I
817397,2619,1734,2527,2623,2752,0,0,0,0,0,0,0,0,I
817408,2613,1746,2517,2636,2742,0,0,0,0,0,0,0,0,I
817442,2632,1749,2520,2636,2746,0,0,0,0,0,0,0,0,I
817453,2613,1746,2519,2622,2744,0,0,0,0,0,0,0,0,I
817487,2625,1757,2517,2625,2724,0,0,0,0,0,0,0,0,I
817498,2625,1737,2523,2629,2746,0,0,0,0,0,0,0,0,I
817532,2618,1753,2524,2625,2735,0,0,0,0,0,0,0,0,I
817543,2640,1730,2528,2630,2743,0,0,0,0,0,0,0,0,I
817577,2607,1706,2533,2623,2753,0,0,0,0,0,0,0,0,I
817588,2630,1752,2529,2631,2740,0,0,0,0,0,0,0,0,I
817622,2617,1707,2532,2628,2751,0,0,0,0,0,0,0,0,I
817633,2627,1730,2517,2624,2740,0,0,0,0,0,0,0,0,I
817667,2628,1731,2527,2615,2743,0,0,0,0,0,0,0,0,I
817678,2633,1734,2506,2638,2751,0,0,0,0,0,0,0,0,I
817712,2612,1736,2504,2623,2742,0,0,0,0,0,0,0,0,I
817723,2621,1714,2535,2623,2744,0,0,0,0,0,0,0,0,I
817757,2624,1728,2523,2636,2741,0,0,0,0,0,0,0,0,I
817768,2619,1744,2515,2632,2737,0,0,0,0,0,0,0,0,I
817802,2628,1724,2528,2617,2758,0,0,0,0,0,0,0,0,I
817813,2616,1743,2531,2622,2751,0,0,0,0,0,0,0,0,I
817847,2631,1759,2526,2628,2735,0,0,0,0,0,0,0,0,I
817858,2628,1738,2534,2630,2744,0,0,0,0,0,0,0,0,I
817892,2614,1733,2524,2632,2741,0,0,0,0,0,0,0,0,I
817903,2615,1753,2518,2624,2747,0,0,0,0,0,0,0,0,I
817937,2632,1752,2528,2631,2760,0,0,0,0,0,0,0,0,I
817948,2623,1736,2536,2627,2753,0,0,0,0,0,0,0,0,I
817982,2617,1731,2527,2630,2740,0,0,0,0,0,0,0,0,I
817993,2628,1759,2539,2629,2751,0,0,0,0,0,0,0,0,I
818072,2615,1730,2517,2632,2747,0,0,0,0,0,0,0,0,I
818083,2621,1736,2521,2643,2751,0,0,0,0,0,0,0,0,I
818117,2616,1756,2536,2623,2756,0,0,0,0,0,0,0,0,I
818128,2613,1746,2532,2636,2747,0,0,0,0,0,0,0,0,I
818162,2612,1732,2526,2623,2745,0,0,0,0,0,0,0,0,I
818173,2640,1706,2539,2639,2750,0,0,0,0,0,0,0,0,I
818207,2624,1756,2525,2631,2754,0,0,0,0,0,0,0,0,I
818218,2625,1746,2527,2630,2741,0,0,0,0,0,0,0,0,I
818252,2620,1735,2536,2625,2739,0,0,0,0,0,0,0,0,I
818263,2621,1739,2535,2625,2744,0,0,0,0,0,0,0,0,I
818297,2622,1736,2527,2640,2745,0,0,0,0,0,0,0,0,I
818308,2619,1754,2539,2633,2744,0,0,0,0,0,0,0,0,I
818342,2621,1754,2530,2631,2744,0,0,0,0,0,0,0,0,I
818353,2625,1734,2523,2631,2757,0,0,0,0,0,0,0,0,I
818388,2625,1754,2529,2633,2750,0,0,0,0,0,0,0,0,I
818478,2624,1751,2534,2623,2743,0,0,0,0,0,0,0,0,I
818489,2630,1747,2529,2631,2744,0,0,0,0,0,0,0,0,I
818522,2629,1737,2534,2628,2745,0,0,0,0,0,0,0,0,I
818533,2622,1743,2541,2632,2731,0,0,0,0,0,0,0,0,I
818567,2626,1730,2534,2630,2733,0,0,0,0,0,0,0,0,I
818578,2626,1746,2535,2627,2725,0,0,0,0,0,0,0,0,I
818612,2618,1744,2521,2623,2742,0,0,0,0,0,0,0,0,I
818623,2624,1712,2531,2620,2754,0,0,0,0,0,0,0,0,I
818657,2629,1736,2533,2623,2745,0,0,0,0,0,0,0,0,I
818668,2618,1726,2540,2637,2742,0,0,0,0,0,0,0,0,I
818702,2628,1734,2532,2631,2739,0,0,0,0,0,0,0,0,I
818748,2623,1730,2532,2629,2744,0,0,0,0,0,0,0,0,I
818759,2622,1737,2536,2634,2741,0,0,0,0,0,0,0,0,I
818792,2620,1715,2532,2632,2748,0,0,0,0,0,0,0,0,I
818803,2616,1740,2540,2640,2750,0,0,0,0,0,0,0,0,I
818837,2621,1755,2527,2633,2751,0,0,0,0,0,0,0,0,I
818848,2631,1738,2527,2624,2754,0,0,0,0,0,0,0,0,I
818882,2612,1770,2529,2630,2725,0,0,0,0,0,0,0,0,I
818893,2627,1731,2535,2633,2743,0,0,0,0,0,0,0,0,I
818927,2621,1716,2552,2634,2741,0,0,0,0,0,0,0,0,I
818938,2634,1719,2544,2642,2752,0,0,0,0,0,0,0,0,I
818972,2628,1716,2526,2627,2752,0,0,0,0,0,0,0,0,I
818983,2621,1711,2519,2621,2740,0,0,0,0,0,0,0,0,I
819017,2626,1723,2536,2623,2748,0,0,0,0,0,0,0,0,I
819028,2622,1750,2533,2634,2753,0,0,0,0,0,0,0,0,I
819062,2612,1745,2524,2631,2754,0,0,0,0,0,0,0,0,I
819073,2617,1742,2527,2632,2741,0,0,0,0,0,0,0,0,I
819107,2630,1736,2527,2627,2755,0,0,0,0,0,0,0,0,I
819118,2612,1768,2527,2640,2752,0,0,0,0,0,0,0,0,I
819152,2627,1738,2522,2624,2739,0,0,0,0,0,0,0,0,I
819163,2620,1745,2538,2633,2753,0,0,0,0,0,0,0,0,I
819197,2623,1727,2534,2635,2747,0,0,0,0,0,0,0,0,I
819208,2633,1735,2535,2638,2749,0,0,0,0,0,0,0,0,I
819243,2622,1741,2540,2642,2742,0,0,0,0,0,0,0,0,I
819253,2624,1731,2528,2632,2744,0,0,0,0,0,0,0,0,I
819287,2626,1727,2535,2627,2751,0,0,0,0,0,0,0,0,I
819298,2618,1739,2527,2629,2749,0,0,0,0,0,0,0,0,I
819332,2630,1766,2527,2637,2761,0,0,0,0,0,0,0,0,I
819378,2623,1733,2532,2636,2761,0,0,0,0,0,0,0,0,I
819389,2619,1742,2537,2634,2738,0,0,0,0,0,0,0,0,I
819422,2627,1728,2538,2632,2747,0,0,0,0,0,0,0,0,I
819469,2626,1739,2529,2623,2746,0,0,0,0,0,0,0,0,I
819479,2622,1711,2527,2630,2741,0,0,0,0,0,0,0,0,I
819512,2627,1718,2551,2633,2740,0,0,0,0,0,0,0,0,I
819523,2629,1731,2546,2631,2738,0,0,0,0,0,0,0,0,I
819557,2621,1744,2519,2626,2727,0,0,0,0,0,0,0,0,I
819602,2616,1749,2531,2627,2760,0,0,0,0,0,0,0,0,I
819613,2632,1731,2519,2632,2748,0,0,0,0,0,0,0,0,I
819647,2623,1739,2517,2635,2752,0,0,0,0,0,0,0,0,I
819658,2628,1722,2543,2624,2743,0,0,0,0,0,0,0,0,I
819692,2625,1741,2533,2634,2763,0,0,0,0,0,0,0,0,I
819703,2614,1721,2534,2628,2756,0,0,0,0,0,0,0,0,I
819737,2623,1748,2539,2633,2753,0,0,0,0,0,0,0,0,I
819748,2632,1738,2522,2624,2748,0,0,0,0,0,0,0,0,I
819782,2619,1760,2534,2616,2754,0,0,0,0,0,0,0,0,I
819793,2622,1732,2537,2632,2754,0,0,0,0,0,0,0,0,I
819827,2620,1727,2544,2626,2745,0,0,0,0,0,0,0,0,I
819838,2621,1748,2536,2635,2757,0,0,0,0,0,0,0,0,I
819872,2622,1734,2530,2629,2758,0,0,0,0,0,0,0,0,I
819883,2630,1745,2536,2626,2753,0,0,0,0,0,0,0,0,I
819917,2619,1749,2528,2635,2748,0,0,0,0,0,0,0,0,I
819928,2619,1719,2536,2628,2759,0,0,0,0,0,0,0,0,I
819962,2630,1738,2539,2622,2742,0,0,0,0,0,0,0,0,I
819973,2622,1729,2525,2623,2754,0,0,0,0,0,0,0,0,I
820007,2624,1746,2535,2628,2760,0,0,0,0,0,0,0,0,I
820018,2628,1745,2539,2632,2742,0,0,0,0,0,0,0,0,I
820052,2625,1737,2539,2635,2760,0,0,0,0,0,0,0,0,I
820063,2634,1749,2529,2635,2754,0,0,0,0,0,0,0,0,I
820097,2615,1723,2544,2635,2768,0,0,0,0,0,0,0,0,I
820108,2633,1728,2548,2631,2741,0,0,0,0,0,0,0,0,I
820142,2624,1738,2537,2627,2758,0,0,0,0,0,0,0,0,I
820153,2624,1720,2535,2628,2757,0,0,0,0,0,0,0,0,I
820187,2625,1743,2529,2631,2759,0,0,0,0,0,0,0,0,I
820198,2615,1752,2532,2637,2760,0,0,0,0,0,0,0,0,I
820232,2628,1738,2524,2632,2759,0,0,0,0,0,0,0,0,I
820243,2616,1738,2539,2632,2754,0,0,0,0,0,0,0,0,I
820277,2613,1757,2535,2627,2757,0,0,0,0,0,0,0,0,I
820288,2630,1744,2543,2634,2744,0,0,0,0,0,0,0,0,I
820322,2633,1754,2534,2640,2749,0,0,0,0,0,0,0,0,I
820333,2625,1739,2537,2627,2747,0,0,0,0,0,0,0,0,I
820367,2612,1738,2537,2621,2752,0,0,0,0,0,0,0,0,I
820378,2606,1725,2535,2643,2736,0,0,0,0,0,0,0,0,I
820412,2618,1736,2557,2626,2761,0,0,0,0,0,0,0,0,I
820423,2628,1739,2534,2627,2749,0,0,0,0,0,0,0,0,I
820457,2615,1739,2535,2624,2752,0,0,0,0,0,0,0,0,I
820468,2625,1748,2534,2631,2764,0,0,0,0,0,0,0,0,I
820502,2618,1740,2540,2632,2735,0,0,0,0,0,0,0,0,I
820513,2627,1718,2536,2645,2748,0,0,0,0,0,0,0,0,I
820547,2627,1738,2535,2637,2748,0,0,0,0,0,0,0,0,I
820558,2628,1729,2538,2632,2763,0,0,0,0,0,0,0,0,I
820592,2635,1744,2536,2630,2762,0,0,0,0,0,0,0,0,I
820603,2630,1756,2540,2632,2755,0,0,0,0,0,0,0,0,I
820637,2628,1735,2536,2636,2753,0,0,0,0,0,0,0,0,I
820648,2630,1748,2545,2621,2749,0,0,0,0,0,0,0,0,I
820682,2620,1762,2535,2632,2754,0,0,0,0,0,0,0,0,I
820693,2629,1752,2541,2639,2751,0,0,0,0,0,0,0,0,I
820727,2609,1766,2532,2633,2752,0,0,0,0,0,0,0,0,I
820738,2628,1736,2535,2639,2743,0,0,0,0,0,0,0,0,I
820772,2618,1733,2546,2627,2753,0,0,0,0,0,0,0,0,I
820783,2629,1746,2538,2623,2742,0,0,0,0,0,0,0,0,I
820817,2624,1739,2541,2629,2746,0,0,0,0,0,0,0,0,I
820828,2623,1747,2524,2625,2756,0,0,0,0,0,0,0,0,I
820862,2629,1728,2537,2638,2759,0,0,0,0,0,0,0,0,I
820873,2635,1763,2547,2623,2757,0,0,0,0,0,0,0,0,I
820907,2623,1746,2545,2640,2753,0,0,0,0,0,0,0,0,I
820918,2612,1737,2534,2631,2743,0,0,0,0,0,0,0,0,I
820952,2635,1740,2540,2633,2748,0,0,0,0,0,0,0,0,I
820963,2633,1726,2542,2634,2751,0,0,0,0,0,0,0,0,I
820997,2632,1749,2528,2633,2757,0,0,0,0,0,0,0,0,I
821008,2620,1737,2545,2634,2757,0,0,0,0,0,0,0,0,I
821042,2622,1763,2539,2640,2750,0,0,0,0,0,0,0,0,I
821053,2631,1740,2537,2642,2757,0,0,0,0,0,0,0,0,I
821087,2634,1751,2539,2635,2746,0,0,0,0,0,0,0,0,I
821098,2630,1739,2530,2631,2753,0,0,0,0,0,0,0,0,I
821132,2607,1743,2534,2636,2753,0,0,0,0,0,0,0,0,I
821143,2634,1739,2538,2637,2754,0,0,0,0,0,0,0,0,I
821177,2627,1742,2543,2635,2754,0,0,0,0,0,0,0,0,I
821188,2615,1748,2534,2638,2752,0,0,0,0,0,0,0,0,I
821222,2615,1740,2521,2631,2740,0,0,0,0,0,0,0,0,I
821233,2619,1732,2547,2639,2742,0,0,0,0,0,0,0,0,I
821267,2631,1744,2525,2641,2749,0,0,0,0,0,0,0,0,I
821278,2632,1752,2528,2631,2735,0,0,0,0,0,0,0,0,I
821312,2628,1736,2552,2617,2728,0,0,0,0,0,0,0,0,I
821323,2631,1747,2534,2629,2768,0,0,0,0,0,0,0,0,I
821357,2631,1738,2536,2637,2747,0,0,0,0,0,0,0,0,I
821368,2628,1751,2549,2618,2756,0,0,0,0,0,0,0,0,I
821402,2625,1741,2542,2623,2748,0,0,0,0,0,0,0,0,I
821413,2610,1743,2560,2647,2751,0,0,0,0,0,0,0,0,I
821448,2616,1732,2533,2632,2750,0,0,0,0,0,0,0,0,I
821459,2633,1751,2531,2641,2742,0,0,0,0,0,0,0,0,I
821492,2621,1748,2537,2632,2753,0,0,0,0,0,0,0,0,I
821503,2624,1722,2542,2636,2742,0,0,0,0,0,0,0,0,I
821537,2623,1754,2517,2624,2744,0,0,0,0,0,0,0,0,I
821548,2624,1723,2542,2626,2751,0,0,0,0,0,0,0,0,I
821582,2626,1760,2539,2632,2762,0,0,0,0,0,0,0,0,I
821593,2628,1757,2544,2629,2765,0,0,0,0,0,0,0,0,I
821627,2626,1778,2537,2629,2756,0,0,0,0,0,0,0,0,I
821638,2621,1753,2544,2638,2752,0,0,0,0,0,0,0,0,I
821672,2619,1756,2531,2634,2749,0,0,0,0,0,0,0,0,I
821683,2626,1785,2515,2636,2747,0,0,0,0,0,0,0,0,I
821717,2640,1754,2550,2621,2755,0,0,0,0,0,0,0,0,I
821728,2638,1744,2543,2637,2735,0,0,0,0,0,0,0,0,I
821762,2633,1752,2563,2632,2752,0,0,0,0,0,0,0,0,I
821773,2631,1748,2540,2640,2743,0,0,0,0,0,0,0,0,I
821807,2610,1718,2538,2624,2748,0,0,0,0,0,0,0,0,I
821818,2645,1751,2542,2642,2747,0,0,0,0,0,0,0,0,I
821852,2614,1737,2539,2622,2755,0,0,0,0,0,0,0,0,I
821898,2627,1760,2546,2639,2747,0,0,0,0,0,0,0,0,I
821908,2632,1756,2546,2635,2768,0,0,0,0,0,0,0,0,I
821942,2632,1756,2548,2644,2756,0,0,0,0,0,0,0,0,I
821953,2626,1749,2541,2635,2752,0,0,0,0,0,0,0,0,I
821987,2623,1763,2532,2640,2751,0,0,0,0,0,0,0,0,I
821998,2618,1748,2556,2634,2752,0,0,0,0,0,0,0,0,I
822032,2626,1750,2538,2633,2750,0,0,0,0,0,0,0,0,I
822043,2614,1764,2546,2638,2760,0,0,0,0,0,0,0,0,I
822077,2618,1756,2544,2629,2746,0,0,0,0,0,0,0,0,I
822088,2621,1754,2544,2632,2753,0,0,0,0,0,0,0,0,I
822122,2625,1745,2541,2644,2743,0,0,0,0,0,0,0,0,I
822167,2622,1739,2548,2632,2754,0,0,0,0,0,0,0,0,I
822178,2627,1741,2551,2641,2751,0,0,0,0,0,0,0,0,I
822212,2632,1752,2544,2639,2754,0,0,0,0,0,0,0,0,I
822223,2631,1767,2536,2638,2755,0,0,0,0,0,0,0,0,I
822257,2619,1710,2540,2629,2748,0,0,0,0,0,0,0,0,I
822268,2639,1776,2551,2644,2753,0,0,0,0,0,0,0,0,I
822302,2636,1745,2541,2632,2764,0,0,0,0,0,0,0,0,I
822313,2620,1749,2519,2624,2756,0,0,0,0,0,0,0,0,I
822347,2632,1756,2539,2632,2743,0,0,0,0,0,0,0,0,I
822358,2619,1747,2535,2632,2739,0,0,0,0,0,0,0,0,I
822392,2627,1752,2540,2630,2760,0,0,0,0,0,0,0,0,I
822403,2621,1750,2535,2640,2760,0,0,0,0,0,0,0,0,I
822437,2621,1736,2539,2637,2746,0,0,0,0,0,0,0,0,I
822448,2625,1761,2550,2636,2733,0,0,0,0,0,0,0,0,I
822482,2630,1764,2536,2640,2735,0,0,0,0,0,0,0,0,I
822493,2627,1750,2546,2630,2751,0,0,0,0,0,0,0,0,I
822527,2619,1731,2546,2641,2754,0,0,0,0,0,0,0,0,I
822538,2627,1741,2545,2623,2740,0,0,0,0,0,0,0,0,I
822572,2629,1727,2540,2643,2750,0,0,0,0,0,0,0,0,I
822583,2628,1740,2536,2631,2749,0,0,0,0,0,0,0,0,I
822617,2611,1745,2525,2630,2750,0,0,0,0,0,0,0,0,I
822628,2631,1734,2539,2648,2762,0,0,0,0,0,0,0,0,I
822662,2627,1760,2527,2643,2746,0,0,0,0,0,0,0,0,I
822673,2634,1755,2536,2638,2760,0,0,0,0,0,0,0,0,I
822707,2632,1751,2536,2644,2749,0,0,0,0,0,0,0,0,I
822718,2628,1757,2539,2640,2751,0,0,0,0,0,0,0,0,I
822752,2629,1749,2536,2650,2762,0,0,0,0,0,0,0,0,I
822763,2635,1749,2550,2639,2752,0,0,0,0,0,0,0,0,I
822797,2629,1760,2556,2627,2739,0,0,0,0,0,0,0,0,I
822808,2628,1740,2554,2623,2749,0,0,0,0,0,0,0,0,I
822842,2638,1747,2549,2637,2756,0,0,0,0,0,0,0,0,I
822853,2624,1745,2545,2632,2740,0,0,0,0,0,0,0,0,I
822887,2621,1760,2536,2631,2743,0,0,0,0,0,0,0,0,I
822898,2624,1749,2545,2631,2753,0,0,0,0,0,0,0,0,I
822932,2639,1724,2562,2638,2752,0,0,0,0,0,0,0,0,I
822943,2632,1761,2547,2646,2754,0,0,0,0,0,0,0,0,I
822977,2625,1770,2528,2632,2736,0,0,0,0,0,0,0,0,I
822988,2628,1735,2552,2637,2760,0,0,0,0,0,0,0,0,I
823022,2629,1761,2552,2629,2749,0,0,0,0,0,0,0,0,I
823033,2645,1752,2540,2623,2743,0,0,0,0,0,0,0,0,I
823067,2623,1744,2539,2635,2763,0,0,0,0,0,0,0,0,I
823078,2625,1747,2544,2637,2745,0,0,0,0,0,0,0,0,I
823112,2616,1760,2535,2636,2734,0,0,0,0,0,0,0,0,I
823123,2634,1754,2546,2636,2750,0,0,0,0,0,0,0,0,I
823157,2632,1742,2543,2629,2749,0,0,0,0,0,0,0,0,I
823168,2622,1751,2555,2640,2732,0,0,0,0,0,0,0,0,I
823202,2627,1745,2533,2631,2746,0,0,0,0,0,0,0,0,I
823248,2627,1760,2547,2628,2746,0,0,0,0,0,0,0,0,I
823258,2616,1752,2543,2632,2746,0,0,0,0,0,0,0,0,I
823292,2623,1762,2537,2639,2747,0,0,0,0,0,0,0,0,I
823303,2627,1760,2548,2642,2760,0,0,0,0,0,0,0,0,I
823337,2625,1755,2534,2631,2732,0,0,0,0,0,0,0,0,I
823348,2629,1762,2560,2633,2750,0,0,0,0,0,0,0,0,I
823382,2632,1737,2550,2639,2744,0,0,0,0,0,0,0,0,I
823393,2631,1761,2546,2638,2751,0,0,0,0,0,0,0,0,I
823427,2629,1743,2550,2633,2752,0,0,0,0,0,0,0,0,I
823438,2621,1767,2558,2640,2758,0,0,0,0,0,0,0,0,I
823472,2623,1742,2545,2645,2752,0,0,0,0,0,0,0,0,I
823483,2631,1748,2551,2643,2757,0,0,0,0,0,0,0,0,I
823517,2632,1739,2557,2634,2752,0,0,0,0,0,0,0,0,I
823562,2629,1728,2553,2627,2760,0,0,0,0,0,0,0,0,I
823573,2637,1776,2534,2639,2749,0,0,0,0,0,0,0,0,I
823607,2621,1744,2548,2626,2755,0,0,0,0,0,0,0,0,I
823618,2632,1752,2537,2636,2749,0,0,0,0,0,0,0,0,I
823652,2629,1731,2552,2633,2748,0,0,0,0,0,0,0,0,I
823663,2638,1770,2546,2648,2747,0,0,0,0,0,0,0,0,I
823697,2635,1759,2548,2630,2746,0,0,0,0,0,0,0,0,I
823708,2628,1755,2554,2634,2764,0,0,0,0,0,0,0,0,I
823742,2630,1756,2560,2636,2750,0,0,0,0,0,0,0,0,I
823753,2632,1765,2554,2632,2743,0,0,0,0,0,0,0,0,I
823787,2627,1750,2560,2632,2753,0,0,0,0,0,0,0,0,I
823798,2623,1760,2544,2642,2744,0,0,0,0,0,0,0,0,I
823832,2627,1772,2536,2644,2741,0,0,0,0,0,0,0,0,I
823843,2629,1755,2549,2644,2751,0,0,0,0,0,0,0,0,I
823877,2629,1748,2556,2645,2762,0,0,0,0,0,0,0,0,I
823888,2625,1752,2545,2632,2748,0,0,0,0,0,0,0,0,I
823922,2632,1723,2554,2637,2746,0,0,0,0,0,0,0,0,I
823933,2633,1761,2553,2640,2749,0,0,0,0,0,0,0,0,I
823967,2629,1774,2556,2635,2748,0,0,0,0,0,0,0,0,I
823978,2632,1762,2537,2628,2740,0,0,0,0,0,0,0,0,I
824012,2626,1764,2543,2639,2742,0,0,0,0,0,0,0,0,I
824023,2631,1755,2546,2626,2760,0,0,0,0,0,0,0,0,I
824057,2635,1746,2541,2626,2753,0,0,0,0,0,0,0,0,I
824068,2634,1744,2546,2637,2753,0,0,0,0,0,0,0,0,I
824102,2636,1728,2560,2625,2744,0,0,0,0,0,0,0,0,I
824113,2632,1719,2537,2624,2754,0,0,0,0,0,0,0,0,I
824147,2631,1758,2547,2648,2751,0,0,0,0,0,0,0,0,I
824158,2635,1744,2539,2635,2741,0,0,0,0,0,0,0,0,I
824192,2626,1742,2534,2634,2753,0,0,0,0,0,0,0,0,I
824203,2624,1749,2527,2632,2737,0,0,0,0,0,0,0,0,I
824237,2623,1749,2548,2642,2744,0,0,0,0,0,0,0,0,I
824248,2632,1760,2549,2623,2754,0,0,0,0,0,0,0,0,I
824282,2633,1750,2539,2638,2749,0,0,0,0,0,0,0,0,I
824293,2625,1759,2554,2629,2735,0,0,0,0,0,0,0,0,I
824327,2636,1739,2549,2641,2749,0,0,0,0,0,0,0,0,I
834767,2901,2702,2575,2589,2323,0,0,0,0,0,0,0,0,L
834778,2887,2695,2579,2592,2339,0,0,0,0,0,0,0,0,L
834812,2885,2706,2583,2589,2338,0,0,0,0,0,0,0,0,L
834823,2891,2705,2581,2598,2333,0,0,0,0,0,0,0,0,L
834857,2890,2702,2583,2594,2332,0,0,0,0,0,0,0,0,L
834868,2907,2703,2587,2591,2345,0,0,0,0,0,0,0,0,L
834902,2891,2713,2578,2591,2341,0,0,0,0,0,0,0,0,L
834913,2897,2716,2580,2602,2323,0,0,0,0,0,0,0,0,L
834947,2900,2699,2577,2596,2334,0,0,0,0,0,0,0,0,L
834958,2891,2707,2571,2596,2344,0,0,0,0,0,0,0,0,L
834992,2890,2707,2569,2604,2346,0,0,0,0,0,0,0,0,L
835003,2891,2704,2590,2593,2332,0,0,0,0,0,0,0,0,L
835037,2892,2710,2575,2593,2331,0,0,0,0,0,0,0,0,L
835048,2887,2705,2570,2593,2338,0,0,0,0,0,0,0,0,L
835082,2886,2707,2583,2596,2327,0,0,0,0,0,0,0,0,L
835093,2896,2719,2575,2595,2340,0,0,0,0,0,0,0,0,L
835172,2875,2699,2577,2595,2335,0,0,0,0,0,0,0,0,L
835183,2876,2708,2576,2583,2345,0,0,0,0,0,0,0,0,L
835217,2871,2705,2581,2590,2341,0,0,0,0,0,0,0,0,L
835228,2872,2718,2578,2601,2344,0,0,0,0,0,0,0,0,L
835262,2872,2720,2575,2590,2336,0,0,0,0,0,0,0,0,L
835273,2875,2715,2582,2592,2323,0,0,0,0,0,0,0,0,L
835307,2860,2711,2580,2583,2344,0,0,0,0,0,0,0,0,L
835318,2864,2715,2580,2612,2330,0,0,0,0,0,0,0,0,L
835352,2863,2710,2566,2602,2334,0,0,0,0,0,0,0,0,L
835363,2866,2703,2580,2589,2341,0,0,0,0,0,0,0,0,L
835397,2872,2713,2573,2592,2350,0,0,0,0,0,0,0,0,L
835408,2870,2717,2566,2586,2331,0,0,0,0,0,0,0,0,L
835442,2857,2708,2574,2596,2331,0,0,0,0,0,0,0,0,L
835453,2871,2714,2581,2593,2349,0,0,0,0,0,0,0,0,L
835487,2866,2711,2579,2589,2322,0,0,0,0,0,0,0,0,L
835498,2873,2719,2579,2589,2339,0,0,0,0,0,0,0,0,L
835532,2866,2718,2579,2592,2339,0,0,0,0,0,0,0,0,L
835543,2863,2719,2580,2597,2342,0,0,0,0,0,0,0,0,L
835577,2857,2721,2580,2591,2343,0,0,0,0,0,0,0,0,L
835588,2870,2728,2580,2589,2341,0,0,0,0,0,0,0,0,L
835622,2857,2708,2560,2596,2332,0,0,0,0,0,0,0,0,L
835633,2864,2720,2579,2587,2349,0,0,0,0,0,0,0,0,L
835667,2870,2717,2569,2586,2338,0,0,0,0,0,0,0,0,L
835678,2870,2715,2576,2592,2320,0,0,0,0,0,0,0,0,L
835712,2857,2718,2579,2589,2340,0,0,0,0,0,0,0,0,L
835723,2873,2713,2577,2611,2336,0,0,0,0,0,0,0,0,L
835757,2867,2716,2576,2608,2333,0,0,0,0,0,0,0,0,L
835768,2867,2712,2566,2597,2339,0,0,0,0,0,0,0,0,L
835802,2869,2717,2578,2599,2313,0,0,0,0,0,0,0,0,L
835813,2853,2707,2576,2600,2326,0,0,0,0,0,0,0,0,L
835847,2868,2716,2569,2592,2334,0,0,0,0,0,0,0,0,L
835858,2869,2722,2572,2596,2357,0,0,0,0,0,0,0,0,L
835892,2859,2718,2577,2600,2336,0,0,0,0,0,0,0,0,L
835903,2876,2719,2572,2599,2318,0,0,0,0,0,0,0,0,L
835937,2875,2715,2574,2606,2341,0,0,0,0,0,0,0,0,L
835948,2861,2717,2576,2595,2331,0,0,0,0,0,0,0,0,L
835982,2868,2710,2568,2596,2332,0,0,0,0,0,0,0,0,L
835993,2872,2714,2567,2596,2349,0,0,0,0,0,0,0,0,L
836027,2866,2719,2579,2596,2340,0,0,0,0,0,0,0,0,L
836038,2877,2719,2573,2597,2329,0,0,0,0,0,0,0,0,L
836072,2859,2706,2566,2603,2350,0,0,0,0,0,0,0,0,L
836083,2870,2717,2576,2588,2337,0,0,0,0,0,0,0,0,L
836117,2877,2717,2586,2608,2331,0,0,0,0,0,0,0,0,L
836128,2855,2723,2570,2599,2339,0,0,0,0,0,0,0,0,L
836162,2873,2715,2575,2604,2359,0,0,0,0,0,0,0,0,L
836173,2879,2714,2576,2598,2342,0,0,0,0,0,0,0,0,L
836207,2872,2711,2579,2592,2335,0,0,0,0,0,0,0,0,L
836218,2871,2714,2590,2601,2343,0,0,0,0,0,0,0,0,L
836252,2872,2705,2574,2597,2354,0,0,0,0,0,0,0,0,L
836263,2885,2711,2577,2601,2335,0,0,0,0,0,0,0,0,L
836297,2873,2720,2575,2587,2343,0,0,0,0,0,0,0,0,L
836308,2880,2711,2575,2583,2349,0,0,0,0,0,0,0,0,L
836342,2872,2715,2562,2587,2356,0,0,0,0,0,0,0,0,L
836353,2880,2717,2581,2595,2347,0,0,0,0,0,0,0,0,L
836387,2875,2720,2567,2599,2346,0,0,0,0,0,0,0,0,L
836398,2876,2715,2577,2595,2354,0,0,0,0,0,0,0,0,L
836432,2876,2719,2570,2594,2339,0,0,0,0,0,0,0,0,L
836443,2871,2726,2579,2597,2352,0,0,0,0,0,0,0,0,L
836477,2884,2713,2588,2597,2337,0,0,0,0,0,0,0,0,L
836488,2885,2730,2583,2604,2356,0,0,0,0,0,0,0,0,L
836522,2869,2716,2578,2599,2354,0,0,0,0,0,0,0,0,L
836533,2878,2714,2583,2596,2350,0,0,0,0,0,0,0,0,L
836567,2873,2728,2573,2595,2351,0,0,0,0,0,0,0,0,L
836578,2877,2720,2574,2595,2329,0,0,0,0,0,0,0,0,L
836612,2874,2728,2584,2590,2332,0,0,0,0,0,0,0,0,L
836623,2880,2713,2577,2602,2344,0,0,0,0,0,0,0,0,L
836657,2887,2720,2584,2600,2342,0,0,0,0,0,0,0,0,L
836668,2889,2731,2577,2613,2342,0,0,0,0,0,0,0,0,L
836702,2869,2717,2580,2591,2343,0,0,0,0,0,0,0,0,L
836713,2873,2717,2576,2601,2345,0,0,0,0,0,0,0,0,L
836748,2884,2707,2576,2602,2347,0,0,0,0,0,0,0,0,L
836758,2880,2720,2573,2599,2347,0,0,0,0,0,0,0,0,L
836792,2884,2715,2576,2599,2341,0,0,0,0,0,0,0,0,L
836803,2880,2711,2582,2600,2363,0,0,0,0,0,0,0,0,L
836837,2879,2719,2590,2599,2347,0,0,0,0,0,0,0,0,L
836882,2879,2720,2583,2589,2335,0,0,0,0,0,0,0,0,L
836893,2878,2721,2586,2596,2341,0,0,0,0,0,0,0,0,L
836927,2878,2721,2569,2591,2332,0,0,0,0,0,0,0,0,L
836938,2880,2714,2580,2605,2342,0,0,0,0,0,0,0,0,L
836972,2877,2714,2584,2597,2348,0,0,0,0,0,0,0,0,L
836983,2879,2720,2572,2598,2345,0,0,0,0,0,0,0,0,L
837017,2886,2723,2571,2599,2331,0,0,0,0,0,0,0,0,L
837028,2870,2731,2576,2600,2339,0,0,0,0,0,0,0,0,L
837062,2882,2720,2579,2591,2354,0,0,0,0,0,0,0,0,L
837073,2896,2726,2575,2595,2347,0,0,0,0,0,0,0,0,L
837107,2884,2715,2579,2600,2321,0,0,0,0,0,0,0,0,L
837118,2892,2726,2584,2604,2347,0,0,0,0,0,0,0,0,L
837152,2881,2720,2578,2596,2344,0,0,0,0,0,0,0,0,L
837163,2884,2720,2578,2603,2342,0,0,0,0,0,0,0,0,L
837197,2890,2729,2588,2597,2350,0,0,0,0,0,0,0,0,L
837208,2885,2721,2580,2605,2333,0,0,0,0,0,0,0,0,L
837242,2885,2721,2567,2604,2324,0,0,0,0,0,0,0,0,L
837253,2888,2719,2573,2592,2334,0,0,0,0,0,0,0,0,L
837287,2888,2723,2570,2601,2356,0,0,0,0,0,0,0,0,L
837298,2885,2725,2582,2600,2340,0,0,0,0,0,0,0,0,L
837332,2882,2716,2573,2589,2324,0,0,0,0,0,0,0,0,L
837343,2896,2716,2573,2600,2366,0,0,0,0,0,0,0,0,L
837377,2891,2718,2571,2600,2347,0,0,0,0,0,0,0,0,L
837388,2886,2711,2564,2599,2331,0,0,0,0,0,0,0,0,L
837422,2900,2725,2580,2597,2345,0,0,0,0,0,0,0,0,L
837433,2887,2724,2571,2582,2339,0,0,0,0,0,0,0,0,L
837467,2882,2723,2576,2597,2360,0,0,0,0,0,0,0,0,L
837478,2888,2721,2576,2587,2339,0,0,0,0,0,0,0,0,L
837512,2892,2713,2579,2599,2327,0,0,0,0,0,0,0,0,L
837523,2882,2713,2581,2598,2347,0,0,0,0,0,0,0,0,L
837557,2889,2711,2575,2600,2360,0,0,0,0,0,0,0,0,L
837568,2885,2720,2585,2603,2339,0,0,0,0,0,0,0,0,L
837602,2899,2723,2569,2593,2335,0,0,0,0,0,0,0,0,L
837613,2884,2719,2586,2599,2363,0,0,0,0,0,0,0,0,L
837647,2875,2727,2578,2601,2352,0,0,0,0,0,0,0,0,L
837658,2887,2720,2569,2595,2341,0,0,0,0,0,0,0,0,L
837692,2891,2724,2584,2600,2342,0,0,0,0,0,0,0,0,L
837703,2885,2724,2574,2598,2356,0,0,0,0,0,0,0,0,L
837737,2888,2723,2573,2592,2318,0,0,0,0,0,0,0,0,L
837748,2887,2717,2579,2600,2344,0,0,0,0,0,0,0,0,L
837782,2883,2726,2591,2594,2342,0,0,0,0,0,0,0,0,L
837793,2889,2728,2579,2607,2349,0,0,0,0,0,0,0,0,L
837827,2902,2724,2568,2600,2339,0,0,0,0,0,0,0,0,L
837838,2889,2721,2578,2603,2342,0,0,0,0,0,0,0,0,L
837872,2892,2724,2583,2603,2351,0,0,0,0,0,0,0,0,L
837883,2882,2715,2576,2602,2319,0,0,0,0,0,0,0,0,L
837917,2888,2719,2581,2595,2339,0,0,0,0,0,0,0,0,L
837928,2888,2715,2574,2588,2341,0,0,0,0,0,0,0,0,L
837962,2887,2728,2586,2601,2356,0,0,0,0,0,0,0,0,L
837973,2891,2722,2584,2595,2349,0,0,0,0,0,0,0,0,L
838007,2887,2731,2583,2581,2361,0,0,0,0,0,0,0,0,L
838018,2896,2730,2585,2596,2352,0,0,0,0,0,0,0,0,L
838052,2881,2718,2581,2594,2346,0,0,0,0,0,0,0,0,L
838063,2885,2723,2587,2587,2364,0,0,0,0,0,0,0,0,L
838097,2893,2721,2585,2587,2358,0,0,0,0,0,0,0,0,L
838108,2896,2721,2561,2608,2332,0,0,0,0,0,0,0,0,L
838142,2897,2728,2581,2602,2349,0,0,0,0,0,0,0,0,L
838153,2887,2716,2586,2593,2353,0,0,0,0,0,0,0,0,L
838187,2894,2724,2583,2596,2351,0,0,0,0,0,0,0,0,L
838198,2895,2713,2575,2602,2335,0,0,0,0,0,0,0,0,L
838232,2888,2717,2574,2589,2344,0,0,0,0,0,0,0,0,L
838243,2897,2725,2594,2594,2354,0,0,0,0,0,0,0,0,L
838277,2892,2711,2575,2596,2347,0,0,0,0,0,0,0,0,L
838288,2889,2712,2567,2592,2346,0,0,0,0,0,0,0,0,L
838322,2885,2701,2587,2604,2359,0,0,0,0,0,0,0,0,L
838333,2888,2709,2576,2595,2345,0,0,0,0,0,0,0,0,L
838367,2897,2709,2586,2591,2344,0,0,0,0,0,0,0,0,L
838378,2887,2708,2586,2597,2323,0,0,0,0,0,0,0,0,L
838412,2880,2703,2584,2603,2348,0,0,0,0,0,0,0,0,L
838423,2901,2703,2578,2593,2349,0,0,0,0,0,0,0,0,L
838457,2881,2699,2582,2609,2352,0,0,0,0,0,0,0,0,L
838468,2893,2699,2578,2593,2353,0,0,0,0,0,0,0,0,L
838502,2897,2713,2580,2608,2351,0,0,0,0,0,0,0,0,L
838513,2899,2706,2576,2607,2341,0,0,0,0,0,0,0,0,L
838548,2891,2695,2584,2599,2332,0,0,0,0,0,0,0,0,L
838558,2890,2713,2580,2597,2342,0,0,0,0,0,0,0,0,L
838592,2881,2704,2588,2591,2344,0,0,0,0,0,0,0,0,L
838603,2893,2716,2577,2600,2348,0,0,0,0,0,0,0,0,L
838637,2889,2714,2581,2611,2316,0,0,0,0,0,0,0,0,L
838648,2891,2710,2586,2599,2336,0,0,0,0,0,0,0,0,L
838682,2891,2708,2566,2599,2347,0,0,0,0,0,0,0,0,L
838693,2892,2711,2590,2597,2339,0,0,0,0,0,0,0,0,L
838727,2889,2713,2576,2594,2332,0,0,0,0,0,0,0,0,L
838738,2888,2702,2575,2583,2352,0,0,0,0,0,0,0,0,L
838772,2886,2709,2580,2604,2342,0,0,0,0,0,0,0,0,L
838783,2890,2712,2572,2588,2332,0,0,0,0,0,0,0,0,L
838817,2892,2706,2582,2600,2341,0,0,0,0,0,0,0,0,L
838828,2886,2702,2579,2587,2340,0,0,0,0,0,0,0,0,L
838862,2891,2712,2572,2589,2345,0,0,0,0,0,0,0,0,L
838873,2893,2717,2580,2597,2343,0,0,0,0,0,0,0,0,L
838907,2893,2708,2586,2600,2319,0,0,0,0,0,0,0,0,L
838918,2892,2710,2585,2601,2342,0,0,0,0,0,0,0,0,L
838952,2889,2703,2590,2598,2328,0,0,0,0,0,0,0,0,L
838963,2894,2713,2605,2584,2363,0,0,0,0,0,0,0,0,L
838997,2887,2709,2580,2594,2360,0,0,0,0,0,0,0,0,L
839008,2900,2706,2585,2591,2339,0,0,0,0,0,0,0,0,L
839042,2895,2715,2586,2591,2335,0,0,0,0,0,0,0,0,L
839053,2888,2712,2594,2606,2348,0,0,0,0,0,0,0,0,L
839087,2888,2712,2581,2595,2369,0,0,0,0,0,0,0,0,L
839098,2897,2699,2587,2588,2349,0,0,0,0,0,0,0,0,L
839132,2897,2711,2582,2598,2345,0,0,0,0,0,0,0,0,L
839143,2888,2717,2584,2597,2338,0,0,0,0,0,0,0,0,L
839177,2892,2712,2583,2593,2329,0,0,0,0,0,0,0,0,L
839188,2897,2716,2586,2593,2344,0,0,0,0,0,0,0,0,L
839222,2888,2706,2581,2595,2344,0,0,0,0,0,0,0,0,L
839233,2897,2707,2582,2591,2344,0,0,0,0,0,0,0,0,L
839267,2885,2711,2572,2599,2342,0,0,0,0,0,0,0,0,L
839278,2891,2716,2576,2594,2330,0,0,0,0,0,0,0,0,L
839312,2900,2705,2580,2606,2351,0,0,0,0,0,0,0,0,L
839323,2899,2717,2585,2602,2353,0,0,0,0,0,0,0,0,L
839357,2890,2720,2584,2601,2351,0,0,0,0,0,0,0,0,L
839368,2896,2725,2584,2603,2352,0,0,0,0,0,0,0,0,L
839402,2896,2713,2567,2592,2353,0,0,0,0,0,0,0,0,L
839413,2887,2709,2585,2599,2345,0,0,0,0,0,0,0,0,L
839447,2894,2708,2586,2598,2341,0,0,0,0,0,0,0,0,L
839458,2889,2715,2596,2591,2341,0,0,0,0,0,0,0,0,L
839492,2896,2711,2592,2591,2342,0,0,0,0,0,0,0,0,L
839503,2896,2719,2585,2604,2349,0,0,0,0,0,0,0,0,L
839537,2894,2714,2583,2598,2351,0,0,0,0,0,0,0,0,L
839548,2890,2714,2586,2597,2346,0,0,0,0,0,0,0,0,L
839582,2893,2720,2582,2600,2352,0,0,0,0,0,0,0,0,L
839593,2891,2707,2584,2600,2350,0,0,0,0,0,0,0,0,L
839627,2893,2716,2584,2588,2325,0,0,0,0,0,0,0,0,L
839638,2898,2708,2578,2597,2347,0,0,0,0,0,0,0,0,L
839672,2897,2711,2597,2598,2356,0,0,0,0,0,0,0,0,L
839683,2890,2695,2575,2593,2347,0,0,0,0,0,0,0,0,L
839717,2889,2713,2584,2601,2354,0,0,0,0,0,0,0,0,L
839728,2886,2714,2579,2598,2346,0,0,0,0,0,0,0,0,L
839762,2891,2708,2584,2593,2350,0,0,0,0,0,0,0,0,L
839773,2904,2705,2583,2596,2344,0,0,0,0,0,0,0,0,L
839807,2890,2717,2575,2593,2357,0,0,0,0,0,0,0,0,L
839818,2885,2716,2575,2595,2346,0,0,0,0,0,0,0,0,L
839852,2896,2711,2584,2589,2340,0,0,0,0,0,0,0,0,L
839863,2894,2729,2578,2607,2368,0,0,0,0,0,0,0,0,L
839897,2900,2720,2590,2598,2343,0,0,0,0,0,0,0,0,L
839908,2888,2719,2576,2609,2351,0,0,0,0,0,0,0,0,L
839942,2893,2722,2580,2594,2357,0,0,0,0,0,0,0,0,L
839953,2897,2717,2594,2598,2338,0,0,0,0,0,0,0,0,L
839987,2888,2711,2572,2594,2337,0,0,0,0,0,0,0,0,L
839998,2890,2720,2572,2591,2328,0,0,0,0,0,0,0,0,L
840032,2892,2720,2592,2607,2348,0,0,0,0,0,0,0,0,L
840043,2896,2717,2586,2606,2346,0,0,0,0,0,0,0,0,L
840077,2895,2717,2588,2590,2352,0,0,0,0,0,0,0,0,L
840088,2894,2718,2583,2597,2360,0,0,0,0,0,0,0,0,L
840122,2884,2733,2580,2604,2343,0,0,0,0,0,0,0,0,L
840133,2897,2709,2587,2599,2343,0,0,0,0,0,0,0,0,L
840167,2880,2707,2579,2586,2347,0,0,0,0,0,0,0,0,L
840178,2887,2723,2590,2606,2334,0,0,0,0,0,0,0,0,L
840212,2895,2710,2585,2600,2356,0,0,0,0,0,0,0,0,L
840223,2878,2713,2589,2597,2352,0,0,0,0,0,0,0,0,L
840257,2892,2714,2592,2596,2359,0,0,0,0,0,0,0,0,L
840268,2890,2713,2588,2594,2380,0,0,0,0,0,0,0,0,L
840302,2898,2707,2587,2589,2347,0,0,0,0,0,0,0,0,L
840313,2896,2714,2576,2595,2325,0,0,0,0,0,0,0,0,L
840347,2885,2713,2584,2602,2361,0,0,0,0,0,0,0,0,L
840358,2892,2719,2588,2592,2365,0,0,0,0,0,0,0,0,L
840392,2897,2729,2579,2613,2343,0,0,0,0,0,0,0,0,L
840403,2899,2724,2585,2599,2354,0,0,0,0,0,0,0,0,L
840437,2877,2709,2592,2591,2343,0,0,0,0,0,0,0,0,L
840448,2895,2713,2586,2608,2331,0,0,0,0,0,0,0,0,L
840482,2890,2718,2576,2607,2356,0,0,0,0,0,0,0,0,L
840493,2889,2722,2593,2596,2351,0,0,0,0,0,0,0,0,L
840527,2891,2722,2590,2597,2349,0,0,0,0,0,0,0,0,L
840538,2891,2721,2588,2595,2352,0,0,0,0,0,0,0,0,L
840572,2898,2723,2586,2601,2358,0,0,0,0,0,0,0,0,L
840583,2891,2717,2594,2596,2348,0,0,0,0,0,0,0,0,L
840617,2883,2716,2559,2597,2324,0,0,0,0,0,0,0,0,L
840628,2904,2728,2583,2595,2351,0,0,0,0,0,0,0,0,L
840662,2894,2726,2588,2604,2354,0,0,0,0,0,0,0,0,L
840673,2892,2720,2590,2598,2354,0,0,0,0,0,0,0,0,L
840707,2898,2721,2586,2598,2352,0,0,0,0,0,0,0,0,L
840718,2892,2718,2580,2600,2348,0,0,0,0,0,0,0,0,L
840752,2887,2719,2593,2592,2343,0,0,0,0,0,0,0,0,L
840763,2898,2724,2583,2606,2353,0,0,0,0,0,0,0,0,L
840797,2884,2724,2568,2600,2344,0,0,0,0,0,0,0,0,L
840808,2896,2720,2592,2605,2348,0,0,0,0,0,0,0,0,L
840842,2893,2724,2587,2591,2363,0,0,0,0,0,0,0,0,L
840853,2894,2711,2592,2594,2352,0,0,0,0,0,0,0,0,L
840887,2892,2716,2585,2600,2345,0,0,0,0,0,0,0,0,L
840898,2893,2719,2580,2598,2361,0,0,0,0,0,0,0,0,L
840932,2885,2720,2577,2597,2357,0,0,0,0,0,0,0,0,L
840943,2889,2716,2588,2608,2352,0,0,0,0,0,0,0,0,L
840977,2893,2711,2579,2593,2351,0,0,0,0,0,0,0,0,L
840988,2898,2713,2578,2588,2333,0,0,0,0,0,0,0,0,L
841022,2897,2713,2581,2599,2360,0,0,0,0,0,0,0,0,L
841033,2890,2716,2577,2603,2352,0,0,0,0,0,0,0,0,L
841067,2879,2713,2575,2593,2351,0,0,0,0,0,0,0,0,L
841078,2888,2718,2594,2597,2351,0,0,0,0,0,0,0,0,L
841112,2893,2711,2586,2599,2343,0,0,0,0,0,0,0,0,L
841123,2891,2718,2586,2604,2358,0,0,0,0,0,0,0,0,L
841157,2886,2725,2590,2609,2342,0,0,0,0,0,0,0,0,L
841168,2893,2722,2571,2607,2327,0,0,0,0,0,0,0,0,L
841202,2899,2718,2584,2601,2343,0,0,0,0,0,0,0,0,L
841213,2888,2728,2582,2608,2360,0,0,0,0,0,0,0,0,L
841247,2888,2720,2594,2593,2360,0,0,0,0,0,0,0,0,L
841258,2893,2718,2580,2585,2352,0,0,0,0,0,0,0,0,L
841292,2891,2728,2588,2605,2366,0,0,0,0,0,0,0,0,L
841303,2898,2724,2600,2606,2362,0,0,0,0,0,0,0,0,L
841337,2891,2718,2575,2598,2347,0,0,0,0,0,0,0,0,L
841348,2879,2717,2580,2596,2355,0,0,0,0,0,0,0,0,L
841382,2900,2721,2590,2587,2338,0,0,0,0,0,0,0,0,L
841393,2899,2721,2593,2602,2352,0,0,0,0,0,0,0,0,L
841427,2886,2715,2588,2591,2347,0,0,0,0,0,0,0,0,L
841438,2886,2714,2590,2595,2336,0,0,0,0,0,0,0,0,L
841472,2887,2720,2593,2606,2348,0,0,0,0,0,0,0,0,L
841483,2895,2715,2592,2597,2351,0,0,0,0,0,0,0,0,L
841517,2882,2714,2579,2607,2348,0,0,0,0,0,0,0,0,L
841528,2892,2723,2579,2597,2348,0,0,0,0,0,0,0,0,L
841562,2895,2708,2592,2600,2343,0,0,0,0,0,0,0,0,L
853262,2731,2164,2744,2757,2578,0,0,0,0,0,0,0,0,O
853272,2724,2163,2754,2748,2577,0,0,0,0,0,0,0,0,O
853307,2723,2169,2742,2756,2583,0,0,0,0,0,0,0,0,O
853317,2733,2140,2748,2749,2591,0,0,0,0,0,0,0,0,O
853352,2724,2153,2735,2746,2570,0,0,0,0,0,0,0,0,O
853362,2736,2162,2736,2754,2566,0,0,0,0,0,0,0,0,O
853397,2723,2150,2754,2751,2586,0,0,0,0,0,0,0,0,O
853407,2730,2156,2743,2755,2579,0,0,0,0,0,0,0,0,O
853442,2734,2165,2752,2751,2568,0,0,0,0,0,0,0,0,O
853452,2734,2151,2747,2752,2575,0,0,0,0,0,0,0,0,O
853487,2734,2147,2748,2761,2571,0,0,0,0,0,0,0,0,O
853497,2752,2156,2756,2751,2571,0,0,0,0,0,0,0,0,O
853532,2735,2167,2745,2760,2600,0,0,0,0,0,0,0,0,O
853542,2731,2154,2749,2751,2610,0,0,0,0,0,0,0,0,O
853577,2731,2154,2745,2745,2584,0,0,0,0,0,0,0,0,O
853587,2727,2154,2753,2755,2578,0,0,0,0,0,0,0,0,O
853622,2719,2150,2739,2746,2586,0,0,0,0,0,0,0,0,O
853632,2727,2151,2747,2752,2592,0,0,0,0,0,0,0,0,O
853667,2733,2152,2754,2754,2584,0,0,0,0,0,0,0,0,O
853677,2731,2148,2749,2743,2574,0,0,0,0,0,0,0,0,O
853712,2727,2158,2748,2743,2586,0,0,0,0,0,0,0,0,O
853722,2736,2143,2744,2751,2575,0,0,0,0,0,0,0,0,O
853757,2727,2160,2748,2751,2582,0,0,0,0,0,0,0,0,O
853767,2734,2157,2754,2752,2584,0,0,0,0,0,0,0,0,O
853802,2732,2151,2736,2760,2580,0,0,0,0,0,0,0,0,O
853812,2731,2173,2764,2752,2585,0,0,0,0,0,0,0,0,O
853847,2735,2159,2739,2743,2591,0,0,0,0,0,0,0,0,O
853857,2736,2155,2739,2760,2579,0,0,0,0,0,0,0,0,O
853892,2730,2168,2739,2753,2571,0,0,0,0,0,0,0,0,O
853902,2729,2152,2739,2748,2580,0,0,0,0,0,0,0,0,O
853937,2739,2184,2747,2736,2563,0,0,0,0,0,0,0,0,O
853947,2735,2159,2741,2760,2583,0,0,0,0,0,0,0,0,O
853982,2726,2134,2749,2745,2580,0,0,0,0,0,0,0,0,O
853992,2732,2164,2752,2739,2581,0,0,0,0,0,0,0,0,O
854027,2735,2151,2745,2749,2573,0,0,0,0,0,0,0,0,O
854037,2722,2156,2752,2747,2585,0,0,0,0,0,0,0,0,O
854072,2722,2149,2746,2738,2572,0,0,0,0,0,0,0,0,O
854082,2730,2160,2748,2750,2595,0,0,0,0,0,0,0,0,O
854117,2735,2156,2744,2762,2581,0,0,0,0,0,0,0,0,O
854162,2733,2162,2756,2752,2579,0,0,0,0,0,0,0,0,O
854172,2726,2151,2736,2755,2586,0,0,0,0,0,0,0,0,O
854207,2732,2161,2748,2754,2580,0,0,0,0,0,0,0,0,O
854217,2734,2159,2746,2760,2591,0,0,0,0,0,0,0,0,O
854252,2736,2163,2748,2747,2584,0,0,0,0,0,0,0,0,O
854262,2736,2159,2743,2749,2580,0,0,0,0,0,0,0,0,O
854297,2735,2168,2749,2758,2587,0,0,0,0,0,0,0,0,O
854307,2740,2161,2739,2745,2592,0,0,0,0,0,0,0,0,O
854342,2736,2151,2741,2739,2580,0,0,0,0,0,0,0,0,O
854352,2727,2149,2743,2750,2585,0,0,0,0,0,0,0,0,O
854387,2733,2158,2742,2754,2590,0,0,0,0,0,0,0,0,O
854397,2735,2162,2748,2757,2579,0,0,0,0,0,0,0,0,O
854432,2732,2160,2724,2742,2583,0,0,0,0,0,0,0,0,O
854442,2735,2145,2752,2745,2599,0,0,0,0,0,0,0,0,O
854477,2732,2161,2749,2747,2587,0,0,0,0,0,0,0,0,O
854487,2731,2159,2754,2734,2578,0,0,0,0,0,0,0,0,O
854522,2735,2166,2731,2743,2572,0,0,0,0,0,0,0,0,O
854532,2731,2153,2734,2753,2594,0,0,0,0,0,0,0,0,O
854567,2738,2150,2746,2754,2576,0,0,0,0,0,0,0,0,O
854577,2732,2156,2736,2749,2574,0,0,0,0,0,0,0,0,O
854612,2731,2155,2742,2736,2576,0,0,0,0,0,0,0,0,O
854622,2734,2159,2749,2751,2564,0,0,0,0,0,0,0,0,O
854657,2734,2143,2747,2751,2580,0,0,0,0,0,0,0,0,O
854667,2719,2159,2740,2748,2575,0,0,0,0,0,0,0,0,O
854702,2739,2168,2745,2741,2577,0,0,0,0,0,0,0,0,O
854712,2730,2152,2744,2761,2583,0,0,0,0,0,0,0,0,O
854747,2728,2147,2745,2750,2594,0,0,0,0,0,0,0,0,O
854757,2734,2161,2746,2748,2563,0,0,0,0,0,0,0,0,O
854792,2729,2163,2744,2743,2561,0,0,0,0,0,0,0,0,O
854802,2734,2151,2743,2756,2578,0,0,0,0,0,0,0,0,O
854837,2742,2154,2754,2751,2586,0,0,0,0,0,0,0,0,O
854847,2744,2168,2746,2750,2579,0,0,0,0,0,0,0,0,O
854882,2725,2162,2732,2745,2564,0,0,0,0,0,0,0,0,O
854892,2731,2155,2754,2742,2573,0,0,0,0,0,0,0,0,O
854927,2727,2158,2752,2752,2575,0,0,0,0,0,0,0,0,O
854973,2736,2162,2748,2752,2574,0,0,0,0,0,0,0,0,O
854983,2722,2153,2749,2748,2571,0,0,0,0,0,0,0,0,O
855017,2725,2160,2740,2750,2584,0,0,0,0,0,0,0,0,O
855027,2723,2151,2751,2750,2587,0,0,0,0,0,0,0,0,O
855062,2731,2141,2735,2741,2575,0,0,0,0,0,0,0,0,O
855072,2736,2160,2742,2743,2571,0,0,0,0,0,0,0,0,O
855107,2715,2160,2735,2747,2583,0,0,0,0,0,0,0,0,O
855117,2727,2152,2740,2764,2578,0,0,0,0,0,0,0,0,O
855152,2736,2172,2746,2741,2584,0,0,0,0,0,0,0,0,O
855162,2727,2166,2740,2759,2578,0,0,0,0,0,0,0,0,O
855197,2726,2171,2741,2750,2583,0,0,0,0,0,0,0,0,O
855207,2734,2159,2744,2748,2578,0,0,0,0,0,0,0,0,O
855242,2731,2162,2750,2747,2612,0,0,0,0,0,0,0,0,O
855287,2733,2169,2752,2747,2583,0,0,0,0,0,0,0,0,O
855332,2720,2155,2736,2749,2575,0,0,0,0,0,0,0,0,O
855342,2736,2142,2739,2757,2576,0,0,0,0,0,0,0,0,O
855377,2714,2149,2742,2750,2594,0,0,0,0,0,0,0,0,O
855387,2726,2172,2729,2776,2567,0,0,0,0,0,0,0,0,O
855422,2732,2158,2732,2753,2569,0,0,0,0,0,0,0,0,O
855432,2736,2167,2752,2735,2577,0,0,0,0,0,0,0,0,O
855467,2737,2168,2740,2747,2576,0,0,0,0,0,0,0,0,O
855477,2737,2172,2743,2746,2586,0,0,0,0,0,0,0,0,O
855512,2736,2166,2743,2738,2573,0,0,0,0,0,0,0,0,O
855522,2734,2164,2746,2753,2585,0,0,0,0,0,0,0,0,O
855557,2731,2157,2746,2745,2578,0,0,0,0,0,0,0,0,O
855567,2744,2167,2748,2757,2584,0,0,0,0,0,0,0,0,O
855602,2734,2151,2736,2752,2574,0,0,0,0,0,0,0,0,O
855612,2732,2162,2739,2745,2584,0,0,0,0,0,0,0,0,O
855647,2745,2164,2752,2757,2573,0,0,0,0,0,0,0,0,O
855657,2740,2160,2746,2746,2568,0,0,0,0,0,0,0,0,O
855692,2732,2158,2747,2752,2572,0,0,0,0,0,0,0,0,O
855702,2746,2159,2742,2747,2578,0,0,0,0,0,0,0,0,O
855782,2725,2159,2745,2752,2577,0,0,0,0,0,0,0,0,O
855792,2740,2170,2745,2736,2586,0,0,0,0,0,0,0,0,O
855827,2735,2167,2746,2755,2593,0,0,0,0,0,0,0,0,O
855837,2733,2155,2748,2753,2573,0,0,0,0,0,0,0,0,O
855872,2728,2139,2737,2756,2575,0,0,0,0,0,0,0,0,O
855918,2740,2164,2750,2743,2606,0,0,0,0,0,0,0,0,O
855929,2740,2156,2742,2754,2568,0,0,0,0,0,0,0,0,O
855962,2732,2151,2736,2750,2557,0,0,0,0,0,0,0,0,O
856007,2732,2167,2735,2735,2568,0,0,0,0,0,0,0,0,O
856053,2738,2154,2753,2759,2569,0,0,0,0,0,0,0,0,O
856064,2736,2163,2752,2752,2583,0,0,0,0,0,0,0,0,O
856097,2741,2161,2743,2748,2594,0,0,0,0,0,0,0,0,O
856107,2735,2166,2740,2748,2588,0,0,0,0,0,0,0,0,O
856142,2739,2170,2744,2751,2565,0,0,0,0,0,0,0,0,O
856152,2738,2166,2737,2752,2576,0,0,0,0,0,0,0,0,O
856187,2735,2139,2738,2743,2591,0,0,0,0,0,0,0,0,O
856197,2735,2169,2744,2751,2590,0,0,0,0,0,0,0,0,O
856232,2731,2159,2741,2752,2584,0,0,0,0,0,0,0,0,O
856242,2736,2165,2743,2742,2591,0,0,0,0,0,0,0,0,O
856277,2734,2157,2745,2742,2579,0,0,0,0,0,0,0,0,O
856287,2739,2149,2744,2747,2580,0,0,0,0,0,0,0,0,O
856322,2740,2161,2743,2747,2575,0,0,0,0,0,0,0,0,O
856332,2727,2152,2741,2750,2579,0,0,0,0,0,0,0,0,O
856367,2728,2159,2739,2746,2574,0,0,0,0,0,0,0,0,O
856377,2737,2160,2748,2749,2576,0,0,0,0,0,0,0,0,O
856412,2730,2158,2741,2737,2586,0,0,0,0,0,0,0,0,O
856422,2728,2172,2738,2754,2562,0,0,0,0,0,0,0,0,O
856457,2728,2160,2749,2749,2575,0,0,0,0,0,0,0,0,O
856467,2724,2169,2752,2753,2573,0,0,0,0,0,0,0,0,O
856502,2732,2169,2733,2761,2586,0,0,0,0,0,0,0,0,O
856512,2740,2164,2742,2754,2583,0,0,0,0,0,0,0,0,O
856547,2739,2168,2745,2750,2585,0,0,0,0,0,0,0,0,O
856557,2739,2160,2744,2740,2582,0,0,0,0,0,0,0,0,O
856593,2734,2178,2729,2740,2575,0,0,0,0,0,0,0,0,O
856603,2727,2160,2760,2749,2580,0,0,0,0,0,0,0,0,O
856637,2750,2176,2745,2751,2584,0,0,0,0,0,0,0,0,O
856647,2735,2167,2744,2744,2586,0,0,0,0,0,0,0,0,O
856682,2744,2135,2750,2743,2574,0,0,0,0,0,0,0,0,O
856692,2742,2175,2747,2743,2562,0,0,0,0,0,0,0,0,O
856727,2744,2166,2746,2761,2563,0,0,0,0,0,0,0,0,O
856737,2735,2153,2735,2753,2581,0,0,0,0,0,0,0,0,O
856772,2738,2154,2746,2755,2582,0,0,0,0,0,0,0,0,O
856782,2731,2175,2731,2755,2585,0,0,0,0,0,0,0,0,O
856817,2727,2160,2733,2747,2572,0,0,0,0,0,0,0,0,O
856827,2727,2163,2754,2733,2589,0,0,0,0,0,0,0,0,O
856862,2735,2172,2735,2733,2596,0,0,0,0,0,0,0,0,O
856872,2734,2154,2742,2746,2589,0,0,0,0,0,0,0,0,O
856907,2736,2176,2741,2742,2577,0,0,0,0,0,0,0,0,O
856917,2741,2143,2739,2754,2581,0,0,0,0,0,0,0,0,O
856952,2738,2166,2746,2757,2580,0,0,0,0,0,0,0,0,O
856962,2732,2164,2740,2750,2584,0,0,0,0,0,0,0,0,O
856997,2737,2159,2745,2754,2584,0,0,0,0,0,0,0,0,O
857042,2725,2180,2742,2747,2567,0,0,0,0,0,0,0,0,O
857052,2737,2167,2737,2752,2571,0,0,0,0,0,0,0,0,O
857087,2747,2163,2743,2755,2585,0,0,0,0,0,0,0,0,O
857097,2732,2173,2742,2765,2576,0,0,0,0,0,0,0,0,O
857132,2735,2174,2748,2750,2595,0,0,0,0,0,0,0,0,O
857142,2736,2174,2751,2752,2580,0,0,0,0,0,0,0,0,O
857177,2739,2174,2743,2749,2594,0,0,0,0,0,0,0,0,O
857187,2737,2175,2729,2755,2560,0,0,0,0,0,0,0,0,O
857222,2740,2171,2735,2760,2581,0,0,0,0,0,0,0,0,O
857233,2740,2181,2735,2747,2571,0,0,0,0,0,0,0,0,O
857267,2737,2161,2745,2740,2585,0,0,0,0,0,0,0,0,O
857277,2741,2171,2745,2747,2572,0,0,0,0,0,0,0,0,O
857312,2726,2169,2744,2748,2584,0,0,0,0,0,0,0,0,O
857322,2731,2162,2744,2748,2584,0,0,0,0,0,0,0,0,O
857357,2741,2155,2740,2747,2578,0,0,0,0,0,0,0,0,O
857367,2740,2169,2749,2758,2592,0,0,0,0,0,0,0,0,O
857402,2735,2166,2753,2745,2576,0,0,0,0,0,0,0,0,O
857412,2742,2169,2739,2742,2577,0,0,0,0,0,0,0,0,O
857447,2736,2159,2739,2748,2576,0,0,0,0,0,0,0,0,O
857457,2731,2167,2744,2729,2573,0,0,0,0,0,0,0,0,O
857492,2752,2169,2741,2761,2585,0,0,0,0,0,0,0,0,O
857502,2742,2159,2743,2747,2575,0,0,0,0,0,0,0,0,O
857537,2739,2170,2745,2756,2582,0,0,0,0,0,0,0,0,O
857547,2739,2164,2739,2750,2579,0,0,0,0,0,0,0,0,O
857582,2745,2177,2747,2751,2577,0,0,0,0,0,0,0,0,O
857592,2733,2168,2741,2747,2585,0,0,0,0,0,0,0,0,O
857627,2736,2159,2726,2739,2577,0,0,0,0,0,0,0,0,O
857637,2737,2158,2731,2739,2571,0,0,0,0,0,0,0,0,O
857672,2744,2182,2751,2756,2580,0,0,0,0,0,0,0,0,O
857682,2737,2171,2746,2756,2562,0,0,0,0,0,0,0,0,O
857717,2725,2167,2752,2754,2582,0,0,0,0,0,0,0,0,O
857727,2740,2160,2727,2749,2567,0,0,0,0,0,0,0,0,O
857762,2742,2158,2747,2739,2572,0,0,0,0,0,0,0,0,O
857772,2737,2151,2746,2735,2585,0,0,0,0,0,0,0,0,O
857807,2727,2147,2742,2752,2586,0,0,0,0,0,0,0,0,O
857817,2735,2156,2737,2759,2583,0,0,0,0,0,0,0,0,O
857852,2738,2162,2743,2751,2561,0,0,0,0,0,0,0,0,O
857862,2735,2174,2739,2748,2576,0,0,0,0,0,0,0,0,O
857897,2737,2165,2738,2741,2579,0,0,0,0,0,0,0,0,O
857907,2741,2153,2735,2752,2578,0,0,0,0,0,0,0,0,O
857942,2730,2175,2746,2743,2581,0,0,0,0,0,0,0,0,O
857952,2741,2166,2750,2750,2584,0,0,0,0,0,0,0,0,O
857987,2732,2167,2751,2741,2587,0,0,0,0,0,0,0,0,O
857997,2741,2169,2744,2749,2570,0,0,0,0,0,0,0,0,O
858032,2733,2171,2744,2743,2575,0,0,0,0,0,0,0,0,O
858042,2737,2152,2743,2747,2578,0,0,0,0,0,0,0,0,O
858077,2741,2141,2743,2752,2577,0,0,0,0,0,0,0,0,O
858087,2731,2164,2739,2747,2578,0,0,0,0,0,0,0,0,O
858122,2744,2148,2743,2750,2588,0,0,0,0,0,0,0,0,O
858132,2740,2160,2743,2757,2565,0,0,0,0,0,0,0,0,O
858167,2735,2170,2748,2760,2563,0,0,0,0,0,0,0,0,O
858177,2739,2173,2747,2749,2590,0,0,0,0,0,0,0,0,O
858212,2744,2166,2743,2743,2588,0,0,0,0,0,0,0,0,O
858222,2732,2155,2735,2742,2592,0,0,0,0,0,0,0,0,O
858257,2740,2150,2741,2744,2582,0,0,0,0,0,0,0,0,O
858267,2735,2176,2749,2742,2577,0,0,0,0,0,0,0,0,O
858302,2739,2175,2758,2743,2581,0,0,0,0,0,0,0,0,O
858312,2732,2173,2742,2754,2589,0,0,0,0,0,0,0,0,O
858347,2742,2175,2738,2752,2580,0,0,0,0,0,0,0,0,O
858357,2733,2166,2755,2748,2584,0,0,0,0,0,0,0,0,O
858392,2734,2180,2742,2749,2575,0,0,0,0,0,0,0,0,O
858402,2736,2159,2736,2738,2577,0,0,0,0,0,0,0,0,O
858437,2735,2176,2735,2744,2572,0,0,0,0,0,0,0,0,O
858447,2745,2172,2746,2754,2585,0,0,0,0,0,0,0,0,O
858482,2736,2154,2748,2752,2596,0,0,0,0,0,0,0,0,O
858492,2742,2167,2746,2756,2565,0,0,0,0,0,0,0,0,O
858527,2747,2171,2741,2748,2577,0,0,0,0,0,0,0,0,O
858537,2744,2175,2747,2756,2567,0,0,0,0,0,0,0,0,O
858572,2736,2180,2742,2753,2574,0,0,0,0,0,0,0,0,O
858582,2741,2168,2750,2752,2571,0,0,0,0,0,0,0,0,O
858617,2736,2157,2737,2744,2588,0,0,0,0,0,0,0,0,O
858627,2733,2152,2747,2744,2580,0,0,0,0,0,0,0,0,O
858662,2737,2155,2738,2734,2572,0,0,0,0,0,0,0,0,O
858672,2740,2167,2741,2748,2573,0,0,0,0,0,0,0,0,O
858707,2733,2159,2743,2749,2589,0,0,0,0,0,0,0,0,O
858753,2731,2170,2744,2752,2579,0,0,0,0,0,0,0,0,O
858763,2738,2164,2740,2744,2581,0,0,0,0,0,0,0,0,O
858797,2742,2155,2736,2747,2572,0,0,0,0,0,0,0,0,O
858807,2737,2159,2748,2748,2572,0,0,0,0,0,0,0,0,O
858842,2732,2150,2743,2760,2571,0,0,0,0,0,0,0,0,O
858852,2745,2169,2741,2747,2580,0,0,0,0,0,0,0,0,O
858887,2731,2139,2743,2748,2574,0,0,0,0,0,0,0,0,O
858897,2745,2165,2737,2757,2583,0,0,0,0,0,0,0,0,O
858932,2748,2176,2741,2749,2583,0,0,0,0,0,0,0,0,O
858942,2747,2158,2733,2740,2583,0,0,0,0,0,0,0,0,O
858977,2741,2172,2748,2757,2579,0,0,0,0,0,0,0,0,O
858987,2739,2176,2744,2745,2588,0,0,0,0,0,0,0,0,O
859022,2743,2172,2752,2757,2571,0,0,0,0,0,0,0,0,O
859032,2745,2171,2736,2752,2577,0,0,0,0,0,0,0,0,O
859067,2740,2149,2734,2756,2554,0,0,0,0,0,0,0,0,O
859077,2728,2157,2732,2748,2573,0,0,0,0,0,0,0,0,O
859112,2742,2168,2744,2743,2566,0,0,0,0,0,0,0,0,O
859122,2740,2176,2735,2751,2569,0,0,0,0,0,0,0,0,O
859157,2741,2172,2737,2748,2570,0,0,0,0,0,0,0,0,O
859167,2737,2190,2751,2754,2582,0,0,0,0,0,0,0,0,O
859202,2743,2170,2750,2755,2592,0,0,0,0,0,0,0,0,O
859212,2740,2172,2742,2748,2577,0,0,0,0,0,0,0,0,O
859247,2745,2166,2736,2733,2577,0,0,0,0,0,0,0,0,O
859257,2736,2173,2740,2755,2575,0,0,0,0,0,0,0,0,O
859292,2736,2170,2742,2752,2567,0,0,0,0,0,0,0,0,O
859302,2744,2166,2745,2752,2576,0,0,0,0,0,0,0,0,O
859337,2744,2176,2749,2751,2594,0,0,0,0,0,0,0,0,O
859347,2738,2167,2751,2746,2582,0,0,0,0,0,0,0,0,O
859382,2748,2143,2738,2753,2590,0,0,0,0,0,0,0,0,O
859392,2748,2172,2740,2748,2585,0,0,0,0,0,0,0,0,O
859427,2727,2152,2742,2738,2575,0,0,0,0,0,0,0,0,O
859437,2743,2169,2727,2746,2600,0,0,0,0,0,0,0,0,O
859472,2745,2171,2747,2753,2579,0,0,0,0,0,0,0,0,O
859482,2740,2178,2745,2751,2587,0,0,0,0,0,0,0,0,O
859517,2745,2155,2745,2743,2574,0,0,0,0,0,0,0,0,O
859527,2743,2161,2752,2747,2567,0,0,0,0,0,0,0,0,O
859562,2740,2167,2746,2743,2583,0,0,0,0,0,0,0,0,O
859572,2737,2172,2744,2754,2575,0,0,0,0,0,0,0,0,O
859607,2727,2159,2739,2749,2578,0,0,0,0,0,0,0,0,O
859617,2738,2152,2734,2743,2557,0,0,0,0,0,0,0,0,O
859652,2744,2153,2748,2747,2586,0,0,0,0,0,0,0,0,O
859662,2729,2162,2731,2746,2580,0,0,0,0,0,0,0,0,O
859697,2736,2155,2729,2739,2582,0,0,0,0,0,0,0,0,O
859707,2741,2170,2727,2750,2579,0,0,0,0,0,0,0,0,O
859742,2736,2172,2747,2750,2583,0,0,0,0,0,0,0,0,O
859752,2727,2179,2746,2752,2593,0,0,0,0,0,0,0,0,O
859787,2745,2154,2751,2751,2583,0,0,0,0,0,0,0,0,O
859797,2742,2161,2742,2748,2580,0,0,0,0,0,0,0,0,O
859832,2736,2179,2740,2762,2572,0,0,0,0,0,0,0,0,O
859842,2731,2166,2735,2747,2578,0,0,0,0,0,0,0,0,O
859877,2744,2169,2746,2751,2571,0,0,0,0,0,0,0,0,O
859967,2735,2175,2742,2740,2570,0,0,0,0,0,0,0,0,O
859977,2740,2185,2746,2743,2589,0,0,0,0,0,0,0,0,O
860012,2752,2163,2737,2747,2574,0,0,0,0,0,0,0,0,O
860022,2754,2181,2738,2754,2577,0,0,0,0,0,0,0,0,O
860057,2735,2151,2745,2743,2595,0,0,0,0,0,0,0,0,O
860067,2740,2157,2736,2751,2575,0,0,0,0,0,0,0,0,O
860147,2725,2150,2735,2739,2573,0,0,0,0,0,0,0,0,O
860157,2746,2155,2732,2741,2583,0,0,0,0,0,0,0,0,O
860192,2726,2165,2744,2747,2571,0,0,0,0,0,0,0,0,O
860202,2731,2171,2745,2755,2585,0,0,0,0,0,0,0,0,O
860237,2737,2171,2734,2758,2571,0,0,0,0,0,0,0,0,O
860247,2739,2170,2743,2743,2582,0,0,0,0,0,0,0,0,O
860282,2746,2152,2764,2753,2553,0,0,0,0,0,0,0,0,O
860292,2756,2172,2751,2766,2575,0,0,0,0,0,0,0,0,O
860327,2739,2174,2735,2750,2578,0,0,0,0,0,0,0,0,O
860337,2742,2167,2752,2760,2591,0,0,0,0,0,0,0,0,O
1338851,2575,1842,2508,2574,2369,0,0,0,0,0,0,0,0,S
1338861,2564,1844,2502,2564,2353,0,0,0,0,0,0,0,0,S
1338896,2569,1840,2505,2573,2347,0,0,0,0,0,0,0,0,S
1338906,2574,1849,2500,2569,2351,0,0,0,0,0,0,0,0,S
1338941,2570,1861,2511,2571,2368,0,0,0,0,0,0,0,0,S
1338951,2564,1879,2515,2559,2350,0,0,0,0,0,0,0,0,S
1338986,2567,1847,2497,2567,2352,0,0,0,0,0,0,0,0,S
1338996,2571,1843,2515,2585,2362,0,0,0,0,0,0,0,0,S
1339031,2560,1866,2513,2573,2348,0,0,0,0,0,0,0,0,S
1339041,2571,1838,2505,2574,2363,0,0,0,0,0,0,0,0,S
1339076,2557,1844,2513,2570,2351,0,0,0,0,0,0,0,0,S
1339086,2566,1856,2502,2564,2347,0,0,0,0,0,0,0,0,S
1339121,2580,1855,2512,2572,2356,0,0,0,0,0,0,0,0,S
1339131,2569,1861,2501,2576,2354,0,0,0,0,0,0,0,0,S
1339166,2568,1865,2512,2573,2351,0,0,0,0,0,0,0,0,S
1339176,2556,1843,2508,2566,2356,0,0,0,0,0,0,0,0,S
1339211,2570,1855,2507,2569,2359,0,0,0,0,0,0,0,0,S
1339221,2564,1844,2514,2580,2356,0,0,0,0,0,0,0,0,S
1339256,2563,1815,2511,2551,2352,0,0,0,0,0,0,0,0,S
1339266,2568,1860,2514,2566,2351,0,0,0,0,0,0,0,0,S
1339301,2566,1853,2511,2563,2363,0,0,0,0,0,0,0,0,S
1339311,2570,1856,2509,2576,2354,0,0,0,0,0,0,0,0,S
1339346,2569,1864,2485,2572,2349,0,0,0,0,0,0,0,0,S
1339356,2576,1842,2523,2571,2364,0,0,0,0,0,0,0,0,S
1339391,2584,1859,2485,2569,2359,0,0,0,0,0,0,0,0,S
1339401,2567,1848,2508,2572,2375,0,0,0,0,0,0,0,0,S
1339436,2568,1837,2501,2563,2348,0,0,0,0,0,0,0,0,S
1339446,2574,1863,2499,2569,2358,0,0,0,0,0,0,0,0,S
1339481,2569,1847,2504,2567,2359,0,0,0,0,0,0,0,0,S
1339491,2574,1856,2518,2576,2361,0,0,0,0,0,0,0,0,S
1339526,2568,1833,2507,2574,2357,0,0,0,0,0,0,0,0,S
1339536,2568,1864,2500,2569,2355,0,0,0,0,0,0,0,0,S
1339571,2567,1856,2505,2567,2359,0,0,0,0,0,0,0,0,S
1339581,2571,1839,2504,2584,2354,0,0,0,0,0,0,0,0,S
1339616,2569,1857,2508,2567,2339,0,0,0,0,0,0,0,0,S
1339626,2571,1863,2501,2560,2346,0,0,0,0,0,0,0,0,S
1339661,2577,1866,2517,2578,2358,0,0,0,0,0,0,0,0,S
1339671,2575,1847,2497,2568,2362,0,0,0,0,0,0,0,0,S
1339706,2559,1851,2496,2569,2356,0,0,0,0,0,0,0,0,S
1339716,2563,1855,2503,2567,2356,0,0,0,0,0,0,0,0,S
1339751,2572,1845,2496,2571,2360,0,0,0,0,0,0,0,0,S
1339761,2565,1854,2504,2578,2362,0,0,0,0,0,0,0,0,S
1339796,2576,1847,2507,2583,2354,0,0,0,0,0,0,0,0,S
1339806,2564,1857,2504,2572,2355,0,0,0,0,0,0,0,0,S
1339841,2571,1830,2495,2576,2366,0,0,0,0,0,0,0,0,S
1339851,2570,1861,2497,2572,2353,0,0,0,0,0,0,0,0,S
1339886,2574,1841,2497,2580,2340,0,0,0,0,0,0,0,0,S
1339896,2556,1861,2511,2589,2364,0,0,0,0,0,0,0,0,S
1339931,2565,1820,2514,2567,2361,0,0,0,0,0,0,0,0,S
1339976,2566,1861,2504,2567,2357,0,0,0,0,0,0,0,0,S
1339987,2571,1860,2493,2566,2349,0,0,0,0,0,0,0,0,S
1340021,2576,1854,2486,2572,2369,0,0,0,0,0,0,0,0,S
1340031,2563,1856,2496,2585,2362,0,0,0,0,0,0,0,0,S
1340066,2577,1865,2495,2570,2357,0,0,0,0,0,0,0,0,S
1340076,2578,1861,2511,2565,2354,0,0,0,0,0,0,0,0,S
1340111,2569,1853,2496,2567,2359,0,0,0,0,0,0,0,0,S
1340121,2570,1831,2505,2575,2363,0,0,0,0,0,0,0,0,S
1340156,2553,1839,2492,2571,2339,0,0,0,0,0,0,0,0,S
1340166,2554,1858,2497,2562,2351,0,0,0,0,0,0,0,0,S
1340201,2554,1844,2488,2568,2349,0,0,0,0,0,0,0,0,S
1340211,2540,1846,2489,2556,2348,0,0,0,0,0,0,0,0,S
1340246,2540,1834,2499,2566,2350,0,0,0,0,0,0,0,0,S
1340256,2533,1842,2482,2553,2339,0,0,0,0,0,0,0,0,S
1340291,2531,1865,2480,2558,2357,0,0,0,0,0,0,0,0,S
1340301,2544,1846,2505,2549,2348,0,0,0,0,0,0,0,0,S
1340336,2547,1857,2485,2566,2340,0,0,0,0,0,0,0,0,S
1340346,2547,1850,2486,2560,2347,0,0,0,0,0,0,0,0,S
1340381,2537,1844,2478,2568,2352,0,0,0,0,0,0,0,0,S
1340391,2548,1855,2487,2563,2354,0,0,0,0,0,0,0,0,S
1340426,2534,1848,2483,2561,2352,0,0,0,0,0,0,0,0,S
1340436,2537,1837,2489,2558,2351,0,0,0,0,0,0,0,0,S
1340471,2537,1846,2492,2547,2342,0,0,0,0,0,0,0,0,S
1340481,2545,1841,2496,2559,2335,0,0,0,0,0,0,0,0,S
1340516,2541,1851,2493,2564,2358,0,0,0,0,0,0,0,0,S
1340526,2534,1850,2496,2557,2339,0,0,0,0,0,0,0,0,S
1340561,2545,1873,2488,2560,2341,0,0,0,0,0,0,0,0,S
1340571,2544,1838,2487,2565,2347,0,0,0,0,0,0,0,0,S
1340606,2548,1860,2488,2558,2349,0,0,0,0,0,0,0,0,S
1340616,2548,1861,2496,2566,2332,0,0,0,0,0,0,0,0,S
1340651,2544,1862,2483,2565,2341,0,0,0,0,0,0,0,0,S
1340661,2547,1858,2476,2568,2347,0,0,0,0,0,0,0,0,S
1340696,2543,1866,2496,2562,2351,0,0,0,0,0,0,0,0,S
1340706,2556,1855,2492,2563,2349,0,0,0,0,0,0,0,0,S
1340740,2552,1854,2491,2560,2349,0,0,0,0,0,0,0,0,S
1340751,2543,1864,2495,2556,2358,0,0,0,0,0,0,0,0,S
1340786,2555,1844,2487,2560,2356,0,0,0,0,0,0,0,0,S
1340796,2539,1877,2510,2567,2351,0,0,0,0,0,0,0,0,S
1340830,2550,1871,2500,2563,2351,0,0,0,0,0,0,0,0,S
1340841,2542,1859,2501,2564,2346,0,0,0,0,0,0,0,0,S
1340876,2543,1861,2496,2569,2351,0,0,0,0,0,0,0,0,S
1340886,2544,1884,2493,2556,2344,0,0,0,0,0,0,0,0,S
1340921,2548,1837,2500,2563,2347,0,0,0,0,0,0,0,0,S
1340931,2545,1853,2492,2559,2344,0,0,0,0,0,0,0,0,S
1340966,2539,1884,2510,2551,2335,0,0,0,0,0,0,0,0,S
1340976,2551,1863,2493,2558,2364,0,0,0,0,0,0,0,0,S
1341011,2535,1864,2504,2561,2350,0,0,0,0,0,0,0,0,S
1341021,2548,1866,2474,2568,2331,0,0,0,0,0,0,0,0,S
1341055,2541,1864,2485,2555,2344,0,0,0,0,0,0,0,0,S
1341066,2543,1865,2499,2567,2361,0,0,0,0,0,0,0,0,S
1341101,2547,1862,2496,2555,2346,0,0,0,0,0,0,0,0,S
1341111,2557,1875,2500,2554,2359,0,0,0,0,0,0,0,0,S
1341145,2540,1889,2495,2555,2360,0,0,0,0,0,0,0,0,S
1341156,2554,1847,2498,2571,2351,0,0,0,0,0,0,0,0,S
1341191,2547,1881,2482,2559,2364,0,0,0,0,0,0,0,0,S
1341201,2561,1874,2504,2563,2357,0,0,0,0,0,0,0,0,S
1341236,2559,1872,2467,2551,2362,0,0,0,0,0,0,0,0,S
1341246,2553,1847,2508,2568,2352,0,0,0,0,0,0,0,0,S
1341281,2549,1876,2498,2561,2350,0,0,0,0,0,0,0,0,S
1341291,2558,1876,2507,2567,2347,0,0,0,0,0,0,0,0,S
1341325,2553,1885,2501,2568,2358,0,0,0,0,0,0,0,0,S
1341336,2550,1857,2512,2581,2351,0,0,0,0,0,0,0,0,S
1341371,2560,1860,2491,2549,2352,0,0,0,0,0,0,0,0,S
1341381,2542,1856,2492,2567,2343,0,0,0,0,0,0,0,0,S
1341415,2555,1848,2495,2576,2351,0,0,0,0,0,0,0,0,S
1341426,2563,1842,2495,2545,2335,0,0,0,0,0,0,0,0,S
1341461,2564,1851,2491,2565,2351,0,0,0,0,0,0,0,0,S
1341471,2544,1861,2489,2561,2350,0,0,0,0,0,0,0,0,S
1341506,2558,1856,2501,2563,2357,0,0,0,0,0,0,0,0,S
1341516,2554,1873,2506,2557,2358,0,0,0,0,0,0,0,0,S
1341550,2561,1864,2499,2562,2341,0,0,0,0,0,0,0,0,S
1341561,2547,1861,2496,2566,2354,0,0,0,0,0,0,0,0,S
1341596,2553,1862,2497,2565,2368,0,0,0,0,0,0,0,0,S
1341606,2560,1866,2496,2564,2341,0,0,0,0,0,0,0,0,S
1341640,2554,1892,2497,2572,2354,0,0,0,0,0,0,0,0,S
1341651,2546,1859,2504,2555,2339,0,0,0,0,0,0,0,0,S
1341686,2545,1870,2499,2558,2335,0,0,0,0,0,0,0,0,S
1341696,2555,1870,2506,2568,2362,0,0,0,0,0,0,0,0,S
1341731,2565,1868,2503,2560,2349,0,0,0,0,0,0,0,0,S
1341741,2554,1872,2505,2563,2346,0,0,0,0,0,0,0,0,S
1341776,2560,1884,2492,2558,2350,0,0,0,0,0,0,0,0,S
1341786,2538,1871,2504,2550,2351,0,0,0,0,0,0,0,0,S
1341821,2537,1860,2509,2572,2347,0,0,0,0,0,0,0,0,S
1341831,2556,1848,2508,2548,2345,0,0,0,0,0,0,0,0,S
1341865,2548,1863,2499,2564,2348,0,0,0,0,0,0,0,0,S
1341876,2557,1845,2504,2568,2362,0,0,0,0,0,0,0,0,S
1341911,2563,1849,2499,2568,2351,0,0,0,0,0,0,0,0,S
1341921,2555,1873,2505,2559,2343,0,0,0,0,0,0,0,0,S
1341955,2559,1878,2500,2564,2356,0,0,0,0,0,0,0,0,S
1341966,2564,1885,2485,2570,2359,0,0,0,0,0,0,0,0,S
1342000,2559,1853,2511,2567,2343,0,0,0,0,0,0,0,0,S
1342011,2564,1874,2479,2563,2350,0,0,0,0,0,0,0,0,S
1342045,2555,1866,2503,2561,2354,0,0,0,0,0,0,0,0,S
1342056,2545,1865,2493,2572,2343,0,0,0,0,0,0,0,0,S
1342091,2563,1861,2501,2558,2346,0,0,0,0,0,0,0,0,S
1342101,2555,1829,2495,2572,2360,0,0,0,0,0,0,0,0,S
1342135,2565,1872,2499,2559,2356,0,0,0,0,0,0,0,0,S
1342146,2545,1850,2502,2560,2356,0,0,0,0,0,0,0,0,S
1342180,2557,1867,2479,2559,2357,0,0,0,0,0,0,0,0,S
1342191,2559,1878,2490,2567,2361,0,0,0,0,0,0,0,0,S
1342225,2559,1846,2505,2543,2350,0,0,0,0,0,0,0,0,S
1342236,2562,1857,2501,2568,2347,0,0,0,0,0,0,0,0,S
1342270,2551,1865,2487,2555,2365,0,0,0,0,0,0,0,0,S
1342281,2529,1871,2508,2554,2362,0,0,0,0,0,0,0,0,S
1342315,2551,1878,2513,2578,2340,0,0,0,0,0,0,0,0,S
1342361,2552,1860,2498,2557,2354,0,0,0,0,0,0,0,0,S
1342371,2555,1827,2492,2561,2359,0,0,0,0,0,0,0,0,S
1342406,2545,1864,2486,2564,2353,0,0,0,0,0,0,0,0,S
1342417,2557,1862,2502,2559,2355,0,0,0,0,0,0,0,0,S
1342450,2551,1871,2505,2568,2353,0,0,0,0,0,0,0,0,S
1342461,2560,1861,2487,2557,2350,0,0,0,0,0,0,0,0,S
1342496,2551,1880,2506,2560,2344,0,0,0,0,0,0,0,0,S
1342506,2548,1864,2500,2556,2348,0,0,0,0,0,0,0,0,S
1342540,2554,1880,2516,2560,2345,0,0,0,0,0,0,0,0,S
1342551,2559,1873,2505,2563,2363,0,0,0,0,0,0,0,0,S
1342585,2555,1890,2479,2568,2342,0,0,0,0,0,0,0,0,S
1342596,2551,1895,2500,2572,2352,0,0,0,0,0,0,0,0,S
1342630,2553,1871,2479,2574,2348,0,0,0,0,0,0,0,0,S
1342641,2554,1867,2504,2581,2320,0,0,0,0,0,0,0,0,S
1342675,2566,1865,2485,2571,2361,0,0,0,0,0,0,0,0,S
1342686,2554,1876,2505,2559,2362,0,0,0,0,0,0,0,0,S
1342720,2540,1855,2502,2562,2337,0,0,0,0,0,0,0,0,S
1342731,2560,1885,2493,2563,2352,0,0,0,0,0,0,0,0,S
1342766,2560,1842,2502,2569,2342,0,0,0,0,0,0,0,0,S
1342776,2555,1850,2498,2568,2356,0,0,0,0,0,0,0,0,S
1342810,2561,1850,2494,2570,2351,0,0,0,0,0,0,0,0,S
1342821,2550,1868,2490,2564,2335,0,0,0,0,0,0,0,0,S
1342855,2560,1858,2490,2564,2350,0,0,0,0,0,0,0,0,S
1342866,2544,1862,2499,2567,2360,0,0,0,0,0,0,0,0,S
1342900,2560,1869,2494,2559,2345,0,0,0,0,0,0,0,0,S
1342911,2554,1867,2507,2572,2347,0,0,0,0,0,0,0,0,S
1342945,2560,1858,2487,2551,2344,0,0,0,0,0,0,0,0,S
1342956,2551,1853,2514,2562,2359,0,0,0,0,0,0,0,0,S
1342990,2540,1858,2503,2563,2343,0,0,0,0,0,0,0,0,S
1343001,2554,1865,2495,2581,2360,0,0,0,0,0,0,0,0,S
1343035,2558,1845,2499,2573,2361,0,0,0,0,0,0,0,0,S
1343046,2553,1861,2509,2557,2362,0,0,0,0,0,0,0,0,S
1343080,2560,1839,2486,2554,2354,0,0,0,0,0,0,0,0,S
1343091,2548,1876,2502,2560,2351,0,0,0,0,0,0,0,0,S
1343126,2568,1875,2508,2572,2355,0,0,0,0,0,0,0,0,S
1343136,2566,1852,2520,2576,2351,0,0,0,0,0,0,0,0,S
1343170,2564,1899,2499,2576,2376,0,0,0,0,0,0,0,0,S
1343181,2566,1853,2502,2563,2348,0,0,0,0,0,0,0,0,S
1343215,2553,1859,2506,2557,2356,0,0,0,0,0,0,0,0,S
1343226,2559,1875,2503,2549,2355,0,0,0,0,0,0,0,0,S
1343260,2547,1866,2486,2546,2356,0,0,0,0,0,0,0,0,S
1343271,2576,1863,2514,2560,2357,0,0,0,0,0,0,0,0,S
1343305,2561,1856,2490,2551,2352,0,0,0,0,0,0,0,0,S
1343316,2564,1883,2494,2566,2339,0,0,0,0,0,0,0,0,S
1343350,2552,1876,2491,2566,2346,0,0,0,0,0,0,0,0,S
1343361,2560,1856,2505,2558,2351,0,0,0,0,0,0,0,0,S
1343395,2564,1874,2504,2576,2359,0,0,0,0,0,0,0,0,S
1343406,2555,1871,2493,2567,2363,0,0,0,0,0,0,0,0,S
1343441,2553,1862,2496,2564,2329,0,0,0,0,0,0,0,0,S
1343451,2563,1881,2503,2559,2354,0,0,0,0,0,0,0,0,S
1343485,2561,1863,2485,2565,2333,0,0,0,0,0,0,0,0,S
1343496,2560,1867,2498,2560,2347,0,0,0,0,0,0,0,0,S
1343530,2568,1865,2503,2556,2341,0,0,0,0,0,0,0,0,S
1343576,2562,1863,2508,2576,2359,0,0,0,0,0,0,0,0,S
1343586,2562,1869,2506,2564,2380,0,0,0,0,0,0,0,0,S
1343620,2561,1871,2504,2543,2341,0,0,0,0,0,0,0,0,S
1343631,2541,1865,2467,2559,2337,0,0,0,0,0,0,0,0,S
1343665,2562,1871,2508,2563,2365,0,0,0,0,0,0,0,0,S
1343676,2564,1869,2498,2566,2335,0,0,0,0,0,0,0,0,S
1343710,2557,1865,2487,2549,2360,0,0,0,0,0,0,0,0,S
1343756,2564,1859,2508,2573,2367,0,0,0,0,0,0,0,0,S
1343766,2565,1892,2504,2569,2341,0,0,0,0,0,0,0,0,S
1343800,2549,1858,2488,2553,2353,0,0,0,0,0,0,0,0,S
1343811,2557,1880,2499,2568,2335,0,0,0,0,0,0,0,0,S
1343845,2562,1887,2508,2563,2357,0,0,0,0,0,0,0,0,S
1343856,2559,1855,2493,2555,2358,0,0,0,0,0,0,0,0,S
1343890,2567,1857,2508,2559,2369,0,0,0,0,0,0,0,0,S
1343901,2567,1870,2514,2566,2342,0,0,0,0,0,0,0,0,S
1343935,2560,1863,2504,2560,2347,0,0,0,0,0,0,0,0,S
1343946,2560,1880,2480,2570,2351,0,0,0,0,0,0,0,0,S
1343980,2551,1862,2496,2566,2341,0,0,0,0,0,0,0,0,S
1343991,2560,1873,2501,2564,2346,0,0,0,0,0,0,0,0,S
1344025,2556,1865,2498,2578,2355,0,0,0,0,0,0,0,0,S
1344036,2564,1866,2512,2564,2354,0,0,0,0,0,0,0,0,S
1344070,2555,1874,2499,2571,2368,0,0,0,0,0,0,0,0,S
1344081,2562,1861,2508,2559,2370,0,0,0,0,0,0,0,0,S
1344115,2561,1882,2504,2555,2355,0,0,0,0,0,0,0,0,S
1344126,2553,1869,2509,2577,2358,0,0,0,0,0,0,0,0,S
1344160,2560,1881,2503,2551,2344,0,0,0,0,0,0,0,0,S
1344171,2551,1888,2493,2554,2360,0,0,0,0,0,0,0,0,S
1344205,2550,1844,2504,2562,2342,0,0,0,0,0,0,0,0,S
1344216,2559,1871,2502,2571,2345,0,0,0,0,0,0,0,0,S
1344250,2552,1858,2484,2563,2366,0,0,0,0,0,0,0,0,S
1344261,2563,1863,2514,2559,2360,0,0,0,0,0,0,0,0,S
1344295,2554,1869,2496,2570,2339,0,0,0,0,0,0,0,0,S
1344306,2563,1861,2491,2561,2338,0,0,0,0,0,0,0,0,S
1344340,2556,1865,2498,2567,2352,0,0,0,0,0,0,0,0,S
1344351,2564,1872,2493,2559,2353,0,0,0,0,0,0,0,0,S
1344385,2547,1847,2511,2560,2344,0,0,0,0,0,0,0,0,S
1344396,2547,1879,2500,2553,2363,0,0,0,0,0,0,0,0,S
1344430,2565,1886,2497,2558,2361,0,0,0,0,0,0,0,0,S
1344441,2555,1868,2504,2574,2352,0,0,0,0,0,0,0,0,S
1344475,2574,1874,2488,2575,2351,0,0,0,0,0,0,0,0,S
1344486,2561,1880,2508,2565,2354,0,0,0,0,0,0,0,0,S
1344520,2565,1860,2505,2560,2364,0,0,0,0,0,0,0,0,S
1344531,2552,1869,2504,2566,2346,0,0,0,0,0,0,0,0,S
1344565,2568,1894,2501,2561,2352,0,0,0,0,0,0,0,0,S
1344576,2576,1892,2516,2570,2347,0,0,0,0,0,0,0,0,S
1344610,2558,1869,2504,2562,2336,0,0,0,0,0,0,0,0,S
1344621,2568,1847,2506,2549,2362,0,0,0,0,0,0,0,0,S
1344655,2563,1855,2496,2564,2359,0,0,0,0,0,0,0,0,S
1344666,2576,1861,2495,2568,2354,0,0,0,0,0,0,0,0,S
1344700,2566,1871,2515,2578,2373,0,0,0,0,0,0,0,0,S
1344746,2546,1876,2489,2569,2351,0,0,0,0,0,0,0,0,S
1344757,2555,1867,2478,2567,2339,0,0,0,0,0,0,0,0,S
1344790,2560,1880,2495,2567,2356,0,0,0,0,0,0,0,0,S
1344801,2565,1876,2487,2567,2361,0,0,0,0,0,0,0,0,S
1344835,2557,1863,2486,2565,2348,0,0,0,0,0,0,0,0,S
1344846,2567,1896,2501,2569,2360,0,0,0,0,0,0,0,0,S
1344880,2555,1881,2498,2562,2358,0,0,0,0,0,0,0,0,S
1344926,2562,1905,2503,2568,2380,0,0,0,0,0,0,0,0,S
1344936,2564,1873,2487,2570,2355,0,0,0,0,0,0,0,0,S
1344970,2568,1868,2493,2574,2344,0,0,0,0,0,0,0,0,S
1344981,2555,1879,2492,2566,2368,0,0,0,0,0,0,0,0,S
1345015,2571,1874,2482,2565,2368,0,0,0,0,0,0,0,0,S
1345026,2557,1881,2500,2567,2350,0,0,0,0,0,0,0,0,S
1345060,2559,1859,2482,2571,2356,0,0,0,0,0,0,0,0,S
1345071,2551,1850,2494,2567,2360,0,0,0,0,0,0,0,0,S
1345105,2560,1872,2505,2562,2353,0,0,0,0,0,0,0,0,S
1345116,2551,1888,2508,2570,2356,0,0,0,0,0,0,0,0,S
1345150,2563,1886,2507,2563,2357,0,0,0,0,0,0,0,0,S
1345161,2568,1865,2502,2559,2360,0,0,0,0,0,0,0,0,S
1345195,2567,1851,2501,2571,2356,0,0,0,0,0,0,0,0,S
1345206,2564,1867,2508,2567,2347,0,0,0,0,0,0,0,0,S
1345240,2555,1872,2499,2563,2359,0,0,0,0,0,0,0,0,S
1345251,2568,1879,2503,2571,2353,0,0,0,0,0,0,0,0,S
1345285,2560,1874,2499,2577,2352,0,0,0,0,0,0,0,0,S
1345296,2563,1845,2506,2572,2350,0,0,0,0,0,0,0,0,S
1345330,2567,1871,2492,2582,2349,0,0,0,0,0,0,0,0,S
1345341,2563,1865,2496,2570,2368,0,0,0,0,0,0,0,0,S
1345375,2563,1873,2498,2560,2361,0,0,0,0,0,0,0,0,S
1345386,2560,1868,2501,2565,2357,0,0,0,0,0,0,0,0,S
1345420,2565,1874,2495,2571,2361,0,0,0,0,0,0,0,0,S
1345431,2560,1866,2505,2575,2355,0,0,0,0,0,0,0,0,S
1345465,2549,1855,2499,2562,2351,0,0,0,0,0,0,0,0,S
1345476,2563,1883,2500,2572,2367,0,0,0,0,0,0,0,0,S
1345510,2570,1872,2500,2567,2354,0,0,0,0,0,0,0,0,S
1345521,2568,1868,2508,2570,2355,0,0,0,0,0,0,0,0,S
1345555,2560,1869,2502,2567,2343,0,0,0,0,0,0,0,0,S
1345566,2561,1894,2498,2559,2362,0,0,0,0,0,0,0,0,S
1345600,2562,1860,2506,2559,2356,0,0,0,0,0,0,0,0,S
1345611,2559,1864,2499,2567,2352,0,0,0,0,0,0,0,0,S
1345645,2560,1868,2492,2562,2351,0,0,0,0,0,0,0,0,S
1345656,2564,1880,2504,2560,2348,0,0,0,0,0,0,0,0,S
1345690,2564,1872,2500,2567,2358,0,0,0,0,0,0,0,0,S
1345701,2554,1881,2497,2567,2336,0,0,0,0,0,0,0,0,S
1348705,2554,1856,2492,2558,2351,0,0,0,0,0,0,0,0,S
1348716,2574,1877,2503,2570,2350,0,0,0,0,0,0,0,0,S
1348750,2552,1889,2503,2568,2362,0,0,0,0,0,0,0,0,S
1348761,2562,1892,2516,2568,2370,0,0,0,0,0,0,0,0,S
1348795,2562,1894,2508,2569,2358,0,0,0,0,0,0,0,0,S
1348806,2560,1844,2503,2568,2359,0,0,0,0,0,0,0,0,S
1348840,2566,1884,2495,2560,2354,0,0,0,0,0,0,0,0,S
1348851,2567,1901,2505,2562,2356,0,0,0,0,0,0,0,0,S
1348886,2555,1873,2508,2569,2355,0,0,0,0,0,0,0,0,S
1348896,2559,1872,2517,2555,2356,0,0,0,0,0,0,0,0,S
1348930,2568,1877,2496,2573,2352,0,0,0,0,0,0,0,0,S
1348941,2574,1898,2491,2565,2361,0,0,0,0,0,0,0,0,S
1348975,2574,1866,2493,2562,2362,0,0,0,0,0,0,0,0,S
1348986,2552,1883,2500,2582,2357,0,0,0,0,0,0,0,0,S
1349020,2562,1886,2499,2574,2358,0,0,0,0,0,0,0,0,S
1349031,2564,1856,2497,2568,2368,0,0,0,0,0,0,0,0,S
1349065,2569,1891,2515,2578,2368,0,0,0,0,0,0,0,0,S
1349076,2564,1869,2503,2559,2358,0,0,0,0,0,0,0,0,S
1349110,2559,1877,2491,2566,2356,0,0,0,0,0,0,0,0,S
1349121,2568,1878,2508,2563,2364,0,0,0,0,0,0,0,0,S
1349155,2564,1874,2487,2569,2361,0,0,0,0,0,0,0,0,S
1349166,2564,1891,2508,2565,2372,0,0,0,0,0,0,0,0,S
1349200,2565,1894,2517,2560,2359,0,0,0,0,0,0,0,0,S
1349211,2569,1871,2511,2569,2356,0,0,0,0,0,0,0,0,S
1349245,2565,1869,2504,2549,2364,0,0,0,0,0,0,0,0,S
1349256,2565,1866,2490,2592,2368,0,0,0,0,0,0,0,0,S
1349290,2560,1875,2505,2565,2359,0,0,0,0,0,0,0,0,S
1349301,2574,1879,2499,2568,2372,0,0,0,0,0,0,0,0,S
1349335,2576,1884,2500,2552,2359,0,0,0,0,0,0,0,0,S
1349346,2549,1865,2514,2572,2351,0,0,0,0,0,0,0,0,S
1349380,2562,1897,2500,2584,2360,0,0,0,0,0,0,0,0,S
1349391,2572,1881,2506,2574,2363,0,0,0,0,0,0,0,0,S
1349425,2564,1887,2498,2566,2364,0,0,0,0,0,0,0,0,S
1349436,2561,1892,2507,2571,2351,0,0,0,0,0,0,0,0,S
1349470,2559,1874,2502,2567,2361,0,0,0,0,0,0,0,0,S
1349515,2570,1862,2505,2559,2357,0,0,0,0,0,0,0,0,S
1349526,2566,1872,2506,2565,2355,0,0,0,0,0,0,0,0,S
1349560,2565,1889,2511,2573,2370,0,0,0,0,0,0,0,0,S
1349571,2564,1880,2502,2566,2364,0,0,0,0,0,0,0,0,S
1349605,2563,1907,2512,2567,2360,0,0,0,0,0,0,0,0,S
1349616,2559,1886,2502,2579,2359,0,0,0,0,0,0,0,0,S
1349650,2565,1883,2506,2568,2345,0,0,0,0,0,0,0,0,S
1349661,2572,1888,2511,2557,2352,0,0,0,0,0,0,0,0,S
1349695,2564,1880,2484,2568,2354,0,0,0,0,0,0,0,0,S
1349706,2572,1863,2501,2571,2343,0,0,0,0,0,0,0,0,S
1349740,2559,1869,2507,2560,2353,0,0,0,0,0,0,0,0,S
1349751,2565,1888,2505,2563,2348,0,0,0,0,0,0,0,0,S
1349785,2563,1875,2512,2570,2363,0,0,0,0,0,0,0,0,S
1349830,2561,1870,2501,2562,2352,0,0,0,0,0,0,0,0,S
1349841,2569,1895,2482,2553,2356,0,0,0,0,0,0,0,0,S
1349875,2564,1867,2495,2569,2355,0,0,0,0,0,0,0,0,S
1349886,2556,1886,2501,2570,2336,0,0,0,0,0,0,0,0,S
1349920,2572,1869,2513,2561,2359,0,0,0,0,0,0,0,0,S
1349931,2560,1864,2502,2571,2357,0,0,0,0,0,0,0,0,S
1349965,2569,1887,2503,2567,2359,0,0,0,0,0,0,0,0,S
1349976,2564,1870,2499,2562,2360,0,0,0,0,0,0,0,0,S
1350010,2571,1876,2518,2590,2352,0,0,0,0,0,0,0,0,S
1350021,2566,1881,2505,2576,2363,0,0,0,0,0,0,0,0,S
1350055,2571,1882,2518,2581,2386,0,0,0,0,0,0,0,0,S
1350066,2565,1880,2510,2568,2369,0,0,0,0,0,0,0,0,S
1350100,2571,1874,2502,2577,2359,0,0,0,0,0,0,0,0,S
1350111,2562,1896,2505,2582,2350,0,0,0,0,0,0,0,0,S
1350145,2574,1866,2510,2570,2353,0,0,0,0,0,0,0,0,S
1350156,2570,1892,2514,2566,2368,0,0,0,0,0,0,0,0,S
1350190,2556,1892,2502,2569,2368,0,0,0,0,0,0,0,0,S
1350201,2568,1892,2516,2565,2359,0,0,0,0,0,0,0,0,S
1350235,2561,1886,2506,2561,2356,0,0,0,0,0,0,0,0,S
1350246,2563,1856,2505,2567,2354,0,0,0,0,0,0,0,0,S
1350280,2550,1897,2500,2570,2358,0,0,0,0,0,0,0,0,S
1350291,2562,1850,2503,2561,2358,0,0,0,0,0,0,0,0,S
1350325,2572,1882,2498,2576,2360,0,0,0,0,0,0,0,0,S
1350336,2562,1863,2502,2566,2355,0,0,0,0,0,0,0,0,S
1350371,2577,1882,2501,2584,2359,0,0,0,0,0,0,0,0,S
1350381,2567,1895,2505,2569,2366,0,0,0,0,0,0,0,0,S
1350415,2566,1898,2503,2573,2375,0,0,0,0,0,0,0,0,S
1350426,2563,1874,2494,2569,2360,0,0,0,0,0,0,0,0,S
1350460,2568,1894,2503,2576,2359,0,0,0,0,0,0,0,0,S
1350471,2562,1884,2511,2575,2358,0,0,0,0,0,0,0,0,S
1350505,2562,1882,2504,2567,2353,0,0,0,0,0,0,0,0,S
1350516,2564,1878,2512,2574,2356,0,0,0,0,0,0,0,0,S
1350550,2560,1871,2495,2573,2349,0,0,0,0,0,0,0,0,S
1350561,2561,1879,2506,2572,2364,0,0,0,0,0,0,0,0,S
1350595,2557,1876,2503,2564,2370,0,0,0,0,0,0,0,0,S
1350606,2560,1886,2497,2574,2365,0,0,0,0,0,0,0,0,S
1350640,2568,1857,2516,2560,2350,0,0,0,0,0,0,0,0,S
1350651,2559,1869,2506,2568,2364,0,0,0,0,0,0,0,0,S
1350685,2566,1903,2498,2550,2362,0,0,0,0,0,0,0,0,S
1350696,2562,1891,2499,2565,2369,0,0,0,0,0,0,0,0,S
1350730,2569,1867,2506,2564,2350,0,0,0,0,0,0,0,0,S
1350741,2562,1865,2498,2566,2368,0,0,0,0,0,0,0,0,S
1350775,2564,1872,2503,2571,2341,0,0,0,0,0,0,0,0,S
1350786,2572,1893,2511,2584,2366,0,0,0,0,0,0,0,0,S
1350820,2564,1866,2508,2559,2357,0,0,0,0,0,0,0,0,S
1350831,2565,1890,2496,2569,2351,0,0,0,0,0,0,0,0,S
1350865,2561,1877,2506,2570,2355,0,0,0,0,0,0,0,0,S
1350876,2567,1870,2512,2559,2351,0,0,0,0,0,0,0,0,S
1350910,2568,1874,2501,2564,2359,0,0,0,0,0,0,0,0,S
1350921,2565,1867,2502,2558,2348,0,0,0,0,0,0,0,0,S
1350955,2567,1899,2507,2572,2356,0,0,0,0,0,0,0,0,S
1350966,2559,1884,2512,2571,2368,0,0,0,0,0,0,0,0,S
1351000,2562,1867,2507,2576,2367,0,0,0,0,0,0,0,0,S
1351011,2568,1870,2494,2571,2367,0,0,0,0,0,0,0,0,S
1351045,2555,1858,2505,2563,2362,0,0,0,0,0,0,0,0,S
1351056,2561,1880,2506,2569,2388,0,0,0,0,0,0,0,0,S
1351090,2568,1880,2507,2557,2347,0,0,0,0,0,0,0,0,S
1351101,2567,1878,2503,2567,2359,0,0,0,0,0,0,0,0,S
1351135,2562,1888,2508,2570,2365,0,0,0,0,0,0,0,0,S
1351146,2565,1888,2504,2564,2357,0,0,0,0,0,0,0,0,S
1351180,2565,1884,2513,2574,2356,0,0,0,0,0,0,0,0,S
1351191,2565,1881,2508,2572,2361,0,0,0,0,0,0,0,0,S
1351225,2564,1869,2496,2569,2348,0,0,0,0,0,0,0,0,S
1351236,2560,1879,2508,2564,2360,0,0,0,0,0,0,0,0,S
1351270,2563,1880,2509,2567,2364,0,0,0,0,0,0,0,0,S
1351315,2568,1863,2495,2559,2362,0,0,0,0,0,0,0,0,S
1351326,2569,1878,2493,2567,2350,0,0,0,0,0,0,0,0,S
1351360,2554,1862,2502,2567,2340,0,0,0,0,0,0,0,0,S
1351371,2568,1880,2509,2560,2359,0,0,0,0,0,0,0,0,S
1351405,2557,1880,2489,2574,2368,0,0,0,0,0,0,0,0,S
1351416,2557,1880,2509,2560,2353,0,0,0,0,0,0,0,0,S
1351450,2556,1881,2512,2562,2348,0,0,0,0,0,0,0,0,S
1351461,2561,1888,2504,2575,2359,0,0,0,0,0,0,0,0,S
1351495,2563,1871,2486,2579,2361,0,0,0,0,0,0,0,0,S
1351506,2568,1883,2503,2566,2361,0,0,0,0,0,0,0,0,S
1351540,2555,1886,2503,2569,2354,0,0,0,0,0,0,0,0,S
1351551,2570,1884,2505,2567,2350,0,0,0,0,0,0,0,0,S
1351585,2568,1883,2506,2560,2359,0,0,0,0,0,0,0,0,S
1351596,2565,1878,2512,2558,2363,0,0,0,0,0,0,0,0,S
1351630,2562,1863,2497,2567,2340,0,0,0,0,0,0,0,0,S
1351641,2568,1887,2521,2570,2356,0,0,0,0,0,0,0,0,S
1351675,2566,1873,2501,2567,2370,0,0,0,0,0,0,0,0,S
1351686,2568,1878,2501,2570,2362,0,0,0,0,0,0,0,0,S
1351720,2559,1884,2512,2563,2357,0,0,0,0,0,0,0,0,S
1351731,2561,1876,2499,2567,2351,0,0,0,0,0,0,0,0,S
1351765,2566,1886,2494,2568,2360,0,0,0,0,0,0,0,0,S
1351776,2567,1872,2499,2568,2358,0,0,0,0,0,0,0,0,S
1351810,2560,1879,2508,2557,2361,0,0,0,0,0,0,0,0,S
1351821,2568,1889,2516,2559,2360,0,0,0,0,0,0,0,0,S
1351855,2569,1906,2479,2581,2354,0,0,0,0,0,0,0,0,S
1351866,2550,1893,2501,2571,2362,0,0,0,0,0,0,0,0,S
1351900,2561,1876,2495,2563,2355,0,0,0,0,0,0,0,0,S
1351911,2560,1875,2489,2567,2353,0,0,0,0,0,0,0,0,S
1351947,2573,1895,2505,2559,2344,0,0,0,0,0,0,0,0,S
1351957,2566,1898,2493,2580,2343,0,0,0,0,0,0,0,0,S
1351990,2564,1874,2487,2560,2351,0,0,0,0,0,0,0,0,S
1352001,2562,1887,2509,2567,2347,0,0,0,0,0,0,0,0,S
1352035,2567,1878,2503,2586,2367,0,0,0,0,0,0,0,0,S
1352046,2561,1876,2505,2568,2355,0,0,0,0,0,0,0,0,S
1352080,2565,1866,2506,2574,2367,0,0,0,0,0,0,0,0,S
1352091,2568,1869,2503,2567,2368,0,0,0,0,0,0,0,0,S
1352125,2572,1879,2504,2561,2357,0,0,0,0,0,0,0,0,S
1352136,2570,1894,2506,2571,2367,0,0,0,0,0,0,0,0,S
1352170,2560,1885,2498,2563,2353,0,0,0,0,0,0,0,0,S
1352181,2566,1871,2501,2568,2368,0,0,0,0,0,0,0,0,S
1352215,2566,1883,2503,2572,2366,0,0,0,0,0,0,0,0,S
1352226,2560,1887,2506,2559,2355,0,0,0,0,0,0,0,0,S
1352260,2578,1878,2507,2564,2350,0,0,0,0,0,0,0,0,S
1352271,2570,1879,2513,2575,2362,0,0,0,0,0,0,0,0,S
1352305,2570,1881,2506,2575,2357,0,0,0,0,0,0,0,0,S
1352316,2557,1885,2503,2569,2371,0,0,0,0,0,0,0,0,S
1352350,2563,1876,2490,2569,2368,0,0,0,0,0,0,0,0,S
1352396,2568,1869,2499,2566,2354,0,0,0,0,0,0,0,0,S
1352407,2552,1865,2496,2568,2365,0,0,0,0,0,0,0,0,S
1352440,2562,1872,2508,2565,2356,0,0,0,0,0,0,0,0,S
1352451,2559,1863,2507,2577,2370,0,0,0,0,0,0,0,0,S
1352485,2560,1877,2501,2568,2346,0,0,0,0,0,0,0,0,S
1352496,2566,1883,2512,2565,2360,0,0,0,0,0,0,0,0,S
1352530,2566,1872,2506,2576,2338,0,0,0,0,0,0,0,0,S
1352541,2565,1881,2485,2576,2359,0,0,0,0,0,0,0,0,S
1352575,2560,1880,2507,2575,2347,0,0,0,0,0,0,0,0,S
1352586,2574,1899,2506,2569,2347,0,0,0,0,0,0,0,0,S
1352620,2561,1891,2502,2558,2355,0,0,0,0,0,0,0,0,S
1352631,2565,1875,2495,2563,2344,0,0,0,0,0,0,0,0,S
1352665,2566,1878,2504,2563,2355,0,0,0,0,0,0,0,0,S
1352676,2570,1875,2499,2562,2360,0,0,0,0,0,0,0,0,S
1352710,2572,1877,2505,2569,2351,0,0,0,0,0,0,0,0,S
1352721,2565,1883,2504,2568,2363,0,0,0,0,0,0,0,0,S
1352755,2566,1883,2506,2572,2368,0,0,0,0,0,0,0,0,S
1352801,2569,1885,2499,2573,2360,0,0,0,0,0,0,0,0,S
1352811,2567,1866,2513,2577,2366,0,0,0,0,0,0,0,0,S
1352845,2566,1891,2501,2573,2372,0,0,0,0,0,0,0,0,S
1352856,2562,1883,2489,2561,2372,0,0,0,0,0,0,0,0,S
1352890,2572,1883,2496,2571,2362,0,0,0,0,0,0,0,0,S
1352901,2571,1890,2509,2573,2343,0,0,0,0,0,0,0,0,S
1352935,2580,1877,2512,2572,2355,0,0,0,0,0,0,0,0,S
1352946,2569,1884,2508,2574,2352,0,0,0,0,0,0,0,0,S
1352980,2555,1876,2508,2563,2363,0,0,0,0,0,0,0,0,S
1352991,2570,1882,2504,2560,2360,0,0,0,0,0,0,0,0,S
1353025,2569,1866,2506,2564,2351,0,0,0,0,0,0,0,0,S
1353036,2563,1868,2504,2566,2366,0,0,0,0,0,0,0,0,S
1353070,2559,1872,2503,2574,2358,0,0,0,0,0,0,0,0,S
1353081,2557,1862,2502,2565,2355,0,0,0,0,0,0,0,0,S
1353115,2563,1895,2510,2564,2349,0,0,0,0,0,0,0,0,S
1353126,2559,1863,2493,2551,2343,0,0,0,0,0,0,0,0,S
1353160,2570,1887,2504,2570,2347,0,0,0,0,0,0,0,0,S
1353171,2576,1878,2512,2566,2349,0,0,0,0,0,0,0,0,S
1353205,2570,1880,2507,2570,2356,0,0,0,0,0,0,0,0,S
1353216,2565,1875,2510,2570,2359,0,0,0,0,0,0,0,0,S
1353250,2564,1879,2512,2563,2360,0,0,0,0,0,0,0,0,S
1353261,2570,1880,2502,2574,2347,0,0,0,0,0,0,0,0,S
1353295,2562,1898,2512,2577,2360,0,0,0,0,0,0,0,0,S
1353306,2572,1877,2495,2574,2347,0,0,0,0,0,0,0,0,S
1353340,2569,1881,2512,2569,2354,0,0,0,0,0,0,0,0,S
1353351,2572,1871,2499,2565,2367,0,0,0,0,0,0,0,0,S
1353385,2568,1886,2512,2562,2364,0,0,0,0,0,0,0,0,S
1353396,2564,1876,2516,2568,2364,0,0,0,0,0,0,0,0,S
1353430,2561,1888,2507,2561,2334,0,0,0,0,0,0,0,0,S
1353441,2569,1885,2499,2574,2341,0,0,0,0,0,0,0,0,S
1353475,2562,1872,2516,2572,2356,0,0,0,0,0,0,0,0,S
1353486,2562,1898,2504,2568,2365,0,0,0,0,0,0,0,0,S
1353520,2568,1895,2502,2569,2355,0,0,0,0,0,0,0,0,S
1353531,2569,1882,2500,2574,2359,0,0,0,0,0,0,0,0,S
1353565,2559,1879,2503,2571,2347,0,0,0,0,0,0,0,0,S
1353576,2572,1887,2507,2570,2360,0,0,0,0,0,0,0,0,S
1353610,2567,1878,2495,2565,2355,0,0,0,0,0,0,0,0,S
1353621,2566,1884,2502,2567,2360,0,0,0,0,0,0,0,0,S
1353655,2557,1880,2502,2570,2350,0,0,0,0,0,0,0,0,S
1353666,2568,1892,2504,2570,2348,0,0,0,0,0,0,0,0,S
1353745,2565,1885,2501,2570,2338,0,0,0,0,0,0,0,0,S
1353756,2567,1875,2499,2559,2361,0,0,0,0,0,0,0,0,S
1353791,2567,1877,2505,2564,2337,0,0,0,0,0,0,0,0,S
1353802,2573,1882,2501,2566,2361,0,0,0,0,0,0,0,0,S
1353835,2560,1882,2502,2579,2355,0,0,0,0,0,0,0,0,S
1353846,2568,1876,2507,2561,2368,0,0,0,0,0,0,0,0,S
1353880,2570,1864,2507,2562,2356,0,0,0,0,0,0,0,0,S
1353891,2571,1869,2495,2576,2359,0,0,0,0,0,0,0,0,S
1353925,2566,1853,2499,2555,2357,0,0,0,0,0,0,0,0,S
1353936,2558,1881,2487,2569,2352,0,0,0,0,0,0,0,0,S
1353970,2561,1873,2497,2564,2347,0,0,0,0,0,0,0,0,S
1353981,2575,1879,2521,2577,2344,0,0,0,0,0,0,0,0,S
1354015,2562,1885,2505,2573,2366,0,0,0,0,0,0,0,0,S
1354026,2574,1890,2498,2574,2366,0,0,0,0,0,0,0,0,S
1354060,2564,1864,2506,2561,2375,0,0,0,0,0,0,0,0,S
1354071,2568,1885,2499,2573,2352,0,0,0,0,0,0,0,0,S
1354105,2568,1879,2502,2566,2368,0,0,0,0,0,0,0,0,S
1354116,2560,1890,2493,2571,2345,0,0,0,0,0,0,0,0,S
1354150,2568,1877,2510,2567,2355,0,0,0,0,0,0,0,0,S
1354161,2566,1869,2510,2563,2356,0,0,0,0,0,0,0,0,S
1354195,2570,1870,2506,2572,2370,0,0,0,0,0,0,0,0,S
1354206,2577,1880,2505,2576,2360,0,0,0,0,0,0,0,0,S
1354240,2562,1875,2499,2562,2353,0,0,0,0,0,0,0,0,S
1354251,2559,1875,2511,2569,2366,0,0,0,0,0,0,0,0,S
1354285,2557,1899,2505,2576,2356,0,0,0,0,0,0,0,0,S
1354296,2560,1888,2492,2577,2347,0,0,0,0,0,0,0,0,S
1354330,2554,1876,2506,2572,2364,0,0,0,0,0,0,0,0,S
1354341,2561,1885,2488,2561,2351,0,0,0,0,0,0,0,0,S
1354375,2563,1853,2506,2557,2360,0,0,0,0,0,0,0,0,S
1354386,2564,1885,2500,2570,2360,0,0,0,0,0,0,0,0,S
1354420,2572,1870,2507,2578,2362,0,0,0,0,0,0,0,0,S
1354431,2556,1873,2503,2569,2352,0,0,0,0,0,0,0,0,S
1354465,2569,1881,2496,2571,2360,0,0,0,0,0,0,0,0,S
1354476,2571,1864,2508,2555,2351,0,0,0,0,0,0,0,0,S
1354510,2555,1887,2506,2567,2350,0,0,0,0,0,0,0,0,S
1354521,2572,1880,2503,2568,2349,0,0,0,0,0,0,0,0,S
1354555,2568,1884,2503,2568,2350,0,0,0,0,0,0,0,0,S
1354566,2572,1891,2506,2567,2356,0,0,0,0,0,0,0,0,S
1354600,2574,1899,2502,2569,2362,0,0,0,0,0,0,0,0,S
1354611,2569,1874,2503,2565,2368,0,0,0,0,0,0,0,0,S
1354645,2561,1879,2513,2580,2356,0,0,0,0,0,0,0,0,S
1354656,2559,1881,2502,2570,2356,0,0,0,0,0,0,0,0,S
1354690,2573,1893,2494,2569,2365,0,0,0,0,0,0,0,0,S
1354701,2561,1912,2511,2566,2374,0,0,0,0,0,0,0,0,S
1354735,2567,1881,2505,2568,2358,0,0,0,0,0,0,0,0,S
1354746,2571,1886,2518,2557,2351,0,0,0,0,0,0,0,0,S
1354780,2552,1879,2494,2569,2361,0,0,0,0,0,0,0,0,S
1354791,2562,1872,2505,2560,2359,0,0,0,0,0,0,0,0,S
1354825,2577,1875,2506,2571,2345,0,0,0,0,0,0,0,0,S
1354836,2568,1855,2504,2565,2355,0,0,0,0,0,0,0,0,S
1354870,2567,1888,2505,2567,2350,0,0,0,0,0,0,0,0,S
1354881,2571,1873,2497,2569,2347,0,0,0,0,0,0,0,0,S
1354915,2568,1898,2510,2568,2365,0,0,0,0,0,0,0,0,S
1354926,2567,1860,2508,2568,2357,0,0,0,0,0,0,0,0,S
1355005,2560,1874,2501,2568,2358,0,0,0,0,0,0,0,0,S
1355016,2563,1884,2495,2576,2343,0,0,0,0,0,0,0,0,S
1355050,2575,1888,2514,2560,2361,0,0,0,0,0,0,0,0,S
1355061,2561,1871,2502,2559,2359,0,0,0,0,0,0,0,0,S
1355095,2574,1882,2495,2572,2362,0,0,0,0,0,0,0,0,S
1355106,2566,1875,2504,2571,2360,0,0,0,0,0,0,0,0,S
1355140,2567,1895,2504,2560,2356,0,0,0,0,0,0,0,0,S
1355151,2572,1883,2501,2560,2368,0,0,0,0,0,0,0,0,S
1355185,2561,1886,2522,2572,2358,0,0,0,0,0,0,0,0,S
1355231,2568,1877,2506,2560,2376,0,0,0,0,0,0,0,0,S
1355276,2561,1876,2512,2571,2358,0,0,0,0,0,0,0,0,S
1355286,2551,1887,2490,2551,2358,0,0,0,0,0,0,0,0,S
1355320,2563,1870,2512,2559,2356,0,0,0,0,0,0,0,0,S
1355331,2578,1892,2497,2574,2358,0,0,0,0,0,0,0,0,S
1355365,2567,1860,2509,2572,2363,0,0,0,0,0,0,0,0,S
1355376,2569,1869,2504,2571,2362,0,0,0,0,0,0,0,0,S
1355410,2567,1879,2512,2567,2359,0,0,0,0,0,0,0,0,S
1355421,2564,1891,2500,2575,2370,0,0,0,0,0,0,0,0,S
1355455,2568,1885,2495,2572,2342,0,0,0,0,0,0,0,0,S
1355466,2567,1886,2497,2565,2366,0,0,0,0,0,0,0,0,S
1355500,2561,1887,2498,2562,2362,0,0,0,0,0,0,0,0,S
1355511,2567,1884,2498,2571,2354,0,0,0,0,0,0,0,0,S
1355545,2576,1877,2502,2566,2368,0,0,0,0,0,0,0,0,S
1355556,2563,1889,2502,2576,2362,0,0,0,0,0,0,0,0,S
1355590,2561,1888,2519,2570,2366,0,0,0,0,0,0,0,0,S
1355601,2568,1891,2512,2576,2358,0,0,0,0,0,0,0,0,S
1355635,2569,1897,2511,2570,2356,0,0,0,0,0,0,0,0,S
1355646,2566,1903,2503,2579,2359,0,0,0,0,0,0,0,0,S
1355680,2566,1874,2499,2572,2363,0,0,0,0,0,0,0,0,S
1357075,2565,1880,2503,2567,2356,0,0,0,0,0,0,0,0,S
1357086,2568,1886,2507,2571,2365,0,0,0,0,0,0,0,0,S
1357120,2563,1880,2495,2570,2367,0,0,0,0,0,0,0,0,S
1357131,2574,1882,2504,2569,2363,0,0,0,0,0,0,0,0,S
1357165,2570,1884,2493,2566,2347,0,0,0,0,0,0,0,0,S
1357176,2568,1888,2505,2581,2365,0,0,0,0,0,0,0,0,S
1357210,2568,1882,2507,2561,2359,0,0,0,0,0,0,0,0,S
1357221,2572,1892,2501,2573,2343,0,0,0,0,0,0,0,0,S
1357255,2568,1881,2501,2576,2354,0,0,0,0,0,0,0,0,S
1357266,2560,1867,2512,2576,2364,0,0,0,0,0,0,0,0,S
1357300,2578,1891,2504,2567,2360,0,0,0,0,0,0,0,0,S
1357311,2575,1867,2505,2563,2355,0,0,0,0,0,0,0,0,S
1357345,2564,1890,2499,2561,2356,0,0,0,0,0,0,0,0,S
1357356,2567,1871,2497,2565,2368,0,0,0,0,0,0,0,0,S
1357391,2570,1896,2496,2565,2361,0,0,0,0,0,0,0,0,S
1357401,2562,1894,2505,2564,2351,0,0,0,0,0,0,0,0,S
1357435,2568,1889,2500,2562,2344,0,0,0,0,0,0,0,0,S
1357446,2575,1888,2496,2573,2344,0,0,0,0,0,0,0,0,S
1357480,2558,1868,2508,2574,2365,0,0,0,0,0,0,0,0,S
1357491,2559,1929,2494,2580,2376,0,0,0,0,0,0,0,0,S
1357525,2573,1896,2502,2568,2362,0,0,0,0,0,0,0,0,S
1357536,2569,1873,2503,2563,2354,0,0,0,0,0,0,0,0,S
1357570,2565,1894,2513,2569,2364,0,0,0,0,0,0,0,0,S
1357581,2561,1840,2505,2574,2363,0,0,0,0,0,0,0,0,S
1357615,2578,1879,2507,2570,2368,0,0,0,0,0,0,0,0,S
1357626,2571,1869,2503,2560,2349,0,0,0,0,0,0,0,0,S
1357660,2571,1877,2511,2571,2347,0,0,0,0,0,0,0,0,S
1357671,2561,1879,2511,2569,2351,0,0,0,0,0,0,0,0,S
1357705,2562,1887,2502,2557,2345,0,0,0,0,0,0,0,0,S
1357716,2571,1872,2491,2573,2345,0,0,0,0,0,0,0,0,S
1357750,2567,1894,2504,2573,2373,0,0,0,0,0,0,0,0,S
1357761,2557,1856,2499,2577,2357,0,0,0,0,0,0,0,0,S
1357795,2565,1863,2506,2569,2358,0,0,0,0,0,0,0,0,S
1357806,2581,1882,2512,2569,2357,0,0,0,0,0,0,0,0,S
1357840,2563,1887,2512,2572,2358,0,0,0,0,0,0,0,0,S
1357851,2575,1888,2509,2576,2365,0,0,0,0,0,0,0,0,S
1357885,2551,1873,2493,2565,2353,0,0,0,0,0,0,0,0,S
1357896,2562,1879,2505,2567,2367,0,0,0,0,0,0,0,0,S
1357930,2576,1871,2507,2566,2376,0,0,0,0,0,0,0,0,S
1357941,2563,1886,2501,2553,2352,0,0,0,0,0,0,0,0,S
1357975,2578,1882,2506,2567,2344,0,0,0,0,0,0,0,0,S
1357986,2574,1897,2509,2566,2359,0,0,0,0,0,0,0,0,S
1358020,2568,1868,2500,2560,2357,0,0,0,0,0,0,0,0,S
1358031,2568,1891,2500,2568,2369,0,0,0,0,0,0,0,0,S
1358065,2561,1871,2496,2559,2356,0,0,0,0,0,0,0,0,S
1358111,2570,1882,2512,2565,2357,0,0,0,0,0,0,0,0,S
1358122,2566,1884,2490,2569,2347,0,0,0,0,0,0,0,0,S
1358155,2567,1898,2504,2578,2362,0,0,0,0,0,0,0,0,S
1358166,2563,1870,2506,2573,2356,0,0,0,0,0,0,0,0,S
1358200,2568,1872,2512,2565,2356,0,0,0,0,0,0,0,0,S
1358211,2571,1877,2503,2566,2353,0,0,0,0,0,0,0,0,S
1358245,2578,1896,2500,2568,2357,0,0,0,0,0,0,0,0,S
1358256,2561,1893,2515,2568,2372,0,0,0,0,0,0,0,0,S
1358290,2561,1883,2501,2565,2355,0,0,0,0,0,0,0,0,S
1358301,2565,1899,2496,2568,2363,0,0,0,0,0,0,0,0,S
1358335,2574,1875,2521,2567,2367,0,0,0,0,0,0,0,0,S
1358346,2563,1887,2509,2579,2358,0,0,0,0,0,0,0,0,S
1358380,2570,1892,2507,2569,2360,0,0,0,0,0,0,0,0,S
1358391,2577,1881,2501,2567,2353,0,0,0,0,0,0,0,0,S
1358425,2572,1904,2498,2576,2357,0,0,0,0,0,0,0,0,S
1358436,2572,1918,2504,2580,2359,0,0,0,0,0,0,0,0,S
1358470,2568,1903,2512,2571,2355,0,0,0,0,0,0,0,0,S
1358481,2578,1885,2513,2568,2376,0,0,0,0,0,0,0,0,S
1358515,2567,1880,2505,2570,2360,0,0,0,0,0,0,0,0,S
1358526,2572,1894,2503,2570,2357,0,0,0,0,0,0,0,0,S
1358560,2574,1887,2496,2570,2337,0,0,0,0,0,0,0,0,S
1358571,2568,1903,2512,2578,2362,0,0,0,0,0,0,0,0,S
1358605,2567,1891,2501,2561,2349,0,0,0,0,0,0,0,0,S
1358616,2565,1889,2501,2565,2356,0,0,0,0,0,0,0,0,S
1358650,2570,1896,2503,2571,2357,0,0,0,0,0,0,0,0,S
1358661,2571,1882,2502,2571,2358,0,0,0,0,0,0,0,0,S
1358695,2566,1868,2503,2574,2358,0,0,0,0,0,0,0,0,S
1358706,2567,1873,2502,2568,2362,0,0,0,0,0,0,0,0,S
1358740,2570,1887,2504,2574,2352,0,0,0,0,0,0,0,0,S
1358751,2577,1887,2500,2575,2343,0,0,0,0,0,0,0,0,S
1358785,2572,1893,2501,2570,2346,0,0,0,0,0,0,0,0,S
1358796,2569,1883,2499,2572,2350,0,0,0,0,0,0,0,0,S
1358830,2571,1899,2514,2581,2351,0,0,0,0,0,0,0,0,S
1358841,2563,1893,2512,2569,2360,0,0,0,0,0,0,0,0,S
1358875,2559,1895,2498,2568,2354,0,0,0,0,0,0,0,0,S
1358920,2570,1898,2520,2576,2364,0,0,0,0,0,0,0,0,S
1358931,2568,1882,2503,2568,2360,0,0,0,0,0,0,0,0,S
1358965,2573,1872,2504,2573,2349,0,0,0,0,0,0,0,0,S
1358976,2570,1904,2516,2560,2352,0,0,0,0,0,0,0,0,S
1359010,2571,1888,2500,2560,2359,0,0,0,0,0,0,0,0,S
1359021,2568,1888,2492,2564,2352,0,0,0,0,0,0,0,0,S
1359055,2576,1889,2493,2564,2358,0,0,0,0,0,0,0,0,S
1359066,2567,1889,2503,2572,2364,0,0,0,0,0,0,0,0,S
1359100,2570,1879,2512,2570,2364,0,0,0,0,0,0,0,0,S
1359111,2570,1886,2504,2564,2361,0,0,0,0,0,0,0,0,S
1359145,2566,1884,2512,2572,2352,0,0,0,0,0,0,0,0,S
1359156,2571,1876,2506,2567,2345,0,0,0,0,0,0,0,0,S
1359190,2568,1881,2502,2561,2351,0,0,0,0,0,0,0,0,S
1359236,2578,1891,2510,2576,2348,0,0,0,0,0,0,0,0,S
1359247,2574,1885,2510,2572,2357,0,0,0,0,0,0,0,0,S
1359281,2562,1892,2511,2569,2353,0,0,0,0,0,0,0,0,S
1359291,2570,1885,2520,2566,2358,0,0,0,0,0,0,0,0,S
1359325,2567,1902,2512,2572,2359,0,0,0,0,0,0,0,0,S
1359336,2577,1907,2507,2581,2359,0,0,0,0,0,0,0,0,S
1359370,2567,1863,2508,2561,2360,0,0,0,0,0,0,0,0,S
1359381,2578,1899,2500,2571,2354,0,0,0,0,0,0,0,0,S
1359415,2565,1883,2498,2577,2358,0,0,0,0,0,0,0,0,S
1359426,2576,1884,2507,2580,2356,0,0,0,0,0,0,0,0,S
1359460,2567,1891,2491,2567,2359,0,0,0,0,0,0,0,0,S
1359471,2568,1906,2510,2572,2376,0,0,0,0,0,0,0,0,S
1359505,2568,1903,2510,2569,2358,0,0,0,0,0,0,0,0,S
1359516,2577,1867,2508,2559,2356,0,0,0,0,0,0,0,0,S
1359550,2559,1891,2503,2565,2359,0,0,0,0,0,0,0,0,S
1359561,2576,1872,2508,2559,2358,0,0,0,0,0,0,0,0,S
1359595,2572,1881,2510,2574,2360,0,0,0,0,0,0,0,0,S
1359606,2566,1866,2504,2567,2368,0,0,0,0,0,0,0,0,S
1359640,2567,1886,2502,2567,2354,0,0,0,0,0,0,0,0,S
1359651,2573,1892,2507,2568,2358,0,0,0,0,0,0,0,0,S
1359685,2562,1894,2494,2572,2356,0,0,0,0,0,0,0,0,S
1359696,2566,1889,2490,2571,2348,0,0,0,0,0,0,0,0,S
1359730,2579,1881,2522,2571,2368,0,0,0,0,0,0,0,0,S
1359741,2571,1883,2508,2564,2360,0,0,0,0,0,0,0,0,S
1359775,2576,1879,2504,2568,2359,0,0,0,0,0,0,0,0,S
1359786,2564,1888,2512,2560,2368,0,0,0,0,0,0,0,0,S
1359820,2563,1891,2491,2571,2343,0,0,0,0,0,0,0,0,S
1359831,2566,1899,2515,2582,2352,0,0,0,0,0,0,0,0,S
1359865,2572,1883,2505,2574,2356,0,0,0,0,0,0,0,0,S
1359876,2567,1892,2510,2565,2349,0,0,0,0,0,0,0,0,S
1359910,2562,1866,2499,2572,2361,0,0,0,0,0,0,0,0,S
1359921,2580,1872,2508,2574,2368,0,0,0,0,0,0,0,0,S
1359955,2573,1907,2498,2578,2353,0,0,0,0,0,0,0,0,S
1359966,2568,1885,2506,2573,2363,0,0,0,0,0,0,0,0,S
1360000,2576,1885,2501,2573,2373,0,0,0,0,0,0,0,0,S
1360011,2567,1867,2514,2571,2362,0,0,0,0,0,0,0,0,S
1360045,2568,1881,2509,2573,2356,0,0,0,0,0,0,0,0,S
1360092,2567,1875,2501,2567,2366,0,0,0,0,0,0,0,0,S
1360102,2567,1887,2503,2560,2356,0,0,0,0,0,0,0,0,S
1360135,2574,1906,2505,2564,2365,0,0,0,0,0,0,0,0,S
1360146,2563,1881,2499,2552,2362,0,0,0,0,0,0,0,0,S
1360180,2576,1894,2507,2573,2357,0,0,0,0,0,0,0,0,S
1360191,2558,1880,2494,2570,2345,0,0,0,0,0,0,0,0,S
1360225,2571,1903,2501,2576,2360,0,0,0,0,0,0,0,0,S
1360236,2571,1912,2504,2573,2358,0,0,0,0,0,0,0,0,S
1360270,2573,1866,2501,2580,2361,0,0,0,0,0,0,0,0,S
1360281,2557,1903,2508,2567,2353,0,0,0,0,0,0,0,0,S
1360315,2563,1884,2501,2562,2352,0,0,0,0,0,0,0,0,S
1360326,2566,1896,2498,2577,2340,0,0,0,0,0,0,0,0,S
1360360,2569,1871,2517,2558,2359,0,0,0,0,0,0,0,0,S
1360371,2574,1888,2501,2566,2345,0,0,0,0,0,0,0,0,S
1360405,2561,1891,2492,2554,2339,0,0,0,0,0,0,0,0,S
1360416,2561,1886,2495,2576,2349,0,0,0,0,0,0,0,0,S
1360450,2570,1882,2520,2570,2364,0,0,0,0,0,0,0,0,S
1360497,2565,1879,2515,2576,2355,0,0,0,0,0,0,0,0,S
1360507,2576,1884,2508,2574,2367,0,0,0,0,0,0,0,0,S
1360540,2563,1897,2510,2569,2358,0,0,0,0,0,0,0,0,S
1360551,2573,1901,2513,2565,2364,0,0,0,0,0,0,0,0,S
1360585,2572,1886,2505,2565,2368,0,0,0,0,0,0,0,0,S
1360596,2572,1883,2511,2566,2357,0,0,0,0,0,0,0,0,S
1360630,2568,1865,2501,2573,2364,0,0,0,0,0,0,0,0,S
1360641,2559,1882,2500,2592,2354,0,0,0,0,0,0,0,0,S
1360675,2572,1896,2504,2580,2378,0,0,0,0,0,0,0,0,S
1360686,2564,1892,2506,2568,2359,0,0,0,0,0,0,0,0,S
1360720,2567,1878,2518,2568,2361,0,0,0,0,0,0,0,0,S
1360731,2570,1913,2512,2568,2359,0,0,0,0,0,0,0,0,S
1360765,2563,1869,2498,2565,2354,0,0,0,0,0,0,0,0,S
1360776,2559,1871,2524,2562,2352,0,0,0,0,0,0,0,0,S
1360810,2577,1886,2506,2563,2348,0,0,0,0,0,0,0,0,S
1360821,2574,1876,2507,2558,2367,0,0,0,0,0,0,0,0,S
1360855,2565,1894,2514,2571,2361,0,0,0,0,0,0,0,0,S
1360866,2576,1871,2508,2566,2355,0,0,0,0,0,0,0,0,S
1360900,2561,1878,2490,2559,2347,0,0,0,0,0,0,0,0,S
1360911,2563,1876,2497,2579,2355,0,0,0,0,0,0,0,0,S
1360945,2571,1863,2500,2574,2354,0,0,0,0,0,0,0,0,S
1361035,2570,1880,2504,2575,2362,0,0,0,0,0,0,0,0,S
1361046,2575,1857,2511,2563,2355,0,0,0,0,0,0,0,0,S
1361080,2580,1858,2508,2572,2363,0,0,0,0,0,0,0,0,S
1361126,2568,1900,2521,2570,2347,0,0,0,0,0,0,0,0,S
1361136,2569,1897,2506,2578,2360,0,0,0,0,0,0,0,0,S
1361170,2570,1899,2510,2568,2367,0,0,0,0,0,0,0,0,S
1361181,2573,1892,2512,2568,2376,0,0,0,0,0,0,0,0,S
1361215,2581,1904,2509,2571,2349,0,0,0,0,0,0,0,0,S
1361226,2584,1887,2513,2572,2354,0,0,0,0,0,0,0,0,S
1361260,2555,1890,2501,2577,2358,0,0,0,0,0,0,0,0,S
1361271,2568,1885,2518,2574,2369,0,0,0,0,0,0,0,0,S
1361305,2578,1889,2515,2573,2373,0,0,0,0,0,0,0,0,S
1361316,2571,1892,2504,2566,2367,0,0,0,0,0,0,0,0,S
1361350,2570,1889,2512,2563,2352,0,0,0,0,0,0,0,0,S
1361361,2575,1890,2507,2570,2358,0,0,0,0,0,0,0,0,S
1361395,2571,1865,2504,2567,2355,0,0,0,0,0,0,0,0,S
1361406,2571,1891,2513,2576,2349,0,0,0,0,0,0,0,0,S
1361440,2557,1899,2501,2564,2364,0,0,0,0,0,0,0,0,S
1361451,2575,1880,2498,2574,2353,0,0,0,0,0,0,0,0,S
1361485,2576,1894,2501,2579,2363,0,0,0,0,0,0,0,0,S
1361496,2569,1888,2514,2580,2361,0,0,0,0,0,0,0,0,S
1361530,2559,1888,2493,2560,2358,0,0,0,0,0,0,0,0,S
1361541,2578,1898,2514,2578,2360,0,0,0,0,0,0,0,0,S
1361575,2574,1911,2515,2576,2359,0,0,0,0,0,0,0,0,S
1361586,2563,1903,2499,2570,2367,0,0,0,0,0,0,0,0,S
1361620,2568,1885,2504,2563,2340,0,0,0,0,0,0,0,0,S
1361631,2565,1891,2512,2580,2352,0,0,0,0,0,0,0,0,S
1361665,2580,1881,2501,2572,2363,0,0,0,0,0,0,0,0,S
1361712,2569,1896,2509,2568,2360,0,0,0,0,0,0,0,0,S
1361722,2566,1892,2528,2567,2346,0,0,0,0,0,0,0,0,S
1361755,2577,1893,2506,2571,2351,0,0,0,0,0,0,0,0,S
1361766,2572,1893,2505,2575,2362,0,0,0,0,0,0,0,0,S
1361800,2568,1883,2516,2577,2361,0,0,0,0,0,0,0,0,S
1361846,2574,1893,2508,2571,2361,0,0,0,0,0,0,0,0,S
1361856,2583,1896,2492,2571,2355,0,0,0,0,0,0,0,0,S
1361935,2566,1895,2503,2572,2351,0,0,0,0,0,0,0,0,S
1361946,2572,1880,2497,2563,2345,0,0,0,0,0,0,0,0,S
1361980,2576,1906,2512,2573,2371,0,0,0,0,0,0,0,0,S
1362026,2571,1897,2512,2575,2368,0,0,0,0,0,0,0,0,S
1362037,2569,1892,2514,2575,2368,0,0,0,0,0,0,0,0,S
1362160,2575,1897,2509,2563,2368,0,0,0,0,0,0,0,0,S
1362206,2569,1871,2514,2574,2367,0,0,0,0,0,0,0,0,S
1362217,2577,1912,2514,2572,2358,0,0,0,0,0,0,0,0,S
1362250,2577,1887,2502,2559,2355,0,0,0,0,0,0,0,0,S
1362261,2564,1897,2503,2569,2366,0,0,0,0,0,0,0,0,S
1362295,2585,1871,2504,2565,2355,0,0,0,0,0,0,0,0,S
1362306,2558,1888,2502,2576,2360,0,0,0,0,0,0,0,0,S
1362340,2571,1882,2504,2567,2367,0,0,0,0,0,0,0,0,S
1362351,2574,1904,2511,2569,2368,0,0,0,0,0,0,0,0,S
1362385,2571,1894,2523,2573,2354,0,0,0,0,0,0,0,0,S
1362431,2576,1891,2512,2569,2368,0,0,0,0,0,0,0,0,S
1362442,2574,1900,2510,2571,2364,0,0,0,0,0,0,0,0,S
1362475,2576,1892,2513,2572,2352,0,0,0,0,0,0,0,0,S
1362521,2569,1887,2490,2562,2346,0,0,0,0,0,0,0,0,S
1362532,2572,1895,2507,2565,2361,0,0,0,0,0,0,0,0,S
1362565,2584,1891,2512,2569,2360,0,0,0,0,0,0,0,0,S
1362576,2574,1894,2506,2571,2380,0,0,0,0,0,0,0,0,S
1362610,2569,1899,2487,2559,2362,0,0,0,0,0,0,0,0,S
1362621,2563,1890,2498,2573,2352,0,0,0,0,0,0,0,0,S
1362655,2560,1898,2492,2572,2359,0,0,0,0,0,0,0,0,S
1362666,2576,1892,2496,2571,2370,0,0,0,0,0,0,0,0,S
1362700,2567,1895,2518,2560,2351,0,0,0,0,0,0,0,0,S
1362711,2568,1890,2508,2573,2364,0,0,0,0,0,0,0,0,S
1362745,2573,1900,2513,2576,2355,0,0,0,0,0,0,0,0,S
1362756,2568,1896,2512,2570,2347,0,0,0,0,0,0,0,0,S
1362790,2572,1906,2510,2576,2365,0,0,0,0,0,0,0,0,S
1362801,2579,1880,2496,2570,2352,0,0,0,0,0,0,0,0,S
1362835,2574,1875,2507,2572,2368,0,0,0,0,0,0,0,0,S
1362846,2565,1884,2511,2579,2361,0,0,0,0,0,0,0,0,S
1362880,2580,1881,2513,2572,2362,0,0,0,0,0,0,0,0,S
1362891,2565,1898,2509,2554,2376,0,0,0,0,0,0,0,0,S
1362925,2561,1889,2503,2563,2358,0,0,0,0,0,0,0,0,S
1362936,2575,1890,2519,2583,2373,0,0,0,0,0,0,0,0,S
1362970,2576,1908,2507,2578,2371,0,0,0,0,0,0,0,0,S
1362981,2569,1888,2500,2578,2359,0,0,0,0,0,0,0,0,S
1363015,2573,1904,2511,2571,2369,0,0,0,0,0,0,0,0,S
1363026,2572,1896,2511,2565,2347,0,0,0,0,0,0,0,0,S
1363060,2573,1903,2512,2576,2340,0,0,0,0,0,0,0,0,S
1363071,2577,1912,2507,2580,2369,0,0,0,0,0,0,0,0,S
1363105,2573,1888,2509,2569,2351,0,0,0,0,0,0,0,0,S
1363116,2580,1876,2520,2566,2356,0,0,0,0,0,0,0,0,S
1363150,2574,1879,2513,2563,2350,0,0,0,0,0,0,0,0,S
1363161,2577,1892,2515,2569,2355,0,0,0,0,0,0,0,0,S
1363195,2573,1887,2509,2559,2361,0,0,0,0,0,0,0,0,S
1363206,2578,1870,2512,2565,2360,0,0,0,0,0,0,0,0,S
1363240,2568,1899,2516,2573,2359,0,0,0,0,0,0,0,0,S
1363251,2566,1874,2499,2561,2368,0,0,0,0,0,0,0,0,S
1363285,2569,1885,2509,2576,2361,0,0,0,0,0,0,0,0,S
1363331,2573,1895,2499,2568,2355,0,0,0,0,0,0,0,0,S
1363342,2576,1899,2503,2568,2357,0,0,0,0,0,0,0,0,S
1363375,2566,1912,2507,2576,2366,0,0,0,0,0,0,0,0,S
1363386,2581,1895,2504,2571,2366,0,0,0,0,0,0,0,0,S
1363420,2578,1893,2506,2577,2357,0,0,0,0,0,0,0,0,S
1363431,2572,1891,2509,2579,2355,0,0,0,0,0,0,0,0,S
1363465,2570,1891,2510,2576,2368,0,0,0,0,0,0,0,0,S
1363476,2566,1884,2511,2569,2361,0,0,0,0,0,0,0,0,S
1363510,2569,1889,2501,2577,2344,0,0,0,0,0,0,0,0,S
1363521,2582,1882,2508,2572,2364,0,0,0,0,0,0,0,0,S
1363555,2575,1890,2505,2576,2368,0,0,0,0,0,0,0,0,S
1363566,2575,1908,2502,2572,2358,0,0,0,0,0,0,0,0,S
1363600,2563,1889,2506,2581,2357,0,0,0,0,0,0,0,0,S
1363611,2574,1900,2515,2565,2367,0,0,0,0,0,0,0,0,S
1363645,2574,1891,2502,2570,2345,0,0,0,0,0,0,0,0,S
1363656,2575,1886,2511,2556,2356,0,0,0,0,0,0,0,0,S
1363690,2582,1878,2507,2567,2360,0,0,0,0,0,0,0,0,S
1363701,2563,1881,2494,2571,2357,0,0,0,0,0,0,0,0,S
1363735,2568,1891,2501,2565,2349,0,0,0,0,0,0,0,0,S
1363746,2569,1889,2516,2572,2365,0,0,0,0,0,0,0,0,S
1363780,2575,1887,2505,2569,2363,0,0,0,0,0,0,0,0,S
1363791,2576,1882,2513,2571,2362,0,0,0,0,0,0,0,0,S
1363826,2577,1897,2503,2576,2362,0,0,0,0,0,0,0,0,S
1363836,2576,1889,2497,2567,2353,0,0,0,0,0,0,0,0,S
1363870,2572,1900,2512,2587,2358,0,0,0,0,0,0,0,0,S
1363881,2567,1891,2507,2562,2352,0,0,0,0,0,0,0,0,S
1363915,2575,1871,2512,2571,2376,0,0,0,0,0,0,0,0,S
1363926,2576,1887,2511,2574,2359,0,0,0,0,0,0,0,0,S
1363961,2568,1883,2511,2584,2375,0,0,0,0,0,0,0,0,S
1363971,2589,1879,2523,2569,2371,0,0,0,0,0,0,0,0,S
1364005,2582,1892,2511,2576,2377,0,0,0,0,0,0,0,0,S
1364051,2567,1905,2510,2567,2360,0,0,0,0,0,0,0,0,S
1364062,2578,1871,2509,2565,2364,0,0,0,0,0,0,0,0,S
1364095,2575,1879,2515,2566,2360,0,0,0,0,0,0,0,0,S
1364106,2582,1897,2505,2572,2367,0,0,0,0,0,0,0,0,S
1364140,2580,1888,2511,2572,2359,0,0,0,0,0,0,0,0,S
1364151,2572,1888,2506,2567,2367,0,0,0,0,0,0,0,0,S
1364185,2575,1902,2498,2585,2368,0,0,0,0,0,0,0,0,S
1364196,2574,1868,2520,2567,2359,0,0,0,0,0,0,0,0,S
1364230,2566,1896,2511,2571,2363,0,0,0,0,0,0,0,0,S
1364241,2578,1898,2506,2580,2367,0,0,0,0,0,0,0,0,S
1364276,2571,1876,2503,2565,2369,0,0,0,0,0,0,0,0,S
1364286,2578,1888,2500,2568,2362,0,0,0,0,0,0,0,0,S
1364320,2581,1911,2509,2578,2361,0,0,0,0,0,0,0,0,S
1371295,2569,1743,2463,2544,2334,0,0,0,0,0,0,0,0,S
1371305,2590,1755,2470,2539,2327,0,0,0,0,0,0,0,0,S
1371340,2579,1735,2454,2539,2316,0,0,0,0,0,0,0,0,S
1371351,2567,1744,2473,2534,2323,0,0,0,0,0,0,0,0,S
1371385,2576,1732,2462,2541,2323,0,0,0,0,0,0,0,0,S
1371395,2592,1760,2467,2541,2322,0,0,0,0,0,0,0,0,S
1371430,2566,1749,2454,2540,2310,0,0,0,0,0,0,0,0,S
1371441,2579,1733,2459,2533,2315,0,0,0,0,0,0,0,0,S
1371475,2573,1747,2460,2530,2323,0,0,0,0,0,0,0,0,S
1371486,2576,1756,2471,2537,2315,0,0,0,0,0,0,0,0,S
1371520,2577,1739,2462,2526,2311,0,0,0,0,0,0,0,0,S
1371531,2578,1769,2474,2543,2325,0,0,0,0,0,0,0,0,S
1371565,2585,1715,2459,2530,2320,0,0,0,0,0,0,0,0,S
1371576,2563,1768,2468,2536,2320,0,0,0,0,0,0,0,0,S
1371610,2589,1775,2466,2536,2316,0,0,0,0,0,0,0,0,S
1371621,2580,1732,2456,2542,2327,0,0,0,0,0,0,0,0,S
1371655,2577,1770,2466,2535,2322,0,0,0,0,0,0,0,0,S
1371666,2580,1731,2451,2537,2314,0,0,0,0,0,0,0,0,S
1371700,2574,1750,2465,2544,2312,0,0,0,0,0,0,0,0,S
1371710,2563,1754,2464,2537,2323,0,0,0,0,0,0,0,0,S
1371745,2573,1749,2465,2535,2321,0,0,0,0,0,0,0,0,S
1371756,2580,1772,2465,2539,2321,0,0,0,0,0,0,0,0,S
1371790,2586,1773,2472,2543,2320,0,0,0,0,0,0,0,0,S
1371800,2582,1751,2465,2536,2320,0,0,0,0,0,0,0,0,S
1371835,2582,1742,2462,2542,2310,0,0,0,0,0,0,0,0,S
1371846,2579,1742,2463,2541,2321,0,0,0,0,0,0,0,0,S
1371880,2571,1720,2460,2524,2324,0,0,0,0,0,0,0,0,S
1371890,2573,1763,2464,2535,2335,0,0,0,0,0,0,0,0,S
1371925,2572,1747,2480,2539,2320,0,0,0,0,0,0,0,0,S
1371936,2582,1775,2481,2534,2313,0,0,0,0,0,0,0,0,S
1371970,2581,1735,2465,2535,2325,0,0,0,0,0,0,0,0,S
1371980,2574,1732,2469,2538,2323,0,0,0,0,0,0,0,0,S
1372016,2579,1711,2472,2544,2323,0,0,0,0,0,0,0,0,S
1372026,2596,1730,2465,2534,2327,0,0,0,0,0,0,0,0,S
1372060,2577,1776,2464,2533,2331,0,0,0,0,0,0,0,0,S
1372070,2579,1745,2477,2548,2322,0,0,0,0,0,0,0,0,S
1372105,2580,1764,2472,2538,2324,0,0,0,0,0,0,0,0,S
1372115,2592,1726,2470,2552,2329,0,0,0,0,0,0,0,0,S
1372150,2584,1751,2472,2543,2312,0,0,0,0,0,0,0,0,S
1372161,2583,1769,2468,2540,2321,0,0,0,0,0,0,0,0,S
1372195,2583,1748,2455,2524,2324,0,0,0,0,0,0,0,0,S
1372205,2592,1760,2469,2528,2326,0,0,0,0,0,0,0,0,S
1372240,2579,1776,2466,2543,2328,0,0,0,0,0,0,0,0,S
1372251,2576,1753,2469,2550,2318,0,0,0,0,0,0,0,0,S
1372285,2588,1771,2481,2536,2346,0,0,0,0,0,0,0,0,S
1372295,2586,1765,2463,2537,2324,0,0,0,0,0,0,0,0,S
1372330,2579,1756,2467,2539,2332,0,0,0,0,0,0,0,0,S
1372341,2587,1766,2463,2539,2324,0,0,0,0,0,0,0,0,S
1372375,2583,1762,2468,2543,2321,0,0,0,0,0,0,0,0,S
1372385,2591,1757,2471,2542,2303,0,0,0,0,0,0,0,0,S
1372420,2572,1747,2469,2534,2328,0,0,0,0,0,0,0,0,S
1372430,2584,1739,2461,2543,2315,0,0,0,0,0,0,0,0,S
1372465,2596,1723,2469,2537,2324,0,0,0,0,0,0,0,0,S
1372475,2578,1776,2473,2542,2310,0,0,0,0,0,0,0,0,S
1372510,2588,1765,2468,2539,2336,0,0,0,0,0,0,0,0,S
1372555,2588,1749,2476,2535,2327,0,0,0,0,0,0,0,0,S
1372565,2585,1752,2471,2546,2338,0,0,0,0,0,0,0,0,S
1372600,2583,1749,2466,2537,2316,0,0,0,0,0,0,0,0,S
1372610,2586,1764,2461,2537,2322,0,0,0,0,0,0,0,0,S
1372645,2588,1736,2487,2536,2323,0,0,0,0,0,0,0,0,S
1372655,2575,1763,2459,2535,2326,0,0,0,0,0,0,0,0,S
1372690,2579,1766,2478,2546,2326,0,0,0,0,0,0,0,0,S
1372700,2588,1751,2463,2532,2325,0,0,0,0,0,0,0,0,S
1372735,2582,1759,2481,2545,2317,0,0,0,0,0,0,0,0,S
1372746,2584,1747,2479,2533,2326,0,0,0,0,0,0,0,0,S
1372780,2586,1779,2474,2537,2329,0,0,0,0,0,0,0,0,S
1372790,2600,1754,2477,2543,2331,0,0,0,0,0,0,0,0,S
1372825,2576,1732,2470,2532,2310,0,0,0,0,0,0,0,0,S
1372835,2587,1764,2470,2539,2311,0,0,0,0,0,0,0,0,S
1372870,2590,1734,2477,2545,2318,0,0,0,0,0,0,0,0,S
1372880,2587,1770,2492,2544,2329,0,0,0,0,0,0,0,0,S
1372915,2593,1751,2469,2544,2323,0,0,0,0,0,0,0,0,S
1372925,2581,1752,2472,2549,2335,0,0,0,0,0,0,0,0,S
1372960,2578,1759,2466,2537,2312,0,0,0,0,0,0,0,0,S
1372970,2575,1728,2472,2545,2316,0,0,0,0,0,0,0,0,S
1373005,2592,1760,2475,2549,2327,0,0,0,0,0,0,0,0,S
1373015,2577,1739,2465,2544,2319,0,0,0,0,0,0,0,0,S
1373050,2587,1760,2473,2540,2318,0,0,0,0,0,0,0,0,S
1373060,2591,1748,2479,2542,2324,0,0,0,0,0,0,0,0,S
1373095,2580,1754,2467,2531,2320,0,0,0,0,0,0,0,0,S
1373105,2577,1767,2462,2534,2311,0,0,0,0,0,0,0,0,S
1373140,2581,1766,2471,2543,2337,0,0,0,0,0,0,0,0,S
1373150,2589,1752,2474,2534,2330,0,0,0,0,0,0,0,0,S
1373185,2595,1766,2479,2543,2327,0,0,0,0,0,0,0,0,S
1373195,2585,1749,2471,2545,2336,0,0,0,0,0,0,0,0,S
1373231,2573,1764,2456,2535,2329,0,0,0,0,0,0,0,0,S
1373242,2584,1779,2463,2550,2313,0,0,0,0,0,0,0,0,S
1373275,2595,1776,2473,2537,2324,0,0,0,0,0,0,0,0,S
1373285,2583,1757,2479,2546,2323,0,0,0,0,0,0,0,0,S
1373320,2580,1755,2454,2541,2325,0,0,0,0,0,0,0,0,S
1373330,2592,1740,2471,2543,2331,0,0,0,0,0,0,0,0,S
1373365,2586,1751,2472,2553,2324,0,0,0,0,0,0,0,0,S
1373375,2587,1763,2476,2527,2324,0,0,0,0,0,0,0,0,S
1373410,2588,1761,2468,2544,2329,0,0,0,0,0,0,0,0,S
1373420,2588,1729,2471,2538,2315,0,0,0,0,0,0,0,0,S
1373455,2593,1784,2477,2543,2321,0,0,0,0,0,0,0,0,S
1373465,2586,1722,2471,2537,2329,0,0,0,0,0,0,0,0,S
1373500,2575,1748,2473,2544,2326,0,0,0,0,0,0,0,0,S
1373510,2596,1767,2482,2538,2320,0,0,0,0,0,0,0,0,S
1373545,2582,1746,2474,2544,2327,0,0,0,0,0,0,0,0,S
1373555,2575,1757,2476,2553,2334,0,0,0,0,0,0,0,0,S
1373590,2589,1775,2471,2543,2328,0,0,0,0,0,0,0,0,S
1373600,2595,1738,2467,2531,2318,0,0,0,0,0,0,0,0,S
1373635,2591,1771,2484,2538,2337,0,0,0,0,0,0,0,0,S
1373645,2580,1741,2473,2531,2322,0,0,0,0,0,0,0,0,S
1373680,2582,1760,2464,2552,2311,0,0,0,0,0,0,0,0,S
1373690,2586,1770,2469,2542,2320,0,0,0,0,0,0,0,0,S
1373725,2589,1771,2473,2543,2335,0,0,0,0,0,0,0,0,S
1373735,2586,1778,2473,2548,2333,0,0,0,0,0,0,0,0,S
1373770,2588,1741,2479,2527,2323,0,0,0,0,0,0,0,0,S
1373780,2592,1769,2489,2537,2327,0,0,0,0,0,0,0,0,S
1373815,2581,1759,2473,2540,2338,0,0,0,0,0,0,0,0,S
1373826,2584,1771,2464,2531,2335,0,0,0,0,0,0,0,0,S
1373860,2585,1760,2473,2539,2313,0,0,0,0,0,0,0,0,S
1373870,2587,1730,2471,2545,2310,0,0,0,0,0,0,0,0,S
1373905,2587,1759,2480,2541,2331,0,0,0,0,0,0,0,0,S
1373915,2583,1743,2483,2546,2326,0,0,0,0,0,0,0,0,S
1373950,2584,1743,2466,2550,2327,0,0,0,0,0,0,0,0,S
1373960,2581,1747,2463,2543,2307,0,0,0,0,0,0,0,0,S
1373995,2587,1731,2472,2540,2329,0,0,0,0,0,0,0,0,S
1374006,2593,1768,2473,2535,2324,0,0,0,0,0,0,0,0,S
1374040,2578,1753,2480,2540,2346,0,0,0,0,0,0,0,0,S
1374050,2574,1729,2473,2541,2317,0,0,0,0,0,0,0,0,S
1374085,2585,1772,2480,2550,2322,0,0,0,0,0,0,0,0,S
1374095,2584,1756,2463,2541,2321,0,0,0,0,0,0,0,0,S
1374130,2579,1755,2484,2534,2328,0,0,0,0,0,0,0,0,S
1374140,2591,1751,2476,2545,2334,0,0,0,0,0,0,0,0,S
1374175,2592,1751,2469,2546,2326,0,0,0,0,0,0,0,0,S
1374185,2591,1742,2469,2542,2324,0,0,0,0,0,0,0,0,S
1374220,2590,1752,2479,2541,2332,0,0,0,0,0,0,0,0,S
1374230,2585,1770,2472,2546,2325,0,0,0,0,0,0,0,0,S
1374265,2583,1754,2480,2552,2338,0,0,0,0,0,0,0,0,S
1374276,2572,1757,2484,2536,2319,0,0,0,0,0,0,0,0,S
1374310,2580,1759,2470,2539,2319,0,0,0,0,0,0,0,0,S
1374320,2581,1739,2469,2537,2326,0,0,0,0,0,0,0,0,S
1374355,2592,1765,2475,2535,2327,0,0,0,0,0,0,0,0,S
1374401,2590,1732,2466,2546,2314,0,0,0,0,0,0,0,0,S
1374411,2579,1767,2480,2549,2333,0,0,0,0,0,0,0,0,S
1374445,2587,1751,2480,2540,2326,0,0,0,0,0,0,0,0,S
1374456,2586,1760,2478,2542,2323,0,0,0,0,0,0,0,0,S
1374490,2591,1751,2474,2544,2323,0,0,0,0,0,0,0,0,S
1374500,2584,1741,2474,2529,2316,0,0,0,0,0,0,0,0,S
1374535,2575,1759,2456,2547,2320,0,0,0,0,0,0,0,0,S
1374545,2592,1751,2477,2544,2320,0,0,0,0,0,0,0,0,S
1374580,2592,1752,2473,2553,2324,0,0,0,0,0,0,0,0,S
1374590,2588,1770,2476,2536,2330,0,0,0,0,0,0,0,0,S
1374625,2580,1742,2471,2552,2328,0,0,0,0,0,0,0,0,S
1374635,2587,1768,2482,2556,2333,0,0,0,0,0,0,0,0,S
1374670,2582,1730,2473,2528,2330,0,0,0,0,0,0,0,0,S
1374680,2578,1788,2476,2535,2314,0,0,0,0,0,0,0,0,S
1374715,2595,1783,2486,2543,2326,0,0,0,0,0,0,0,0,S
1374725,2577,1744,2487,2540,2337,0,0,0,0,0,0,0,0,S
1374760,2581,1761,2477,2545,2322,0,0,0,0,0,0,0,0,S
1374770,2579,1723,2467,2541,2324,0,0,0,0,0,0,0,0,S
1374805,2576,1749,2472,2532,2314,0,0,0,0,0,0,0,0,S
1374816,2582,1743,2472,2538,2323,0,0,0,0,0,0,0,0,S
1374850,2578,1761,2463,2550,2326,0,0,0,0,0,0,0,0,S
1374896,2578,1746,2473,2540,2326,0,0,0,0,0,0,0,0,S
1374907,2586,1748,2466,2536,2326,0,0,0,0,0,0,0,0,S
1374940,2583,1776,2480,2547,2321,0,0,0,0,0,0,0,0,S
1374950,2591,1747,2469,2552,2323,0,0,0,0,0,0,0,0,S
1374985,2576,1771,2489,2527,2338,0,0,0,0,0,0,0,0,S
1374995,2584,1759,2478,2539,2337,0,0,0,0,0,0,0,0,S
1375030,2581,1749,2482,2534,2329,0,0,0,0,0,0,0,0,S
1375040,2592,1770,2476,2541,2336,0,0,0,0,0,0,0,0,S
1375075,2580,1737,2457,2534,2324,0,0,0,0,0,0,0,0,S
1375085,2588,1784,2481,2552,2317,0,0,0,0,0,0,0,0,S
1375120,2585,1751,2476,2548,2336,0,0,0,0,0,0,0,0,S
1375130,2592,1759,2483,2552,2324,0,0,0,0,0,0,0,0,S
1375165,2583,1770,2467,2534,2319,0,0,0,0,0,0,0,0,S
1375175,2590,1734,2472,2537,2335,0,0,0,0,0,0,0,0,S
1375210,2594,1766,2471,2548,2328,0,0,0,0,0,0,0,0,S
1375220,2590,1756,2481,2538,2327,0,0,0,0,0,0,0,0,S
1375255,2583,1733,2471,2540,2320,0,0,0,0,0,0,0,0,S
1375265,2589,1754,2471,2539,2334,0,0,0,0,0,0,0,0,S
1375300,2585,1735,2478,2545,2319,0,0,0,0,0,0,0,0,S
1375310,2592,1763,2478,2538,2319,0,0,0,0,0,0,0,0,S
1375345,2585,1761,2467,2549,2329,0,0,0,0,0,0,0,0,S
1375355,2586,1732,2474,2523,2320,0,0,0,0,0,0,0,0,S
1375390,2592,1763,2478,2545,2330,0,0,0,0,0,0,0,0,S
1375400,2583,1722,2477,2547,2330,0,0,0,0,0,0,0,0,S
1375435,2594,1767,2462,2544,2337,0,0,0,0,0,0,0,0,S
1375445,2592,1769,2469,2547,2319,0,0,0,0,0,0,0,0,S
1375480,2595,1743,2477,2525,2330,0,0,0,0,0,0,0,0,S
1375490,2596,1780,2477,2544,2325,0,0,0,0,0,0,0,0,S
1375525,2588,1736,2476,2558,2324,0,0,0,0,0,0,0,0,S
1375571,2591,1762,2471,2552,2332,0,0,0,0,0,0,0,0,S
1375581,2586,1758,2471,2547,2328,0,0,0,0,0,0,0,0,S
1375615,2583,1790,2475,2546,2320,0,0,0,0,0,0,0,0,S
1375625,2583,1742,2479,2533,2325,0,0,0,0,0,0,0,0,S
1375660,2591,1766,2474,2540,2325,0,0,0,0,0,0,0,0,S
1375670,2587,1763,2484,2541,2332,0,0,0,0,0,0,0,0,S
1375705,2583,1742,2486,2540,2334,0,0,0,0,0,0,0,0,S
1375750,2577,1740,2468,2542,2322,0,0,0,0,0,0,0,0,S
1375760,2584,1764,2482,2549,2333,0,0,0,0,0,0,0,0,S
1375795,2584,1769,2476,2540,2319,0,0,0,0,0,0,0,0,S
1375805,2582,1755,2474,2549,2320,0,0,0,0,0,0,0,0,S
1375840,2593,1751,2484,2538,2327,0,0,0,0,0,0,0,0,S
1375850,2590,1729,2467,2527,2314,0,0,0,0,0,0,0,0,S
1375885,2593,1765,2475,2553,2311,0,0,0,0,0,0,0,0,S
1375895,2585,1775,2479,2544,2340,0,0,0,0,0,0,0,0,S
1375930,2583,1760,2480,2546,2314,0,0,0,0,0,0,0,0,S
1375940,2587,1767,2480,2543,2327,0,0,0,0,0,0,0,0,S
1375975,2587,1742,2485,2543,2332,0,0,0,0,0,0,0,0,S
1375985,2592,1732,2475,2539,2324,0,0,0,0,0,0,0,0,S
1376020,2595,1764,2479,2542,2335,0,0,0,0,0,0,0,0,S
1376031,2594,1759,2484,2555,2309,0,0,0,0,0,0,0,0,S
1376065,2587,1776,2474,2541,2329,0,0,0,0,0,0,0,0,S
1376075,2583,1758,2480,2535,2336,0,0,0,0,0,0,0,0,S
1376110,2591,1751,2475,2536,2323,0,0,0,0,0,0,0,0,S
1376156,2583,1735,2472,2537,2327,0,0,0,0,0,0,0,0,S
1376167,2590,1746,2488,2547,2332,0,0,0,0,0,0,0,0,S
1376200,2589,1730,2477,2541,2336,0,0,0,0,0,0,0,0,S
1376210,2590,1771,2471,2548,2328,0,0,0,0,0,0,0,0,S
1376245,2586,1787,2476,2545,2319,0,0,0,0,0,0,0,0,S
1376255,2584,1746,2477,2548,2313,0,0,0,0,0,0,0,0,S
1376290,2589,1777,2470,2549,2329,0,0,0,0,0,0,0,0,S
1376300,2585,1750,2485,2550,2335,0,0,0,0,0,0,0,0,S
1376335,2582,1758,2478,2544,2331,0,0,0,0,0,0,0,0,S
1376345,2585,1768,2471,2537,2327,0,0,0,0,0,0,0,0,S
1376380,2597,1772,2466,2538,2320,0,0,0,0,0,0,0,0,S
1376390,2587,1775,2480,2544,2327,0,0,0,0,0,0,0,0,S
1376425,2587,1763,2478,2544,2339,0,0,0,0,0,0,0,0,S
1376435,2584,1783,2471,2540,2335,0,0,0,0,0,0,0,0,S
1376470,2581,1770,2475,2541,2334,0,0,0,0,0,0,0,0,S
1376480,2596,1770,2489,2548,2325,0,0,0,0,0,0,0,0,S
1376515,2583,1778,2466,2547,2303,0,0,0,0,0,0,0,0,S
1376526,2583,1765,2484,2535,2320,0,0,0,0,0,0,0,0,S
1376560,2604,1761,2478,2540,2330,0,0,0,0,0,0,0,0,S
1376570,2586,1752,2478,2550,2326,0,0,0,0,0,0,0,0,S
1376606,2581,1735,2464,2533,2328,0,0,0,0,0,0,0,0,S
1376616,2593,1778,2482,2544,2317,0,0,0,0,0,0,0,0,S
1376651,2600,1761,2480,2550,2331,0,0,0,0,0,0,0,0,S
1376661,2587,1782,2492,2547,2321,0,0,0,0,0,0,0,0,S
1376695,2573,1767,2475,2547,2322,0,0,0,0,0,0,0,0,S
1376705,2583,1735,2477,2548,2333,0,0,0,0,0,0,0,0,S
1376740,2586,1776,2480,2536,2339,0,0,0,0,0,0,0,0,S
1376750,2587,1747,2478,2544,2326,0,0,0,0,0,0,0,0,S
1376785,2608,1748,2475,2534,2326,0,0,0,0,0,0,0,0,S
1376795,2591,1778,2485,2543,2326,0,0,0,0,0,0,0,0,S
1376830,2599,1759,2483,2549,2316,0,0,0,0,0,0,0,0,S
1376840,2588,1777,2477,2543,2334,0,0,0,0,0,0,0,0,S
1376875,2567,1767,2472,2560,2325,0,0,0,0,0,0,0,0,S
1376885,2592,1753,2476,2546,2320,0,0,0,0,0,0,0,0,S
1376920,2587,1752,2474,2543,2335,0,0,0,0,0,0,0,0,S
1376930,2590,1766,2476,2551,2325,0,0,0,0,0,0,0,0,S
1376965,2591,1748,2479,2547,2333,0,0,0,0,0,0,0,0,S
1376975,2592,1777,2487,2554,2332,0,0,0,0,0,0,0,0,S
1377010,2592,1774,2487,2549,2323,0,0,0,0,0,0,0,0,S
1377020,2592,1752,2477,2554,2334,0,0,0,0,0,0,0,0,S
1377055,2599,1747,2471,2549,2323,0,0,0,0,0,0,0,0,S
1377065,2597,1777,2479,2550,2330,0,0,0,0,0,0,0,0,S
1377100,2591,1726,2471,2540,2335,0,0,0,0,0,0,0,0,S
1377110,2586,1777,2471,2535,2336,0,0,0,0,0,0,0,0,S
1377145,2595,1783,2483,2544,2330,0,0,0,0,0,0,0,0,S
1377155,2588,1709,2477,2547,2332,0,0,0,0,0,0,0,0,S
1377190,2588,1767,2488,2545,2327,0,0,0,0,0,0,0,0,S
1377200,2594,1736,2465,2552,2327,0,0,0,0,0,0,0,0,S
1377235,2592,1748,2494,2550,2324,0,0,0,0,0,0,0,0,S
1377280,2589,1768,2472,2542,2327,0,0,0,0,0,0,0,0,S
1377291,2583,1771,2472,2538,2331,0,0,0,0,0,0,0,0,S
1377325,2609,1769,2483,2527,2351,0,0,0,0,0,0,0,0,S
1377336,2584,1757,2480,2544,2336,0,0,0,0,0,0,0,0,S
1377370,2591,1784,2466,2544,2332,0,0,0,0,0,0,0,0,S
1377380,2589,1756,2483,2552,2336,0,0,0,0,0,0,0,0,S
1377415,2598,1779,2486,2547,2323,0,0,0,0,0,0,0,0,S
1377425,2599,1769,2478,2566,2332,0,0,0,0,0,0,0,0,S
1377460,2587,1772,2479,2551,2336,0,0,0,0,0,0,0,0,S
1377470,2599,1770,2469,2543,2335,0,0,0,0,0,0,0,0,S
1377505,2590,1734,2483,2533,2338,0,0,0,0,0,0,0,0,S
1377515,2593,1780,2481,2554,2334,0,0,0,0,0,0,0,0,S
1377550,2593,1750,2470,2549,2313,0,0,0,0,0,0,0,0,S
1377560,2593,1789,2488,2550,2325,0,0,0,0,0,0,0,0,S
1377595,2587,1755,2483,2547,2329,0,0,0,0,0,0,0,0,S
1377640,2597,1784,2479,2550,2331,0,0,0,0,0,0,0,0,S
1377651,2597,1745,2480,2551,2333,0,0,0,0,0,0,0,0,S
1377685,2595,1768,2477,2543,2336,0,0,0,0,0,0,0,0,S
1377695,2587,1770,2475,2540,2332,0,0,0,0,0,0,0,0,S
1377730,2594,1754,2474,2544,2326,0,0,0,0,0,0,0,0,S
1377740,2580,1762,2485,2551,2334,0,0,0,0,0,0,0,0,S
1377775,2602,1758,2482,2549,2314,0,0,0,0,0,0,0,0,S
1377785,2589,1751,2480,2542,2335,0,0,0,0,0,0,0,0,S
1377820,2593,1787,2481,2543,2337,0,0,0,0,0,0,0,0,S
1377830,2588,1773,2478,2552,2319,0,0,0,0,0,0,0,0,S
1377865,2594,1756,2478,2555,2327,0,0,0,0,0,0,0,0,S
1377875,2591,1789,2488,2543,2335,0,0,0,0,0,0,0,0,S
1377910,2589,1791,2494,2562,2336,0,0,0,0,0,0,0,0,S
1377920,2608,1769,2481,2557,2348,0,0,0,0,0,0,0,0,S
1377955,2593,1751,2468,2539,2329,0,0,0,0,0,0,0,0,S
1377965,2596,1745,2473,2549,2342,0,0,0,0,0,0,0,0,S
1378000,2592,1753,2486,2545,2334,0,0,0,0,0,0,0,0,S
1378010,2594,1754,2475,2525,2324,0,0,0,0,0,0,0,0,S
1378045,2598,1786,2482,2549,2323,0,0,0,0,0,0,0,0,S
1378055,2593,1756,2485,2540,2337,0,0,0,0,0,0,0,0,S
1378090,2588,1778,2484,2541,2326,0,0,0,0,0,0,0,0,S
1378100,2598,1749,2487,2549,2342,0,0,0,0,0,0,0,0,S
1378135,2595,1742,2484,2543,2324,0,0,0,0,0,0,0,0,S
1378181,2586,1764,2478,2545,2326,0,0,0,0,0,0,0,0,S
1378191,2586,1757,2467,2537,2328,0,0,0,0,0,0,0,0,S
1378225,2594,1779,2476,2556,2330,0,0,0,0,0,0,0,0,S
943306,2691,2681,2566,2573,2390,0,0,0,0,0,0,0,0,1
943316,2687,2704,2588,2574,2411,0,0,0,0,0,0,0,0,1
943351,2680,2691,2571,2584,2400,0,0,0,0,0,0,0,0,1
943361,2684,2688,2599,2577,2409,0,0,0,0,0,0,0,0,1
943396,2686,2692,2575,2571,2401,0,0,0,0,0,0,0,0,1
943406,2679,2689,2572,2580,2413,0,0,0,0,0,0,0,0,1
943441,2683,2697,2577,2582,2384,0,0,0,0,0,0,0,0,1
943451,2677,2692,2563,2582,2398,0,0,0,0,0,0,0,0,1
943486,2679,2689,2588,2564,2388,0,0,0,0,0,0,0,0,1
943496,2687,2691,2555,2593,2409,0,0,0,0,0,0,0,0,1
943531,2689,2684,2568,2567,2419,0,0,0,0,0,0,0,0,1
943541,2686,2695,2563,2578,2398,0,0,0,0,0,0,0,0,1
943576,2687,2688,2561,2565,2394,0,0,0,0,0,0,0,0,1
943586,2679,2689,2549,2567,2401,0,0,0,0,0,0,0,0,1
943621,2675,2679,2558,2578,2402,0,0,0,0,0,0,0,0,1
943631,2696,2699,2583,2566,2408,0,0,0,0,0,0,0,0,1
943666,2680,2694,2583,2576,2401,0,0,0,0,0,0,0,0,1
943676,2678,2691,2560,2567,2400,0,0,0,0,0,0,0,0,1
943711,2680,2684,2580,2569,2409,0,0,0,0,0,0,0,0,1
943721,2685,2688,2568,2584,2391,0,0,0,0,0,0,0,0,1
943756,2679,2687,2574,2571,2397,0,0,0,0,0,0,0,0,1
943766,2682,2692,2587,2584,2398,0,0,0,0,0,0,0,0,1
943801,2686,2686,2564,2575,2405,0,0,0,0,0,0,0,0,1
943811,2674,2686,2588,2580,2404,0,0,0,0,0,0,0,0,1
943846,2688,2693,2607,2588,2394,0,0,0,0,0,0,0,0,1
943856,2683,2679,2569,2574,2400,0,0,0,0,0,0,0,0,1
943891,2694,2682,2608,2590,2406,0,0,0,0,0,0,0,0,1
943901,2690,2689,2573,2580,2396,0,0,0,0,0,0,0,0,1
943936,2678,2686,2591,2572,2394,0,0,0,0,0,0,0,0,1
943946,2687,2683,2571,2568,2407,0,0,0,0,0,0,0,0,1
943981,2677,2679,2559,2577,2399,0,0,0,0,0,0,0,0,1
943991,2691,2694,2589,2575,2414,0,0,0,0,0,0,0,0,1
944026,2679,2692,2551,2574,2403,0,0,0,0,0,0,0,0,1
944036,2704,2684,2579,2584,2414,0,0,0,0,0,0,0,0,1
944071,2686,2691,2562,2575,2412,0,0,0,0,0,0,0,0,1
944081,2692,2679,2575,2583,2406,0,0,0,0,0,0,0,0,1
944116,2677,2689,2585,2588,2390,0,0,0,0,0,0,0,0,1
944126,2684,2687,2565,2580,2405,0,0,0,0,0,0,0,0,1
944161,2677,2693,2567,2572,2403,0,0,0,0,0,0,0,0,1
944171,2687,2702,2557,2581,2390,0,0,0,0,0,0,0,0,1
944206,2681,2682,2567,2571,2391,0,0,0,0,0,0,0,0,1
944216,2683,2682,2606,2577,2406,0,0,0,0,0,0,0,0,1
944251,2683,2688,2559,2567,2400,0,0,0,0,0,0,0,0,1
944261,2684,2693,2571,2583,2412,0,0,0,0,0,0,0,0,1
944296,2681,2693,2578,2574,2394,0,0,0,0,0,0,0,0,1
944306,2679,2693,2583,2576,2408,0,0,0,0,0,0,0,0,1
944341,2681,2697,2600,2577,2404,0,0,0,0,0,0,0,0,1
944351,2688,2692,2567,2592,2403,0,0,0,0,0,0,0,0,1
944386,2675,2684,2554,2571,2400,0,0,0,0,0,0,0,0,1
944396,2689,2694,2615,2573,2405,0,0,0,0,0,0,0,0,1
944431,2679,2699,2571,2582,2414,0,0,0,0,0,0,0,0,1
944441,2682,2696,2603,2573,2398,0,0,0,0,0,0,0,0,1
944476,2687,2689,2550,2560,2399,0,0,0,0,0,0,0,0,1
944486,2687,2693,2572,2582,2404,0,0,0,0,0,0,0,0,1
944522,2692,2692,2564,2575,2390,0,0,0,0,0,0,0,0,1
944532,2675,2692,2580,2572,2392,0,0,0,0,0,0,0,0,1
944566,2688,2688,2593,2579,2399,0,0,0,0,0,0,0,0,1
944611,2686,2703,2580,2571,2408,0,0,0,0,0,0,0,0,1
944621,2685,2683,2562,2579,2411,0,0,0,0,0,0,0,0,1
944656,2684,2688,2571,2573,2408,0,0,0,0,0,0,0,0,1
944666,2687,2693,2573,2567,2419,0,0,0,0,0,0,0,0,1
944701,2683,2693,2570,2577,2402,0,0,0,0,0,0,0,0,1
944711,2689,2681,2580,2579,2402,0,0,0,0,0,0,0,0,1
944746,2686,2682,2579,2586,2414,0,0,0,0,0,0,0,0,1
944756,2686,2682,2576,2581,2406,0,0,0,0,0,0,0,0,1
944791,2679,2690,2598,2576,2397,0,0,0,0,0,0,0,0,1
944801,2684,2687,2564,2577,2407,0,0,0,0,0,0,0,0,1
944836,2679,2685,2576,2577,2402,0,0,0,0,0,0,0,0,1
944882,2679,2690,2591,2586,2401,0,0,0,0,0,0,0,0,1
944893,2689,2691,2615,2588,2411,0,0,0,0,0,0,0,0,1
944926,2679,2692,2564,2569,2409,0,0,0,0,0,0,0,0,1
944936,2679,2685,2577,2580,2419,0,0,0,0,0,0,0,0,1
944971,2685,2687,2566,2572,2398,0,0,0,0,0,0,0,0,1
944981,2686,2704,2564,2567,2414,0,0,0,0,0,0,0,0,1
945016,2688,2685,2579,2575,2398,0,0,0,0,0,0,0,0,1
945026,2687,2698,2585,2595,2396,0,0,0,0,0,0,0,0,1
945061,2689,2685,2589,2584,2402,0,0,0,0,0,0,0,0,1
945071,2692,2684,2569,2579,2411,0,0,0,0,0,0,0,0,1
945106,2683,2693,2570,2580,2398,0,0,0,0,0,0,0,0,1
945116,2690,2690,2577,2583,2387,0,0,0,0,0,0,0,0,1
945152,2682,2693,2558,2577,2408,0,0,0,0,0,0,0,0,1
945163,2692,2690,2596,2571,2404,0,0,0,0,0,0,0,0,1
945196,2684,2696,2576,2576,2403,0,0,0,0,0,0,0,0,1
945206,2695,2693,2567,2577,2395,0,0,0,0,0,0,0,0,1
945241,2687,2693,2581,2571,2405,0,0,0,0,0,0,0,0,1
945251,2681,2697,2568,2573,2403,0,0,0,0,0,0,0,0,1
945286,2696,2692,2556,2580,2414,0,0,0,0,0,0,0,0,1
945296,2687,2686,2613,2579,2394,0,0,0,0,0,0,0,0,1
945331,2685,2695,2570,2586,2414,0,0,0,0,0,0,0,0,1
945341,2679,2687,2589,2579,2415,0,0,0,0,0,0,0,0,1
945376,2685,2695,2555,2571,2393,0,0,0,0,0,0,0,0,1
945386,2686,2692,2584,2561,2408,0,0,0,0,0,0,0,0,1
945421,2683,2680,2558,2580,2402,0,0,0,0,0,0,0,0,1
945431,2683,2691,2563,2577,2408,0,0,0,0,0,0,0,0,1
945466,2686,2685,2575,2584,2408,0,0,0,0,0,0,0,0,1
945556,2689,2688,2569,2580,2400,0,0,0,0,0,0,0,0,1
945566,2682,2684,2575,2570,2398,0,0,0,0,0,0,0,0,1
945601,2690,2692,2575,2572,2404,0,0,0,0,0,0,0,0,1
945611,2689,2688,2575,2571,2392,0,0,0,0,0,0,0,0,1
945647,2680,2681,2574,2564,2395,0,0,0,0,0,0,0,0,1
945658,2688,2696,2577,2571,2399,0,0,0,0,0,0,0,0,1
945691,2687,2695,2585,2592,2394,0,0,0,0,0,0,0,0,1
945737,2679,2689,2569,2586,2388,0,0,0,0,0,0,0,0,1
945748,2688,2698,2592,2584,2399,0,0,0,0,0,0,0,0,1
945781,2677,2690,2601,2563,2392,0,0,0,0,0,0,0,0,1
945791,2688,2696,2592,2581,2396,0,0,0,0,0,0,0,0,1
945826,2691,2687,2563,2571,2398,0,0,0,0,0,0,0,0,1
945836,2691,2693,2572,2576,2403,0,0,0,0,0,0,0,0,1
945871,2683,2689,2568,2580,2407,0,0,0,0,0,0,0,0,1
945881,2683,2696,2582,2570,2397,0,0,0,0,0,0,0,0,1
945916,2688,2683,2572,2580,2411,0,0,0,0,0,0,0,0,1
945926,2689,2694,2564,2592,2411,0,0,0,0,0,0,0,0,1
945961,2685,2700,2576,2580,2395,0,0,0,0,0,0,0,0,1
945971,2690,2687,2574,2575,2388,0,0,0,0,0,0,0,0,1
946006,2692,2701,2558,2582,2412,0,0,0,0,0,0,0,0,1
946016,2688,2687,2582,2581,2393,0,0,0,0,0,0,0,0,1
946051,2686,2687,2570,2586,2389,0,0,0,0,0,0,0,0,1
946097,2678,2688,2610,2575,2406,0,0,0,0,0,0,0,0,1
946107,2690,2690,2589,2575,2399,0,0,0,0,0,0,0,0,1
946141,2680,2702,2598,2576,2395,0,0,0,0,0,0,0,0,1
946151,2682,2692,2575,2579,2410,0,0,0,0,0,0,0,0,1
946186,2688,2691,2568,2575,2414,0,0,0,0,0,0,0,0,1
946196,2685,2690,2587,2583,2392,0,0,0,0,0,0,0,0,1
946231,2692,2682,2579,2572,2412,0,0,0,0,0,0,0,0,1
946277,2678,2687,2559,2582,2404,0,0,0,0,0,0,0,0,1
946367,2692,2687,2597,2584,2408,0,0,0,0,0,0,0,0,1
946377,2682,2692,2564,2583,2405,0,0,0,0,0,0,0,0,1
946411,2688,2688,2581,2578,2390,0,0,0,0,0,0,0,0,1
946421,2689,2677,2551,2577,2404,0,0,0,0,0,0,0,0,1
946456,2683,2696,2567,2586,2402,0,0,0,0,0,0,0,0,1
946466,2684,2681,2593,2583,2393,0,0,0,0,0,0,0,0,1
946501,2681,2688,2556,2579,2400,0,0,0,0,0,0,0,0,1
946511,2687,2687,2581,2572,2392,0,0,0,0,0,0,0,0,1
946546,2688,2684,2605,2576,2410,0,0,0,0,0,0,0,0,1
946556,2681,2690,2587,2571,2402,0,0,0,0,0,0,0,0,1
946592,2684,2687,2602,2577,2395,0,0,0,0,0,0,0,0,1
946603,2677,2684,2557,2572,2399,0,0,0,0,0,0,0,0,1
946636,2692,2698,2567,2581,2422,0,0,0,0,0,0,0,0,1
946646,2687,2693,2601,2600,2386,0,0,0,0,0,0,0,0,1
946681,2685,2690,2568,2576,2391,0,0,0,0,0,0,0,0,1
946691,2684,2694,2584,2580,2396,0,0,0,0,0,0,0,0,1
946726,2692,2682,2556,2588,2404,0,0,0,0,0,0,0,0,1
946736,2679,2683,2561,2584,2411,0,0,0,0,0,0,0,0,1
946771,2681,2690,2568,2582,2405,0,0,0,0,0,0,0,0,1
946861,2691,2686,2592,2567,2392,0,0,0,0,0,0,0,0,1
946872,2695,2685,2580,2580,2384,0,0,0,0,0,0,0,0,1
946906,2682,2683,2564,2575,2401,0,0,0,0,0,0,0,0,1
946916,2683,2693,2598,2582,2412,0,0,0,0,0,0,0,0,1
946951,2688,2692,2557,2579,2396,0,0,0,0,0,0,0,0,1
946997,2686,2696,2604,2588,2402,0,0,0,0,0,0,0,0,1
947008,2690,2690,2565,2584,2403,0,0,0,0,0,0,0,0,1
947042,2685,2690,2599,2567,2403,0,0,0,0,0,0,0,0,1
947053,2681,2681,2549,2573,2400,0,0,0,0,0,0,0,0,1
947086,2688,2702,2576,2584,2409,0,0,0,0,0,0,0,0,1
947096,2671,2696,2592,2581,2416,0,0,0,0,0,0,0,0,1
947131,2678,2679,2549,2574,2409,0,0,0,0,0,0,0,0,1
947141,2681,2687,2582,2582,2412,0,0,0,0,0,0,0,0,1
947177,2687,2702,2559,2577,2405,0,0,0,0,0,0,0,0,1
947188,2690,2698,2569,2582,2396,0,0,0,0,0,0,0,0,1
947221,2682,2689,2589,2571,2398,0,0,0,0,0,0,0,0,1
947231,2684,2687,2573,2580,2392,0,0,0,0,0,0,0,0,1
947266,2690,2682,2583,2574,2383,0,0,0,0,0,0,0,0,1
947311,2688,2691,2589,2575,2396,0,0,0,0,0,0,0,0,1
947322,2689,2688,2539,2567,2399,0,0,0,0,0,0,0,0,1
947356,2683,2697,2566,2591,2412,0,0,0,0,0,0,0,0,1
947366,2686,2669,2589,2574,2397,0,0,0,0,0,0,0,0,1
947401,2681,2685,2575,2572,2405,0,0,0,0,0,0,0,0,1
947411,2686,2685,2551,2577,2411,0,0,0,0,0,0,0,0,1
947446,2683,2690,2592,2588,2397,0,0,0,0,0,0,0,0,1
947491,2675,2689,2569,2578,2408,0,0,0,0,0,0,0,0,1
947501,2678,2687,2600,2580,2416,0,0,0,0,0,0,0,0,1
947536,2681,2689,2554,2576,2390,0,0,0,0,0,0,0,0,1
947546,2684,2686,2608,2579,2419,0,0,0,0,0,0,0,0,1
947581,2676,2695,2567,2567,2409,0,0,0,0,0,0,0,0,1
947591,2681,2685,2594,2586,2388,0,0,0,0,0,0,0,0,1
947626,2667,2681,2551,2579,2401,0,0,0,0,0,0,0,0,1
947636,2691,2687,2592,2579,2403,0,0,0,0,0,0,0,0,1
947671,2676,2684,2576,2567,2409,0,0,0,0,0,0,0,0,1
947681,2683,2692,2563,2580,2390,0,0,0,0,0,0,0,0,1
947716,2681,2692,2580,2580,2402,0,0,0,0,0,0,0,0,1
947726,2690,2691,2584,2584,2414,0,0,0,0,0,0,0,0,1
947761,2679,2685,2550,2571,2375,0,0,0,0,0,0,0,0,1
947771,2674,2688,2581,2585,2411,0,0,0,0,0,0,0,0,1
947806,2685,2692,2551,2583,2391,0,0,0,0,0,0,0,0,1
947816,2674,2698,2598,2579,2402,0,0,0,0,0,0,0,0,1
947851,2692,2682,2590,2577,2401,0,0,0,0,0,0,0,0,1
947861,2683,2693,2568,2584,2405,0,0,0,0,0,0,0,0,1
947896,2682,2687,2584,2580,2402,0,0,0,0,0,0,0,0,1
947906,2685,2687,2582,2575,2418,0,0,0,0,0,0,0,0,1
947941,2693,2683,2584,2592,2383,0,0,0,0,0,0,0,0,1
947987,2687,2693,2575,2570,2406,0,0,0,0,0,0,0,0,1
947997,2683,2688,2596,2577,2407,0,0,0,0,0,0,0,0,1
948031,2683,2689,2579,2569,2405,0,0,0,0,0,0,0,0,1
948041,2684,2679,2599,2583,2391,0,0,0,0,0,0,0,0,1
948076,2695,2686,2571,2578,2395,0,0,0,0,0,0,0,0,1
948086,2692,2690,2589,2584,2408,0,0,0,0,0,0,0,0,1
948121,2690,2696,2586,2569,2397,0,0,0,0,0,0,0,0,1
948131,2690,2683,2581,2579,2405,0,0,0,0,0,0,0,0,1
948167,2696,2690,2594,2581,2397,0,0,0,0,0,0,0,0,1
948178,2684,2684,2537,2586,2391,0,0,0,0,0,0,0,0,1
948211,2678,2681,2546,2582,2394,0,0,0,0,0,0,0,0,1
948221,2689,2698,2581,2573,2418,0,0,0,0,0,0,0,0,1
948256,2684,2692,2576,2579,2403,0,0,0,0,0,0,0,0,1
948302,2686,2695,2594,2578,2414,0,0,0,0,0,0,0,0,1
948313,2681,2686,2583,2577,2421,0,0,0,0,0,0,0,0,1
948346,2684,2694,2590,2579,2393,0,0,0,0,0,0,0,0,1
948356,2696,2692,2553,2580,2406,0,0,0,0,0,0,0,0,1
948391,2683,2682,2557,2571,2401,0,0,0,0,0,0,0,0,1
948401,2685,2675,2597,2578,2403,0,0,0,0,0,0,0,0,1
948436,2679,2688,2592,2558,2407,0,0,0,0,0,0,0,0,1
948446,2692,2698,2592,2585,2402,0,0,0,0,0,0,0,0,1
948481,2696,2686,2576,2583,2419,0,0,0,0,0,0,0,0,1
948527,2689,2692,2564,2571,2405,0,0,0,0,0,0,0,0,1
948537,2677,2692,2551,2582,2383,0,0,0,0,0,0,0,0,1
948571,2687,2686,2583,2585,2408,0,0,0,0,0,0,0,0,1
948581,2688,2683,2571,2567,2399,0,0,0,0,0,0,0,0,1
948616,2695,2692,2604,2578,2402,0,0,0,0,0,0,0,0,1
948626,2687,2689,2561,2580,2377,0,0,0,0,0,0,0,0,1
948661,2679,2688,2526,2569,2375,0,0,0,0,0,0,0,0,1
948671,2688,2692,2581,2574,2399,0,0,0,0,0,0,0,0,1
948706,2676,2679,2541,2578,2403,0,0,0,0,0,0,0,0,1
948716,2675,2687,2591,2576,2409,0,0,0,0,0,0,0,0,1
948751,2687,2692,2595,2586,2411,0,0,0,0,0,0,0,0,1
948761,2692,2692,2568,2575,2399,0,0,0,0,0,0,0,0,1
948796,2690,2693,2590,2584,2392,0,0,0,0,0,0,0,0,1
948806,2685,2690,2526,2581,2404,0,0,0,0,0,0,0,0,1
948841,2687,2705,2555,2572,2404,0,0,0,0,0,0,0,0,1
948851,2691,2690,2588,2581,2401,0,0,0,0,0,0,0,0,1
948886,2679,2685,2553,2584,2416,0,0,0,0,0,0,0,0,1
948896,2694,2683,2589,2581,2391,0,0,0,0,0,0,0,0,1
948931,2676,2688,2580,2568,2394,0,0,0,0,0,0,0,0,1
948941,2696,2683,2581,2571,2418,0,0,0,0,0,0,0,0,1
948976,2680,2693,2564,2583,2368,0,0,0,0,0,0,0,0,1
949021,2685,2688,2575,2569,2397,0,0,0,0,0,0,0,0,1
949032,2689,2683,2565,2586,2403,0,0,0,0,0,0,0,0,1
949066,2692,2687,2592,2586,2393,0,0,0,0,0,0,0,0,1
949076,2702,2683,2577,2581,2425,0,0,0,0,0,0,0,0,1
949111,2682,2688,2560,2573,2392,0,0,0,0,0,0,0,0,1
949157,2683,2692,2558,2568,2396,0,0,0,0,0,0,0,0,1
949168,2689,2691,2584,2570,2408,0,0,0,0,0,0,0,0,1
949201,2688,2698,2586,2580,2397,0,0,0,0,0,0,0,0,1
949211,2687,2687,2555,2572,2403,0,0,0,0,0,0,0,0,1
949247,2687,2692,2591,2569,2418,0,0,0,0,0,0,0,0,1
949257,2682,2690,2560,2574,2399,0,0,0,0,0,0,0,0,1
949336,2690,2695,2580,2576,2409,0,0,0,0,0,0,0,0,1
949346,2690,2679,2600,2584,2402,0,0,0,0,0,0,0,0,1
949381,2684,2682,2562,2581,2408,0,0,0,0,0,0,0,0,1
949391,2695,2682,2575,2578,2393,0,0,0,0,0,0,0,0,1
949426,2691,2692,2577,2576,2393,0,0,0,0,0,0,0,0,1
949436,2699,2693,2594,2588,2399,0,0,0,0,0,0,0,0,1
949471,2678,2689,2586,2584,2406,0,0,0,0,0,0,0,0,1
949481,2692,2701,2583,2584,2410,0,0,0,0,0,0,0,0,1
949516,2686,2694,2576,2586,2404,0,0,0,0,0,0,0,0,1
949651,2689,2695,2597,2574,2408,0,0,0,0,0,0,0,0,1
949662,2690,2694,2564,2563,2398,0,0,0,0,0,0,0,0,1
949696,2687,2691,2591,2569,2405,0,0,0,0,0,0,0,0,1
949706,2697,2687,2558,2579,2401,0,0,0,0,0,0,0,0,1
949741,2690,2689,2592,2586,2403,0,0,0,0,0,0,0,0,1
949751,2689,2692,2585,2571,2403,0,0,0,0,0,0,0,0,1
949786,2679,2679,2591,2576,2406,0,0,0,0,0,0,0,0,1
949796,2679,2687,2597,2581,2413,0,0,0,0,0,0,0,0,1
949831,2687,2681,2573,2584,2405,0,0,0,0,0,0,0,0,1
949841,2688,2687,2601,2580,2380,0,0,0,0,0,0,0,0,1
949876,2692,2682,2571,2575,2404,0,0,0,0,0,0,0,0,1
949886,2693,2679,2581,2582,2403,0,0,0,0,0,0,0,0,1
949921,2687,2691,2588,2565,2385,0,0,0,0,0,0,0,0,1
949931,2691,2690,2576,2571,2413,0,0,0,0,0,0,0,0,1
949966,2686,2689,2578,2582,2405,0,0,0,0,0,0,0,0,1
949976,2690,2694,2564,2566,2411,0,0,0,0,0,0,0,0,1
950011,2682,2691,2554,2578,2402,0,0,0,0,0,0,0,0,1
950021,2698,2685,2586,2565,2383,0,0,0,0,0,0,0,0,1
950056,2692,2688,2544,2576,2391,0,0,0,0,0,0,0,0,1
950066,2692,2689,2581,2576,2407,0,0,0,0,0,0,0,0,1
950102,2686,2689,2584,2575,2396,0,0,0,0,0,0,0,0,1
950113,2681,2686,2554,2583,2411,0,0,0,0,0,0,0,0,1
950146,2687,2679,2578,2580,2402,0,0,0,0,0,0,0,0,1
950156,2685,2692,2550,2572,2403,0,0,0,0,0,0,0,0,1
950191,2679,2697,2573,2562,2395,0,0,0,0,0,0,0,0,1
950201,2687,2677,2601,2576,2396,0,0,0,0,0,0,0,0,1
950236,2684,2688,2580,2573,2422,0,0,0,0,0,0,0,0,1
950246,2686,2687,2600,2573,2405,0,0,0,0,0,0,0,0,1
950281,2687,2688,2575,2579,2408,0,0,0,0,0,0,0,0,1
950291,2681,2678,2575,2571,2419,0,0,0,0,0,0,0,0,1
950326,2671,2688,2558,2586,2402,0,0,0,0,0,0,0,0,1
950336,2690,2688,2583,2584,2382,0,0,0,0,0,0,0,0,1
950371,2692,2688,2577,2569,2400,0,0,0,0,0,0,0,0,1
950381,2683,2688,2585,2565,2397,0,0,0,0,0,0,0,0,1
950416,2677,2687,2582,2578,2406,0,0,0,0,0,0,0,0,1
950426,2679,2690,2582,2584,2391,0,0,0,0,0,0,0,0,1
950462,2679,2684,2552,2583,2400,0,0,0,0,0,0,0,0,1
950473,2684,2690,2587,2581,2406,0,0,0,0,0,0,0,0,1
950506,2687,2685,2568,2580,2413,0,0,0,0,0,0,0,0,1
950516,2697,2687,2562,2572,2401,0,0,0,0,0,0,0,0,1
950551,2687,2687,2591,2584,2393,0,0,0,0,0,0,0,0,1
950561,2688,2697,2543,2584,2414,0,0,0,0,0,0,0,0,1
950596,2692,2683,2587,2576,2402,0,0,0,0,0,0,0,0,1
950606,2691,2672,2559,2570,2400,0,0,0,0,0,0,0,0,1
950641,2692,2686,2570,2587,2411,0,0,0,0,0,0,0,0,1
950651,2682,2684,2604,2583,2398,0,0,0,0,0,0,0,0,1
950686,2688,2688,2559,2586,2391,0,0,0,0,0,0,0,0,1
958606,2679,2744,2977,2603,2464,0,0,0,0,0,0,0,0,2
958616,2693,2741,2980,2574,2463,0,0,0,0,0,0,0,0,2
958651,2696,2735,2978,2578,2454,0,0,0,0,0,0,0,0,2
958697,2691,2748,2984,2604,2463,0,0,0,0,0,0,0,0,2
958707,2701,2749,2969,2599,2472,0,0,0,0,0,0,0,0,2
958741,2693,2736,2972,2592,2464,0,0,0,0,0,0,0,0,2
958751,2708,2739,2980,2592,2472,0,0,0,0,0,0,0,0,2
958786,2698,2744,2988,2592,2473,0,0,0,0,0,0,0,0,2
958796,2688,2744,2976,2600,2470,0,0,0,0,0,0,0,0,2
958831,2693,2743,2973,2594,2464,0,0,0,0,0,0,0,0,2
958841,2694,2751,2983,2592,2472,0,0,0,0,0,0,0,0,2
958876,2690,2751,2972,2603,2465,0,0,0,0,0,0,0,0,2
958886,2687,2740,2976,2594,2460,0,0,0,0,0,0,0,0,2
958921,2699,2737,2967,2604,2464,0,0,0,0,0,0,0,0,2
958931,2696,2733,2974,2583,2464,0,0,0,0,0,0,0,0,2
958966,2694,2742,2974,2600,2459,0,0,0,0,0,0,0,0,2
959012,2701,2739,2971,2582,2468,0,0,0,0,0,0,0,0,2
959022,2688,2731,2970,2582,2464,0,0,0,0,0,0,0,0,2
959056,2690,2742,2978,2583,2472,0,0,0,0,0,0,0,0,2
959066,2687,2742,2967,2590,2469,0,0,0,0,0,0,0,0,2
959101,2693,2741,2972,2589,2455,0,0,0,0,0,0,0,0,2
959111,2687,2737,2976,2601,2468,0,0,0,0,0,0,0,0,2
959146,2693,2743,2976,2591,2462,0,0,0,0,0,0,0,0,2
959156,2696,2739,2978,2602,2471,0,0,0,0,0,0,0,0,2
959191,2692,2744,2970,2592,2462,0,0,0,0,0,0,0,0,2
959201,2698,2737,2976,2600,2437,0,0,0,0,0,0,0,0,2
959236,2695,2735,2977,2592,2463,0,0,0,0,0,0,0,0,2
959246,2690,2742,2977,2600,2475,0,0,0,0,0,0,0,0,2
959281,2689,2743,2967,2597,2466,0,0,0,0,0,0,0,0,2
959291,2694,2741,2970,2592,2462,0,0,0,0,0,0,0,0,2
959326,2708,2750,2971,2595,2465,0,0,0,0,0,0,0,0,2
959336,2690,2746,2975,2603,2466,0,0,0,0,0,0,0,0,2
959371,2692,2734,2975,2591,2472,0,0,0,0,0,0,0,0,2
959381,2691,2744,2975,2597,2475,0,0,0,0,0,0,0,0,2
959416,2694,2737,2971,2592,2465,0,0,0,0,0,0,0,0,2
959426,2697,2727,2977,2579,2446,0,0,0,0,0,0,0,0,2
959461,2699,2743,2976,2594,2450,0,0,0,0,0,0,0,0,2
959471,2693,2748,2974,2602,2472,0,0,0,0,0,0,0,0,2
959506,2700,2750,2973,2601,2461,0,0,0,0,0,0,0,0,2
959516,2691,2739,2968,2586,2456,0,0,0,0,0,0,0,0,2
959551,2703,2737,2959,2591,2469,0,0,0,0,0,0,0,0,2
959561,2691,2741,2976,2589,2467,0,0,0,0,0,0,0,0,2
959596,2691,2736,2976,2598,2468,0,0,0,0,0,0,0,0,2
959606,2696,2744,2972,2596,2462,0,0,0,0,0,0,0,0,2
959641,2700,2744,2973,2598,2465,0,0,0,0,0,0,0,0,2
959651,2700,2740,2973,2596,2467,0,0,0,0,0,0,0,0,2
959686,2704,2744,2973,2593,2462,0,0,0,0,0,0,0,0,2
959696,2704,2737,2967,2604,2471,0,0,0,0,0,0,0,0,2
959731,2705,2735,2967,2600,2448,0,0,0,0,0,0,0,0,2
959742,2699,2731,2976,2591,2457,0,0,0,0,0,0,0,0,2
959776,2699,2750,2980,2611,2462,0,0,0,0,0,0,0,0,2
959786,2696,2734,2977,2600,2464,0,0,0,0,0,0,0,0,2
959821,2685,2735,2980,2589,2469,0,0,0,0,0,0,0,0,2
959831,2679,2736,2968,2594,2447,0,0,0,0,0,0,0,0,2
959866,2683,2741,2968,2591,2459,0,0,0,0,0,0,0,0,2
959876,2689,2746,2971,2600,2460,0,0,0,0,0,0,0,0,2
959911,2685,2743,2968,2589,2449,0,0,0,0,0,0,0,0,2
959921,2699,2738,2967,2598,2465,0,0,0,0,0,0,0,0,2
959956,2704,2735,2978,2599,2458,0,0,0,0,0,0,0,0,2
960001,2685,2748,2975,2585,2458,0,0,0,0,0,0,0,0,2
960011,2692,2739,2970,2600,2443,0,0,0,0,0,0,0,0,2
960046,2692,2745,2969,2598,2470,0,0,0,0,0,0,0,0,2
960056,2698,2731,2972,2591,2467,0,0,0,0,0,0,0,0,2
960091,2696,2747,2978,2599,2461,0,0,0,0,0,0,0,0,2
960101,2692,2735,2972,2589,2464,0,0,0,0,0,0,0,0,2
960136,2695,2737,2973,2591,2473,0,0,0,0,0,0,0,0,2
960146,2698,2735,2973,2592,2455,0,0,0,0,0,0,0,0,2
960181,2698,2732,2976,2594,2446,0,0,0,0,0,0,0,0,2
960191,2698,2741,2969,2604,2464,0,0,0,0,0,0,0,0,2
960226,2687,2731,2976,2589,2461,0,0,0,0,0,0,0,0,2
960236,2695,2737,2966,2591,2464,0,0,0,0,0,0,0,0,2
960271,2700,2751,2975,2599,2463,0,0,0,0,0,0,0,0,2
960281,2689,2740,2972,2588,2462,0,0,0,0,0,0,0,0,2
960316,2699,2741,2972,2602,2449,0,0,0,0,0,0,0,0,2
960326,2688,2734,2976,2598,2465,0,0,0,0,0,0,0,0,2
960361,2696,2738,2980,2601,2470,0,0,0,0,0,0,0,0,2
960371,2693,2728,2973,2588,2470,0,0,0,0,0,0,0,0,2
960406,2698,2744,2982,2597,2452,0,0,0,0,0,0,0,0,2
960416,2687,2746,2970,2595,2459,0,0,0,0,0,0,0,0,2
960451,2696,2744,2967,2592,2464,0,0,0,0,0,0,0,0,2
960461,2689,2738,2964,2600,2451,0,0,0,0,0,0,0,0,2
960496,2689,2738,2966,2593,2467,0,0,0,0,0,0,0,0,2
960506,2694,2739,2971,2598,2453,0,0,0,0,0,0,0,0,2
960541,2698,2727,2971,2608,2472,0,0,0,0,0,0,0,0,2
960551,2692,2743,2971,2595,2455,0,0,0,0,0,0,0,0,2
960586,2704,2748,2969,2598,2470,0,0,0,0,0,0,0,0,2
960596,2697,2748,2968,2599,2456,0,0,0,0,0,0,0,0,2
960631,2689,2750,2976,2594,2472,0,0,0,0,0,0,0,0,2
960641,2695,2737,2968,2599,2466,0,0,0,0,0,0,0,0,2
960676,2694,2743,2976,2592,2457,0,0,0,0,0,0,0,0,2
960686,2699,2740,2967,2600,2470,0,0,0,0,0,0,0,0,2
960721,2693,2737,2971,2580,2466,0,0,0,0,0,0,0,0,2
960731,2691,2733,2975,2599,2464,0,0,0,0,0,0,0,0,2
960766,2698,2740,2959,2600,2467,0,0,0,0,0,0,0,0,2
960776,2695,2743,2974,2603,2473,0,0,0,0,0,0,0,0,2
960811,2701,2735,2972,2592,2463,0,0,0,0,0,0,0,0,2
960821,2684,2740,2976,2593,2466,0,0,0,0,0,0,0,0,2
960856,2702,2742,2970,2594,2477,0,0,0,0,0,0,0,0,2
960866,2695,2731,2974,2599,2456,0,0,0,0,0,0,0,0,2
960901,2686,2740,2962,2600,2457,0,0,0,0,0,0,0,0,2
960946,2700,2744,2978,2593,2463,0,0,0,0,0,0,0,0,2
960957,2688,2739,2967,2597,2449,0,0,0,0,0,0,0,0,2
960991,2695,2739,2967,2594,2454,0,0,0,0,0,0,0,0,2
961001,2690,2735,2969,2583,2456,0,0,0,0,0,0,0,0,2
961036,2692,2736,2962,2589,2459,0,0,0,0,0,0,0,0,2
961046,2689,2732,2972,2594,2462,0,0,0,0,0,0,0,0,2
961081,2686,2752,2968,2596,2456,0,0,0,0,0,0,0,0,2
961091,2699,2735,2967,2591,2472,0,0,0,0,0,0,0,0,2
961126,2682,2732,2965,2596,2473,0,0,0,0,0,0,0,0,2
961136,2688,2738,2977,2595,2472,0,0,0,0,0,0,0,0,2
961171,2703,2742,2970,2593,2462,0,0,0,0,0,0,0,0,2
961181,2700,2739,2967,2589,2453,0,0,0,0,0,0,0,0,2
961216,2692,2741,2965,2597,2461,0,0,0,0,0,0,0,0,2
961226,2690,2743,2967,2594,2456,0,0,0,0,0,0,0,0,2
961261,2694,2742,2975,2588,2456,0,0,0,0,0,0,0,0,2
961271,2685,2735,2968,2579,2461,0,0,0,0,0,0,0,0,2
961306,2692,2729,2964,2591,2464,0,0,0,0,0,0,0,0,2
961316,2682,2734,2971,2606,2454,0,0,0,0,0,0,0,0,2
961351,2697,2731,2965,2578,2451,0,0,0,0,0,0,0,0,2
961361,2690,2744,2973,2597,2450,0,0,0,0,0,0,0,0,2
961396,2693,2745,2973,2599,2468,0,0,0,0,0,0,0,0,2
961406,2691,2737,2974,2590,2461,0,0,0,0,0,0,0,0,2
961441,2692,2752,2971,2598,2471,0,0,0,0,0,0,0,0,2
961451,2685,2727,2972,2582,2479,0,0,0,0,0,0,0,0,2
961486,2683,2738,2977,2596,2468,0,0,0,0,0,0,0,0,2
961531,2699,2741,2959,2591,2464,0,0,0,0,0,0,0,0,2
961542,2700,2735,2975,2591,2464,0,0,0,0,0,0,0,0,2
961576,2699,2740,2974,2590,2478,0,0,0,0,0,0,0,0,2
961586,2706,2748,2972,2596,2470,0,0,0,0,0,0,0,0,2
961621,2693,2733,2975,2589,2465,0,0,0,0,0,0,0,0,2
961631,2702,2737,2965,2602,2467,0,0,0,0,0,0,0,0,2
961666,2686,2742,2962,2602,2451,0,0,0,0,0,0,0,0,2
961676,2692,2732,2963,2590,2480,0,0,0,0,0,0,0,0,2
961711,2689,2741,2963,2598,2464,0,0,0,0,0,0,0,0,2
961721,2691,2746,2965,2591,2468,0,0,0,0,0,0,0,0,2
961756,2691,2746,2974,2591,2457,0,0,0,0,0,0,0,0,2
961766,2704,2746,2973,2614,2446,0,0,0,0,0,0,0,0,2
961801,2687,2735,2968,2597,2460,0,0,0,0,0,0,0,0,2
961811,2699,2735,2969,2596,2456,0,0,0,0,0,0,0,0,2
961846,2699,2744,2972,2596,2470,0,0,0,0,0,0,0,0,2
961856,2693,2736,2969,2599,2462,0,0,0,0,0,0,0,0,2
961891,2700,2735,2972,2592,2459,0,0,0,0,0,0,0,0,2
961901,2696,2734,2968,2585,2446,0,0,0,0,0,0,0,0,2
961936,2701,2731,2966,2590,2457,0,0,0,0,0,0,0,0,2
961946,2695,2735,2965,2595,2460,0,0,0,0,0,0,0,0,2
961981,2700,2739,2967,2595,2468,0,0,0,0,0,0,0,0,2
961991,2704,2747,2978,2592,2456,0,0,0,0,0,0,0,0,2
962026,2696,2734,2962,2596,2447,0,0,0,0,0,0,0,0,2
962036,2704,2740,2961,2600,2471,0,0,0,0,0,0,0,0,2
962071,2698,2740,2963,2600,2448,0,0,0,0,0,0,0,0,2
962081,2698,2743,2970,2587,2462,0,0,0,0,0,0,0,0,2
962116,2691,2739,2961,2582,2456,0,0,0,0,0,0,0,0,2
962126,2681,2735,2966,2589,2470,0,0,0,0,0,0,0,0,2
962161,2696,2735,2969,2587,2487,0,0,0,0,0,0,0,0,2
962171,2695,2737,2961,2604,2458,0,0,0,0,0,0,0,0,2
962206,2685,2736,2964,2583,2451,0,0,0,0,0,0,0,0,2
962251,2699,2745,2968,2597,2447,0,0,0,0,0,0,0,0,2
962261,2704,2740,2974,2591,2466,0,0,0,0,0,0,0,0,2
962296,2696,2740,2966,2591,2453,0,0,0,0,0,0,0,0,2
962306,2702,2731,2968,2592,2458,0,0,0,0,0,0,0,0,2
962341,2698,2733,2975,2600,2473,0,0,0,0,0,0,0,0,2
962351,2708,2737,2963,2586,2459,0,0,0,0,0,0,0,0,2
962386,2690,2741,2959,2602,2458,0,0,0,0,0,0,0,0,2
962396,2696,2735,2972,2598,2469,0,0,0,0,0,0,0,0,2
962431,2696,2750,2963,2583,2469,0,0,0,0,0,0,0,0,2
962441,2705,2740,2975,2600,2465,0,0,0,0,0,0,0,0,2
962476,2698,2733,2963,2585,2454,0,0,0,0,0,0,0,0,2
962486,2696,2744,2974,2589,2473,0,0,0,0,0,0,0,0,2
962521,2700,2742,2967,2598,2460,0,0,0,0,0,0,0,0,2
962531,2697,2738,2978,2589,2470,0,0,0,0,0,0,0,0,2
962566,2697,2737,2963,2595,2466,0,0,0,0,0,0,0,0,2
962576,2689,2730,2964,2593,2454,0,0,0,0,0,0,0,0,2
962611,2706,2740,2969,2592,2463,0,0,0,0,0,0,0,0,2
962621,2690,2733,2970,2605,2464,0,0,0,0,0,0,0,0,2
962656,2696,2732,2968,2591,2457,0,0,0,0,0,0,0,0,2
962667,2692,2736,2976,2599,2466,0,0,0,0,0,0,0,0,2
962701,2691,2740,2958,2596,2466,0,0,0,0,0,0,0,0,2
962711,2703,2737,2977,2592,2474,0,0,0,0,0,0,0,0,2
962746,2689,2733,2962,2600,2460,0,0,0,0,0,0,0,0,2
962756,2694,2736,2961,2579,2455,0,0,0,0,0,0,0,0,2
962791,2702,2745,2969,2600,2463,0,0,0,0,0,0,0,0,2
962801,2692,2731,2966,2583,2453,0,0,0,0,0,0,0,0,2
962836,2692,2727,2967,2600,2476,0,0,0,0,0,0,0,0,2
962881,2683,2735,2959,2598,2446,0,0,0,0,0,0,0,0,2
962891,2704,2735,2973,2592,2455,0,0,0,0,0,0,0,0,2
962926,2695,2735,2972,2600,2451,0,0,0,0,0,0,0,0,2
962936,2698,2740,2963,2593,2473,0,0,0,0,0,0,0,0,2
962971,2696,2738,2973,2599,2454,0,0,0,0,0,0,0,0,2
962981,2692,2743,2976,2585,2475,0,0,0,0,0,0,0,0,2
963016,2685,2738,2963,2572,2462,0,0,0,0,0,0,0,0,2
963026,2699,2742,2982,2609,2462,0,0,0,0,0,0,0,0,2
963061,2691,2732,2976,2591,2455,0,0,0,0,0,0,0,0,2
963071,2695,2737,2973,2606,2458,0,0,0,0,0,0,0,0,2
963106,2695,2734,2970,2597,2445,0,0,0,0,0,0,0,0,2
963116,2696,2741,2972,2583,2465,0,0,0,0,0,0,0,0,2
963151,2693,2741,2972,2590,2455,0,0,0,0,0,0,0,0,2
963161,2696,2737,2969,2600,2459,0,0,0,0,0,0,0,0,2
963196,2691,2737,2967,2591,2452,0,0,0,0,0,0,0,0,2
963206,2698,2735,2970,2593,2464,0,0,0,0,0,0,0,0,2
963241,2697,2739,2968,2596,2464,0,0,0,0,0,0,0,0,2
963251,2697,2741,2976,2597,2466,0,0,0,0,0,0,0,0,2
963286,2696,2746,2976,2594,2457,0,0,0,0,0,0,0,0,2
963296,2696,2734,2971,2594,2456,0,0,0,0,0,0,0,0,2
963331,2693,2732,2967,2571,2460,0,0,0,0,0,0,0,0,2
963341,2700,2743,2965,2595,2454,0,0,0,0,0,0,0,0,2
963376,2699,2743,2973,2596,2467,0,0,0,0,0,0,0,0,2
963386,2698,2744,2964,2601,2459,0,0,0,0,0,0,0,0,2
963421,2696,2741,2976,2604,2462,0,0,0,0,0,0,0,0,2
963431,2697,2738,2972,2598,2453,0,0,0,0,0,0,0,0,2
963466,2696,2744,2969,2610,2464,0,0,0,0,0,0,0,0,2
963476,2700,2743,2969,2595,2472,0,0,0,0,0,0,0,0,2
963511,2700,2735,2976,2600,2452,0,0,0,0,0,0,0,0,2
963521,2687,2745,2977,2587,2459,0,0,0,0,0,0,0,0,2
963556,2700,2741,2967,2594,2471,0,0,0,0,0,0,0,0,2
963601,2696,2742,2972,2590,2470,0,0,0,0,0,0,0,0,2
963611,2686,2743,2965,2591,2457,0,0,0,0,0,0,0,0,2
963646,2704,2748,2968,2592,2467,0,0,0,0,0,0,0,0,2
963656,2695,2739,2970,2600,2461,0,0,0,0,0,0,0,0,2
963691,2704,2748,2970,2598,2456,0,0,0,0,0,0,0,0,2
963701,2696,2741,2967,2608,2463,0,0,0,0,0,0,0,0,2
963736,2695,2738,2968,2597,2469,0,0,0,0,0,0,0,0,2
963746,2695,2740,2970,2608,2469,0,0,0,0,0,0,0,0,2
963781,2696,2739,2964,2600,2464,0,0,0,0,0,0,0,0,2
963791,2708,2741,2967,2601,2472,0,0,0,0,0,0,0,0,2
963826,2683,2742,2970,2596,2466,0,0,0,0,0,0,0,0,2
963836,2698,2742,2978,2600,2467,0,0,0,0,0,0,0,0,2
963871,2699,2744,2972,2603,2471,0,0,0,0,0,0,0,0,2
963881,2685,2740,2980,2592,2480,0,0,0,0,0,0,0,0,2
963916,2700,2738,2970,2591,2462,0,0,0,0,0,0,0,0,2
963926,2695,2744,2964,2605,2466,0,0,0,0,0,0,0,0,2
963961,2695,2739,2966,2602,2474,0,0,0,0,0,0,0,0,2
963971,2701,2750,2977,2597,2463,0,0,0,0,0,0,0,0,2
964006,2704,2740,2969,2596,2464,0,0,0,0,0,0,0,0,2
964016,2703,2736,2967,2586,2459,0,0,0,0,0,0,0,0,2
964051,2687,2752,2963,2617,2451,0,0,0,0,0,0,0,0,2
964061,2705,2747,2957,2589,2473,0,0,0,0,0,0,0,0,2
964096,2703,2743,2975,2602,2470,0,0,0,0,0,0,0,0,2
964106,2700,2745,2972,2608,2452,0,0,0,0,0,0,0,0,2
964141,2695,2741,2970,2597,2469,0,0,0,0,0,0,0,0,2
964151,2696,2744,2959,2586,2458,0,0,0,0,0,0,0,0,2
964186,2694,2744,2972,2596,2464,0,0,0,0,0,0,0,0,2
964196,2701,2744,2972,2608,2465,0,0,0,0,0,0,0,0,2
964231,2694,2736,2964,2593,2451,0,0,0,0,0,0,0,0,2
964241,2695,2744,2965,2597,2463,0,0,0,0,0,0,0,0,2
964276,2704,2745,2969,2609,2479,0,0,0,0,0,0,0,0,2
964286,2699,2743,2961,2615,2463,0,0,0,0,0,0,0,0,2
964321,2707,2741,2962,2610,2464,0,0,0,0,0,0,0,0,2
964331,2700,2741,2976,2605,2471,0,0,0,0,0,0,0,0,2
964366,2693,2743,2958,2593,2455,0,0,0,0,0,0,0,0,2
964376,2699,2740,2970,2590,2468,0,0,0,0,0,0,0,0,2
964411,2696,2741,2965,2599,2463,0,0,0,0,0,0,0,0,2
964421,2695,2731,2964,2603,2457,0,0,0,0,0,0,0,0,2
964456,2712,2748,2969,2601,2457,0,0,0,0,0,0,0,0,2
964466,2698,2736,2981,2603,2480,0,0,0,0,0,0,0,0,2
964501,2700,2753,2973,2598,2475,0,0,0,0,0,0,0,0,2
964511,2707,2749,2969,2604,2450,0,0,0,0,0,0,0,0,2
964546,2699,2734,2965,2592,2461,0,0,0,0,0,0,0,0,2
964556,2700,2744,2966,2604,2463,0,0,0,0,0,0,0,0,2
964591,2705,2741,2970,2602,2466,0,0,0,0,0,0,0,0,2
964601,2702,2735,2964,2588,2463,0,0,0,0,0,0,0,0,2
964636,2704,2748,2966,2608,2459,0,0,0,0,0,0,0,0,2
964646,2704,2747,2977,2596,2461,0,0,0,0,0,0,0,0,2
964681,2694,2744,2967,2599,2462,0,0,0,0,0,0,0,0,2
964691,2698,2743,2980,2604,2460,0,0,0,0,0,0,0,0,2
964726,2694,2740,2967,2608,2463,0,0,0,0,0,0,0,0,2
964736,2697,2748,2963,2591,2447,0,0,0,0,0,0,0,0,2
964771,2701,2741,2969,2598,2455,0,0,0,0,0,0,0,0,2
964781,2687,2740,2976,2596,2463,0,0,0,0,0,0,0,0,2
964816,2700,2750,2969,2608,2450,0,0,0,0,0,0,0,0,2
964826,2708,2745,2968,2588,2464,0,0,0,0,0,0,0,0,2
964861,2710,2747,2969,2605,2478,0,0,0,0,0,0,0,0,2
964871,2697,2744,2963,2593,2462,0,0,0,0,0,0,0,0,2
964906,2693,2745,2970,2603,2438,0,0,0,0,0,0,0,0,2
964916,2711,2748,2963,2600,2474,0,0,0,0,0,0,0,0,2
964951,2693,2748,2974,2594,2468,0,0,0,0,0,0,0,0,2
964961,2702,2741,2971,2602,2456,0,0,0,0,0,0,0,0,2
964996,2695,2741,2962,2597,2460,0,0,0,0,0,0,0,0,2
965006,2705,2751,2977,2595,2471,0,0,0,0,0,0,0,0,2
965041,2695,2737,2969,2606,2463,0,0,0,0,0,0,0,0,2
965051,2697,2741,2965,2595,2469,0,0,0,0,0,0,0,0,2
965086,2701,2733,2967,2609,2443,0,0,0,0,0,0,0,0,2
965096,2705,2747,2971,2608,2473,0,0,0,0,0,0,0,0,2
965131,2704,2738,2971,2597,2453,0,0,0,0,0,0,0,0,2
965141,2708,2735,2971,2595,2463,0,0,0,0,0,0,0,0,2
965176,2700,2747,2967,2592,2448,0,0,0,0,0,0,0,0,2
965186,2703,2740,2966,2593,2461,0,0,0,0,0,0,0,0,2
965221,2704,2737,2959,2600,2472,0,0,0,0,0,0,0,0,2
965231,2700,2736,2976,2607,2457,0,0,0,0,0,0,0,0,2
965266,2698,2729,2968,2589,2467,0,0,0,0,0,0,0,0,2
965276,2705,2743,2978,2593,2479,0,0,0,0,0,0,0,0,2
965311,2696,2735,2974,2604,2462,0,0,0,0,0,0,0,0,2
965321,2702,2735,2976,2595,2466,0,0,0,0,0,0,0,0,2
965356,2687,2740,2970,2599,2463,0,0,0,0,0,0,0,0,2
965366,2703,2743,2967,2604,2455,0,0,0,0,0,0,0,0,2
965401,2707,2745,2968,2602,2457,0,0,0,0,0,0,0,0,2
965446,2703,2735,2965,2595,2458,0,0,0,0,0,0,0,0,2
965456,2687,2734,2968,2587,2457,0,0,0,0,0,0,0,0,2
965491,2704,2733,2974,2605,2464,0,0,0,0,0,0,0,0,2
965501,2699,2752,2972,2605,2460,0,0,0,0,0,0,0,0,2
965536,2704,2739,2968,2599,2467,0,0,0,0,0,0,0,0,2
973500,2894,2747,2968,2618,2456,0,0,0,0,0,0,0,0,3
973511,2902,2738,2972,2625,2461,0,0,0,0,0,0,0,0,3
973545,2894,2729,2957,2613,2450,0,0,0,0,0,0,0,0,3
973592,2904,2741,2961,2618,2437,0,0,0,0,0,0,0,0,3
973602,2895,2744,2963,2622,2443,0,0,0,0,0,0,0,0,3
973635,2901,2734,2966,2620,2453,0,0,0,0,0,0,0,0,3
973646,2900,2744,2972,2626,2460,0,0,0,0,0,0,0,0,3
973680,2897,2738,2964,2610,2446,0,0,0,0,0,0,0,0,3
973691,2901,2740,2968,2614,2447,0,0,0,0,0,0,0,0,3
973725,2899,2727,2967,2624,2453,0,0,0,0,0,0,0,0,3
973736,2897,2738,2962,2617,2445,0,0,0,0,0,0,0,0,3
973770,2900,2740,2968,2624,2457,0,0,0,0,0,0,0,0,3
973781,2900,2739,2963,2608,2463,0,0,0,0,0,0,0,0,3
973815,2895,2752,2971,2612,2445,0,0,0,0,0,0,0,0,3
973826,2889,2747,2962,2608,2445,0,0,0,0,0,0,0,0,3
973860,2903,2735,2960,2618,2437,0,0,0,0,0,0,0,0,3
973871,2901,2738,2965,2613,2430,0,0,0,0,0,0,0,0,3
973905,2904,2744,2969,2619,2451,0,0,0,0,0,0,0,0,3
973916,2904,2743,2965,2636,2444,0,0,0,0,0,0,0,0,3
973950,2903,2744,2963,2624,2451,0,0,0,0,0,0,0,0,3
973961,2901,2746,2958,2618,2454,0,0,0,0,0,0,0,0,3
973995,2903,2736,2960,2624,2457,0,0,0,0,0,0,0,0,3
974006,2904,2736,2962,2620,2450,0,0,0,0,0,0,0,0,3
974040,2891,2740,2964,2618,2433,0,0,0,0,0,0,0,0,3
974051,2897,2741,2963,2605,2453,0,0,0,0,0,0,0,0,3
974085,2899,2737,2969,2621,2445,0,0,0,0,0,0,0,0,3
974096,2899,2745,2960,2617,2453,0,0,0,0,0,0,0,0,3
974130,2891,2739,2960,2617,2463,0,0,0,0,0,0,0,0,3
974141,2895,2744,2964,2614,2439,0,0,0,0,0,0,0,0,3
974175,2910,2736,2962,2626,2448,0,0,0,0,0,0,0,0,3
974186,2907,2736,2967,2616,2450,0,0,0,0,0,0,0,0,3
974220,2901,2740,2968,2626,2451,0,0,0,0,0,0,0,0,3
974231,2895,2746,2961,2623,2451,0,0,0,0,0,0,0,0,3
974265,2907,2742,2968,2612,2460,0,0,0,0,0,0,0,0,3
974276,2900,2745,2963,2623,2448,0,0,0,0,0,0,0,0,3
974310,2899,2739,2961,2620,2449,0,0,0,0,0,0,0,0,3
974321,2900,2736,2967,2624,2454,0,0,0,0,0,0,0,0,3
974355,2904,2746,2962,2615,2439,0,0,0,0,0,0,0,0,3
974366,2892,2740,2959,2618,2430,0,0,0,0,0,0,0,0,3
974400,2898,2739,2961,2619,2454,0,0,0,0,0,0,0,0,3
974411,2909,2733,2966,2625,2443,0,0,0,0,0,0,0,0,3
974445,2905,2741,2966,2621,2455,0,0,0,0,0,0,0,0,3
974456,2897,2744,2964,2623,2459,0,0,0,0,0,0,0,0,3
974490,2903,2735,2964,2618,2454,0,0,0,0,0,0,0,0,3
974501,2905,2750,2968,2626,2447,0,0,0,0,0,0,0,0,3
974535,2903,2733,2965,2612,2443,0,0,0,0,0,0,0,0,3
974546,2897,2736,2960,2621,2447,0,0,0,0,0,0,0,0,3
974580,2904,2735,2966,2617,2462,0,0,0,0,0,0,0,0,3
974591,2898,2737,2964,2613,2444,0,0,0,0,0,0,0,0,3
974625,2901,2739,2960,2618,2443,0,0,0,0,0,0,0,0,3
974636,2906,2733,2976,2620,2465,0,0,0,0,0,0,0,0,3
974670,2907,2744,2968,2631,2448,0,0,0,0,0,0,0,0,3
974681,2903,2744,2958,2615,2450,0,0,0,0,0,0,0,0,3
974715,2901,2740,2964,2624,2445,0,0,0,0,0,0,0,0,3
974726,2898,2739,2968,2620,2448,0,0,0,0,0,0,0,0,3
974760,2905,2737,2966,2617,2465,0,0,0,0,0,0,0,0,3
974771,2904,2738,2970,2611,2459,0,0,0,0,0,0,0,0,3
974805,2906,2750,2966,2621,2440,0,0,0,0,0,0,0,0,3
974816,2907,2735,2968,2615,2448,0,0,0,0,0,0,0,0,3
974850,2908,2735,2972,2620,2444,0,0,0,0,0,0,0,0,3
974861,2896,2741,2967,2627,2452,0,0,0,0,0,0,0,0,3
974895,2897,2742,2963,2624,2439,0,0,0,0,0,0,0,0,3
974906,2903,2741,2963,2616,2454,0,0,0,0,0,0,0,0,3
974940,2912,2743,2962,2614,2448,0,0,0,0,0,0,0,0,3
974951,2905,2734,2962,2628,2449,0,0,0,0,0,0,0,0,3
974985,2905,2745,2968,2624,2448,0,0,0,0,0,0,0,0,3
974996,2906,2745,2965,2620,2457,0,0,0,0,0,0,0,0,3
975030,2895,2719,2954,2619,2450,0,0,0,0,0,0,0,0,3
975041,2904,2737,2971,2624,2447,0,0,0,0,0,0,0,0,3
975075,2904,2747,2966,2629,2464,0,0,0,0,0,0,0,0,3
975120,2908,2727,2968,2603,2453,0,0,0,0,0,0,0,0,3
975131,2907,2746,2963,2624,2444,0,0,0,0,0,0,0,0,3
975165,2913,2744,2967,2614,2454,0,0,0,0,0,0,0,0,3
975176,2896,2740,2963,2615,2457,0,0,0,0,0,0,0,0,3
975210,2898,2734,2951,2624,2423,0,0,0,0,0,0,0,0,3
975221,2904,2747,2957,2625,2459,0,0,0,0,0,0,0,0,3
975255,2912,2740,2970,2619,2449,0,0,0,0,0,0,0,0,3
975266,2906,2740,2960,2605,2452,0,0,0,0,0,0,0,0,3
975300,2898,2735,2961,2621,2445,0,0,0,0,0,0,0,0,3
975311,2905,2735,2970,2622,2447,0,0,0,0,0,0,0,0,3
975345,2902,2741,2966,2621,2463,0,0,0,0,0,0,0,0,3
975356,2901,2735,2963,2624,2445,0,0,0,0,0,0,0,0,3
975390,2901,2741,2964,2622,2452,0,0,0,0,0,0,0,0,3
975401,2904,2733,2960,2617,2441,0,0,0,0,0,0,0,0,3
975435,2912,2741,2969,2622,2455,0,0,0,0,0,0,0,0,3
975446,2901,2744,2976,2608,2443,0,0,0,0,0,0,0,0,3
975480,2904,2732,2959,2623,2444,0,0,0,0,0,0,0,0,3
975491,2903,2740,2958,2624,2446,0,0,0,0,0,0,0,0,3
975525,2898,2746,2968,2624,2447,0,0,0,0,0,0,0,0,3
975536,2902,2744,2958,2624,2440,0,0,0,0,0,0,0,0,3
975570,2905,2739,2960,2616,2453,0,0,0,0,0,0,0,0,3
975581,2899,2742,2972,2625,2449,0,0,0,0,0,0,0,0,3
975615,2904,2743,2961,2614,2458,0,0,0,0,0,0,0,0,3
975660,2897,2736,2951,2612,2454,0,0,0,0,0,0,0,0,3
975671,2904,2745,2968,2618,2452,0,0,0,0,0,0,0,0,3
975705,2920,2738,2968,2625,2455,0,0,0,0,0,0,0,0,3
975716,2912,2738,2959,2618,2435,0,0,0,0,0,0,0,0,3
975750,2904,2734,2968,2624,2448,0,0,0,0,0,0,0,0,3
975761,2901,2738,2957,2632,2444,0,0,0,0,0,0,0,0,3
975795,2904,2733,2963,2618,2443,0,0,0,0,0,0,0,0,3
975806,2902,2738,2961,2623,2444,0,0,0,0,0,0,0,0,3
975840,2902,2736,2962,2622,2446,0,0,0,0,0,0,0,0,3
975851,2898,2739,2957,2612,2436,0,0,0,0,0,0,0,0,3
975885,2904,2741,2965,2618,2452,0,0,0,0,0,0,0,0,3
975896,2910,2736,2972,2622,2437,0,0,0,0,0,0,0,0,3
975930,2901,2739,2955,2624,2441,0,0,0,0,0,0,0,0,3
975941,2901,2740,2973,2624,2448,0,0,0,0,0,0,0,0,3
975975,2901,2735,2964,2620,2455,0,0,0,0,0,0,0,0,3
975986,2906,2740,2968,2615,2449,0,0,0,0,0,0,0,0,3
976020,2895,2732,2943,2608,2443,0,0,0,0,0,0,0,0,3
976031,2899,2738,2959,2628,2435,0,0,0,0,0,0,0,0,3
976065,2915,2735,2959,2615,2450,0,0,0,0,0,0,0,0,3
976076,2898,2739,2958,2622,2462,0,0,0,0,0,0,0,0,3
976110,2898,2734,2963,2611,2448,0,0,0,0,0,0,0,0,3
976121,2902,2735,2961,2620,2436,0,0,0,0,0,0,0,0,3
976155,2903,2736,2963,2612,2430,0,0,0,0,0,0,0,0,3
976166,2902,2731,2965,2620,2462,0,0,0,0,0,0,0,0,3
976200,2901,2736,2961,2617,2457,0,0,0,0,0,0,0,0,3
976211,2908,2739,2968,2608,2440,0,0,0,0,0,0,0,0,3
976245,2901,2735,2968,2623,2443,0,0,0,0,0,0,0,0,3
976256,2904,2732,2965,2625,2445,0,0,0,0,0,0,0,0,3
976290,2891,2734,2949,2617,2452,0,0,0,0,0,0,0,0,3
976301,2896,2736,2967,2629,2468,0,0,0,0,0,0,0,0,3
976335,2913,2734,2968,2622,2455,0,0,0,0,0,0,0,0,3
976346,2902,2741,2964,2608,2448,0,0,0,0,0,0,0,0,3
976380,2908,2738,2964,2616,2453,0,0,0,0,0,0,0,0,3
976391,2904,2734,2966,2623,2464,0,0,0,0,0,0,0,0,3
976425,2905,2742,2971,2615,2454,0,0,0,0,0,0,0,0,3
976471,2901,2738,2957,2606,2453,0,0,0,0,0,0,0,0,3
976482,2899,2743,2960,2626,2450,0,0,0,0,0,0,0,0,3
976515,2900,2739,2964,2619,2458,0,0,0,0,0,0,0,0,3
976526,2904,2738,2961,2607,2463,0,0,0,0,0,0,0,0,3
976560,2900,2741,2954,2612,2432,0,0,0,0,0,0,0,0,3
976571,2906,2738,2962,2624,2453,0,0,0,0,0,0,0,0,3
976605,2911,2746,2960,2622,2447,0,0,0,0,0,0,0,0,3
976616,2894,2744,2967,2632,2451,0,0,0,0,0,0,0,0,3
976650,2908,2738,2977,2615,2451,0,0,0,0,0,0,0,0,3
976661,2895,2736,2959,2622,2447,0,0,0,0,0,0,0,0,3
976695,2904,2731,2967,2625,2438,0,0,0,0,0,0,0,0,3
976706,2901,2727,2959,2613,2442,0,0,0,0,0,0,0,0,3
976740,2904,2737,2960,2624,2446,0,0,0,0,0,0,0,0,3
976751,2907,2744,2963,2613,2445,0,0,0,0,0,0,0,0,3
976785,2912,2741,2964,2622,2456,0,0,0,0,0,0,0,0,3
976796,2911,2739,2965,2629,2459,0,0,0,0,0,0,0,0,3
976830,2894,2734,2961,2618,2442,0,0,0,0,0,0,0,0,3
976841,2912,2741,2963,2619,2448,0,0,0,0,0,0,0,0,3
976875,2908,2738,2962,2625,2447,0,0,0,0,0,0,0,0,3
976886,2903,2737,2961,2624,2449,0,0,0,0,0,0,0,0,3
976920,2895,2731,2959,2618,2440,0,0,0,0,0,0,0,0,3
976931,2903,2749,2969,2609,2454,0,0,0,0,0,0,0,0,3
976965,2905,2744,2976,2630,2453,0,0,0,0,0,0,0,0,3
976976,2912,2742,2964,2616,2442,0,0,0,0,0,0,0,0,3
977010,2900,2743,2967,2623,2459,0,0,0,0,0,0,0,0,3
977021,2898,2745,2958,2624,2452,0,0,0,0,0,0,0,0,3
977055,2912,2741,2966,2613,2462,0,0,0,0,0,0,0,0,3
977066,2908,2740,2976,2623,2455,0,0,0,0,0,0,0,0,3
977100,2890,2733,2961,2611,2447,0,0,0,0,0,0,0,0,3
977111,2905,2742,2963,2628,2460,0,0,0,0,0,0,0,0,3
977145,2909,2735,2962,2615,2442,0,0,0,0,0,0,0,0,3
977156,2905,2748,2966,2622,2463,0,0,0,0,0,0,0,0,3
977190,2902,2744,2966,2623,2460,0,0,0,0,0,0,0,0,3
977201,2907,2741,2969,2623,2446,0,0,0,0,0,0,0,0,3
977235,2913,2741,2961,2627,2445,0,0,0,0,0,0,0,0,3
977246,2908,2740,2959,2615,2453,0,0,0,0,0,0,0,0,3
977280,2912,2733,2960,2624,2451,0,0,0,0,0,0,0,0,3
977291,2905,2731,2969,2610,2447,0,0,0,0,0,0,0,0,3
977325,2903,2736,2962,2614,2447,0,0,0,0,0,0,0,0,3
977336,2908,2747,2964,2615,2451,0,0,0,0,0,0,0,0,3
977370,2906,2742,2966,2614,2441,0,0,0,0,0,0,0,0,3
977416,2901,2735,2966,2625,2460,0,0,0,0,0,0,0,0,3
977426,2908,2735,2964,2619,2453,0,0,0,0,0,0,0,0,3
977460,2907,2742,2959,2618,2458,0,0,0,0,0,0,0,0,3
977471,2904,2734,2963,2618,2452,0,0,0,0,0,0,0,0,3
977505,2908,2733,2968,2619,2455,0,0,0,0,0,0,0,0,3
977516,2908,2739,2968,2624,2462,0,0,0,0,0,0,0,0,3
977550,2905,2741,2965,2618,2463,0,0,0,0,0,0,0,0,3
977561,2903,2737,2961,2616,2454,0,0,0,0,0,0,0,0,3
977595,2899,2738,2968,2620,2465,0,0,0,0,0,0,0,0,3
977606,2908,2741,2965,2622,2447,0,0,0,0,0,0,0,0,3
977640,2898,2735,2956,2624,2450,0,0,0,0,0,0,0,0,3
977651,2904,2738,2968,2618,2444,0,0,0,0,0,0,0,0,3
977685,2910,2742,2965,2620,2448,0,0,0,0,0,0,0,0,3
977731,2902,2740,2960,2625,2454,0,0,0,0,0,0,0,0,3
977741,2908,2739,2964,2624,2458,0,0,0,0,0,0,0,0,3
977775,2901,2740,2960,2611,2449,0,0,0,0,0,0,0,0,3
977786,2902,2735,2967,2613,2448,0,0,0,0,0,0,0,0,3
977820,2914,2738,2971,2607,2449,0,0,0,0,0,0,0,0,3
977831,2904,2739,2965,2619,2448,0,0,0,0,0,0,0,0,3
977865,2909,2734,2962,2621,2457,0,0,0,0,0,0,0,0,3
977876,2903,2734,2959,2614,2446,0,0,0,0,0,0,0,0,3
977911,2903,2731,2956,2622,2433,0,0,0,0,0,0,0,0,3
977922,2908,2752,2961,2628,2472,0,0,0,0,0,0,0,0,3
978000,2905,2737,2962,2617,2453,0,0,0,0,0,0,0,0,3
978011,2904,2741,2958,2626,2461,0,0,0,0,0,0,0,0,3
978045,2906,2743,2963,2619,2452,0,0,0,0,0,0,0,0,3
978056,2915,2745,2961,2626,2457,0,0,0,0,0,0,0,0,3
978090,2911,2737,2961,2615,2467,0,0,0,0,0,0,0,0,3
978101,2895,2742,2966,2621,2457,0,0,0,0,0,0,0,0,3
978135,2916,2736,2964,2618,2448,0,0,0,0,0,0,0,0,3
978146,2907,2752,2966,2624,2452,0,0,0,0,0,0,0,0,3
978180,2905,2744,2961,2617,2445,0,0,0,0,0,0,0,0,3
978191,2908,2738,2965,2618,2449,0,0,0,0,0,0,0,0,3
978225,2904,2734,2957,2617,2448,0,0,0,0,0,0,0,0,3
978236,2911,2741,2967,2632,2447,0,0,0,0,0,0,0,0,3
978270,2902,2727,2960,2614,2452,0,0,0,0,0,0,0,0,3
978281,2909,2731,2958,2627,2456,0,0,0,0,0,0,0,0,3
978315,2913,2738,2963,2611,2464,0,0,0,0,0,0,0,0,3
978361,2907,2740,2972,2632,2455,0,0,0,0,0,0,0,0,3
978371,2909,2730,2959,2632,2457,0,0,0,0,0,0,0,0,3
978405,2910,2740,2964,2619,2452,0,0,0,0,0,0,0,0,3
978416,2895,2737,2964,2615,2458,0,0,0,0,0,0,0,0,3
978450,2912,2738,2951,2618,2462,0,0,0,0,0,0,0,0,3
978461,2908,2731,2959,2625,2457,0,0,0,0,0,0,0,0,3
978495,2910,2741,2959,2620,2449,0,0,0,0,0,0,0,0,3
978506,2902,2740,2956,2616,2461,0,0,0,0,0,0,0,0,3
978540,2906,2742,2961,2630,2463,0,0,0,0,0,0,0,0,3
978551,2911,2743,2961,2623,2454,0,0,0,0,0,0,0,0,3
978585,2907,2745,2968,2632,2457,0,0,0,0,0,0,0,0,3
978596,2903,2736,2965,2629,2455,0,0,0,0,0,0,0,0,3
978630,2912,2737,2966,2624,2440,0,0,0,0,0,0,0,0,3
978641,2898,2744,2964,2628,2445,0,0,0,0,0,0,0,0,3
978675,2906,2731,2968,2616,2440,0,0,0,0,0,0,0,0,3
978686,2912,2736,2959,2617,2446,0,0,0,0,0,0,0,0,3
978720,2903,2735,2964,2632,2447,0,0,0,0,0,0,0,0,3
978731,2909,2736,2962,2621,2453,0,0,0,0,0,0,0,0,3
978765,2911,2740,2959,2625,2450,0,0,0,0,0,0,0,0,3
978776,2900,2737,2971,2617,2435,0,0,0,0,0,0,0,0,3
978810,2900,2739,2960,2629,2451,0,0,0,0,0,0,0,0,3
978821,2906,2746,2968,2626,2449,0,0,0,0,0,0,0,0,3
978855,2916,2740,2963,2624,2455,0,0,0,0,0,0,0,0,3
978866,2900,2744,2955,2624,2464,0,0,0,0,0,0,0,0,3
978900,2905,2746,2970,2629,2445,0,0,0,0,0,0,0,0,3
978911,2898,2746,2959,2620,2448,0,0,0,0,0,0,0,0,3
978945,2905,2736,2965,2619,2460,0,0,0,0,0,0,0,0,3
978956,2904,2739,2951,2618,2436,0,0,0,0,0,0,0,0,3
978990,2907,2737,2960,2607,2452,0,0,0,0,0,0,0,0,3
979001,2902,2731,2959,2621,2455,0,0,0,0,0,0,0,0,3
979035,2911,2749,2962,2626,2456,0,0,0,0,0,0,0,0,3
979046,2911,2744,2959,2624,2446,0,0,0,0,0,0,0,0,3
979080,2913,2743,2965,2619,2447,0,0,0,0,0,0,0,0,3
979091,2908,2737,2957,2626,2444,0,0,0,0,0,0,0,0,3
979125,2912,2735,2962,2624,2451,0,0,0,0,0,0,0,0,3
979136,2909,2748,2968,2615,2455,0,0,0,0,0,0,0,0,3
979170,2903,2742,2960,2625,2455,0,0,0,0,0,0,0,0,3
979181,2906,2743,2956,2613,2445,0,0,0,0,0,0,0,0,3
979215,2902,2736,2967,2625,2453,0,0,0,0,0,0,0,0,3
979226,2908,2745,2956,2622,2449,0,0,0,0,0,0,0,0,3
979260,2903,2735,2963,2620,2462,0,0,0,0,0,0,0,0,3
979271,2905,2734,2961,2607,2447,0,0,0,0,0,0,0,0,3
979305,2906,2727,2972,2625,2450,0,0,0,0,0,0,0,0,3
979316,2907,2745,2961,2619,2462,0,0,0,0,0,0,0,0,3
979350,2909,2744,2953,2622,2450,0,0,0,0,0,0,0,0,3
979361,2911,2738,2963,2621,2450,0,0,0,0,0,0,0,0,3
979395,2901,2740,2961,2615,2460,0,0,0,0,0,0,0,0,3
979441,2899,2736,2961,2624,2463,0,0,0,0,0,0,0,0,3
979452,2914,2741,2953,2627,2466,0,0,0,0,0,0,0,0,3
979485,2910,2742,2957,2624,2458,0,0,0,0,0,0,0,0,3
979496,2904,2743,2957,2626,2442,0,0,0,0,0,0,0,0,3
979530,2910,2743,2969,2622,2456,0,0,0,0,0,0,0,0,3
979541,2903,2734,2964,2621,2440,0,0,0,0,0,0,0,0,3
979575,2899,2740,2954,2617,2474,0,0,0,0,0,0,0,0,3
979586,2906,2740,2963,2624,2448,0,0,0,0,0,0,0,0,3
979620,2910,2738,2959,2634,2462,0,0,0,0,0,0,0,0,3
979631,2911,2740,2960,2626,2455,0,0,0,0,0,0,0,0,3
979665,2916,2748,2962,2619,2450,0,0,0,0,0,0,0,0,3
979676,2903,2738,2967,2611,2448,0,0,0,0,0,0,0,0,3
979710,2902,2740,2968,2617,2441,0,0,0,0,0,0,0,0,3
979721,2900,2750,2958,2624,2457,0,0,0,0,0,0,0,0,3
979755,2908,2729,2951,2615,2449,0,0,0,0,0,0,0,0,3
979766,2912,2743,2967,2617,2455,0,0,0,0,0,0,0,0,3
979800,2885,2736,2962,2623,2454,0,0,0,0,0,0,0,0,3
979811,2908,2735,2966,2613,2448,0,0,0,0,0,0,0,0,3
979845,2904,2732,2968,2620,2450,0,0,0,0,0,0,0,0,3
979856,2904,2745,2958,2624,2462,0,0,0,0,0,0,0,0,3
979890,2901,2735,2960,2626,2460,0,0,0,0,0,0,0,0,3
979901,2910,2737,2964,2627,2453,0,0,0,0,0,0,0,0,3
979935,2912,2735,2968,2615,2459,0,0,0,0,0,0,0,0,3
979946,2913,2741,2969,2619,2463,0,0,0,0,0,0,0,0,3
979980,2910,2746,2966,2615,2469,0,0,0,0,0,0,0,0,3
979991,2908,2740,2949,2620,2447,0,0,0,0,0,0,0,0,3
980025,2901,2731,2955,2615,2459,0,0,0,0,0,0,0,0,3
980036,2895,2728,2960,2616,2463,0,0,0,0,0,0,0,0,3
980070,2909,2740,2969,2627,2444,0,0,0,0,0,0,0,0,3
980081,2907,2740,2961,2617,2452,0,0,0,0,0,0,0,0,3
980115,2908,2738,2961,2614,2444,0,0,0,0,0,0,0,0,3
980126,2902,2744,2962,2618,2472,0,0,0,0,0,0,0,0,3
980160,2901,2744,2959,2616,2443,0,0,0,0,0,0,0,0,3
980171,2906,2736,2962,2615,2443,0,0,0,0,0,0,0,0,3
980205,2902,2723,2954,2607,2458,0,0,0,0,0,0,0,0,3
980216,2913,2737,2954,2615,2439,0,0,0,0,0,0,0,0,3
980250,2907,2744,2963,2615,2454,0,0,0,0,0,0,0,0,3
980261,2900,2735,2968,2614,2447,0,0,0,0,0,0,0,0,3
980295,2928,2737,2968,2623,2453,0,0,0,0,0,0,0,0,3
980306,2910,2736,2973,2624,2444,0,0,0,0,0,0,0,0,3
980340,2912,2742,2962,2617,2450,0,0,0,0,0,0,0,0,3
980351,2904,2745,2964,2625,2451,0,0,0,0,0,0,0,0,3
980385,2904,2730,2961,2606,2459,0,0,0,0,0,0,0,0,3
980396,2895,2742,2962,2612,2449,0,0,0,0,0,0,0,0,3
980430,2912,2736,2964,2616,2458,0,0,0,0,0,0,0,0,3
980441,2904,2737,2961,2618,2450,0,0,0,0,0,0,0,0,3
989970,2467,2752,2966,2948,2795,0,0,0,0,0,0,0,0,4
989981,2470,2759,2976,2943,2799,0,0,0,0,0,0,0,0,4
990015,2456,2754,2971,2947,2802,0,0,0,0,0,0,0,0,4
990026,2464,2765,2967,2960,2809,0,0,0,0,0,0,0,0,4
990060,2468,2751,2971,2952,2798,0,0,0,0,0,0,0,0,4
990071,2474,2757,2969,2943,2800,0,0,0,0,0,0,0,0,4
990105,2468,2760,2965,2946,2797,0,0,0,0,0,0,0,0,4
990116,2471,2761,2971,2950,2795,0,0,0,0,0,0,0,0,4
990150,2471,2751,2968,2953,2805,0,0,0,0,0,0,0,0,4
990161,2462,2760,2976,2952,2801,0,0,0,0,0,0,0,0,4
990196,2459,2756,2964,2946,2794,0,0,0,0,0,0,0,0,4
990206,2464,2744,2960,2953,2801,0,0,0,0,0,0,0,0,4
990240,2470,2750,2964,2946,2801,0,0,0,0,0,0,0,0,4
990251,2470,2753,2962,2949,2810,0,0,0,0,0,0,0,0,4
990285,2466,2755,2967,2946,2796,0,0,0,0,0,0,0,0,4
990296,2463,2743,2967,2960,2794,0,0,0,0,0,0,0,0,4
990330,2470,2751,2968,2949,2796,0,0,0,0,0,0,0,0,4
990341,2459,2754,2967,2952,2800,0,0,0,0,0,0,0,0,4
990375,2461,2735,2967,2937,2798,0,0,0,0,0,0,0,0,4
990386,2475,2760,2976,2953,2785,0,0,0,0,0,0,0,0,4
990420,2467,2755,2971,2959,2798,0,0,0,0,0,0,0,0,4
990431,2467,2753,2974,2953,2797,0,0,0,0,0,0,0,0,4
990465,2469,2756,2964,2947,2817,0,0,0,0,0,0,0,0,4
990476,2459,2758,2966,2953,2798,0,0,0,0,0,0,0,0,4
990510,2467,2749,2978,2952,2806,0,0,0,0,0,0,0,0,4
990521,2465,2752,2965,2941,2793,0,0,0,0,0,0,0,0,4
990555,2465,2749,2976,2948,2806,0,0,0,0,0,0,0,0,4
990566,2467,2750,2970,2952,2797,0,0,0,0,0,0,0,0,4
990601,2480,2751,2968,2952,2811,0,0,0,0,0,0,0,0,4
990611,2468,2747,2969,2946,2798,0,0,0,0,0,0,0,0,4
990645,2459,2752,2960,2942,2798,0,0,0,0,0,0,0,0,4
990656,2452,2758,2968,2953,2801,0,0,0,0,0,0,0,0,4
990690,2459,2742,2964,2950,2792,0,0,0,0,0,0,0,0,4
990701,2482,2752,2971,2960,2801,0,0,0,0,0,0,0,0,4
990735,2470,2743,2967,2939,2800,0,0,0,0,0,0,0,0,4
990746,2474,2752,2968,2952,2801,0,0,0,0,0,0,0,0,4
990780,2455,2766,2976,2949,2798,0,0,0,0,0,0,0,0,4
990791,2472,2750,2976,2943,2805,0,0,0,0,0,0,0,0,4
990826,2465,2756,2966,2951,2795,0,0,0,0,0,0,0,0,4
990837,2467,2741,2967,2948,2802,0,0,0,0,0,0,0,0,4
990870,2475,2749,2959,2953,2798,0,0,0,0,0,0,0,0,4
990881,2466,2755,2975,2960,2783,0,0,0,0,0,0,0,0,4
990915,2477,2756,2969,2949,2794,0,0,0,0,0,0,0,0,4
990926,2482,2751,2965,2943,2800,0,0,0,0,0,0,0,0,4
990960,2480,2752,2965,2954,2783,0,0,0,0,0,0,0,0,4
990971,2474,2754,2969,2948,2794,0,0,0,0,0,0,0,0,4
991005,2485,2746,2964,2949,2804,0,0,0,0,0,0,0,0,4
991016,2475,2761,2964,2948,2796,0,0,0,0,0,0,0,0,4
991050,2469,2743,2969,2952,2799,0,0,0,0,0,0,0,0,4
991061,2478,2750,2969,2952,2800,0,0,0,0,0,0,0,0,4
991095,2472,2760,2967,2953,2798,0,0,0,0,0,0,0,0,4
991106,2480,2757,2971,2950,2798,0,0,0,0,0,0,0,0,4
991140,2468,2764,2965,2949,2794,0,0,0,0,0,0,0,0,4
991151,2477,2747,2971,2943,2796,0,0,0,0,0,0,0,0,4
991185,2472,2746,2968,2950,2803,0,0,0,0,0,0,0,0,4
991196,2470,2746,2966,2945,2796,0,0,0,0,0,0,0,0,4
991230,2467,2747,2957,2951,2799,0,0,0,0,0,0,0,0,4
991276,2481,2751,2970,2954,2809,0,0,0,0,0,0,0,0,4
991286,2471,2756,2966,2949,2798,0,0,0,0,0,0,0,0,4
991320,2477,2739,2968,2952,2800,0,0,0,0,0,0,0,0,4
991331,2484,2744,2967,2953,2796,0,0,0,0,0,0,0,0,4
991367,2479,2753,2960,2946,2784,0,0,0,0,0,0,0,0,4
991377,2488,2752,2969,2950,2796,0,0,0,0,0,0,0,0,4
991410,2482,2750,2976,2950,2795,0,0,0,0,0,0,0,0,4
991421,2468,2749,2972,2951,2794,0,0,0,0,0,0,0,0,4
991455,2472,2751,2965,2951,2795,0,0,0,0,0,0,0,0,4
991466,2482,2752,2969,2945,2795,0,0,0,0,0,0,0,0,4
991500,2483,2741,2970,2952,2793,0,0,0,0,0,0,0,0,4
991511,2492,2754,2968,2949,2791,0,0,0,0,0,0,0,0,4
991547,2482,2751,2966,2941,2791,0,0,0,0,0,0,0,0,4
991557,2488,2746,2963,2947,2798,0,0,0,0,0,0,0,0,4
991590,2470,2746,2972,2942,2794,0,0,0,0,0,0,0,0,4
991601,2488,2747,2976,2948,2798,0,0,0,0,0,0,0,0,4
991635,2478,2751,2963,2946,2796,0,0,0,0,0,0,0,0,4
991646,2482,2764,2972,2946,2798,0,0,0,0,0,0,0,0,4
991680,2490,2760,2966,2957,2806,0,0,0,0,0,0,0,0,4
991726,2473,2760,2965,2950,2787,0,0,0,0,0,0,0,0,4
991736,2472,2754,2967,2951,2795,0,0,0,0,0,0,0,0,4
991770,2472,2752,2955,2950,2808,0,0,0,0,0,0,0,0,4
991781,2477,2755,2967,2949,2787,0,0,0,0,0,0,0,0,4
991815,2496,2752,2969,2947,2798,0,0,0,0,0,0,0,0,4
991826,2482,2755,2966,2950,2794,0,0,0,0,0,0,0,0,4
991860,2484,2751,2961,2950,2799,0,0,0,0,0,0,0,0,4
991871,2491,2751,2971,2950,2804,0,0,0,0,0,0,0,0,4
991905,2479,2752,2965,2951,2801,0,0,0,0,0,0,0,0,4
991916,2478,2743,2966,2944,2792,0,0,0,0,0,0,0,0,4
991950,2471,2750,2965,2951,2797,0,0,0,0,0,0,0,0,4
991961,2478,2751,2965,2949,2796,0,0,0,0,0,0,0,0,4
991995,2485,2760,2967,2949,2797,0,0,0,0,0,0,0,0,4
992006,2478,2758,2974,2945,2803,0,0,0,0,0,0,0,0,4
992040,2485,2753,2973,2953,2805,0,0,0,0,0,0,0,0,4
992051,2484,2750,2967,2956,2792,0,0,0,0,0,0,0,0,4
992085,2480,2751,2961,2956,2797,0,0,0,0,0,0,0,0,4
992096,2477,2756,2969,2946,2804,0,0,0,0,0,0,0,0,4
992130,2488,2751,2961,2941,2792,0,0,0,0,0,0,0,0,4
992176,2476,2749,2966,2950,2792,0,0,0,0,0,0,0,0,4
992186,2477,2755,2959,2956,2792,0,0,0,0,0,0,0,0,4
992220,2476,2758,2963,2949,2804,0,0,0,0,0,0,0,0,4
992231,2489,2750,2969,2954,2800,0,0,0,0,0,0,0,0,4
992265,2484,2764,2970,2950,2806,0,0,0,0,0,0,0,0,4
992276,2479,2746,2969,2956,2786,0,0,0,0,0,0,0,0,4
992310,2480,2757,2965,2947,2801,0,0,0,0,0,0,0,0,4
992321,2479,2758,2964,2951,2804,0,0,0,0,0,0,0,0,4
992355,2484,2751,2970,2951,2796,0,0,0,0,0,0,0,0,4
992400,2484,2735,2963,2952,2800,0,0,0,0,0,0,0,0,4
992411,2486,2755,2965,2946,2796,0,0,0,0,0,0,0,0,4
992445,2484,2757,2967,2956,2797,0,0,0,0,0,0,0,0,4
992456,2487,2749,2972,2951,2791,0,0,0,0,0,0,0,0,4
992490,2472,2746,2974,2947,2789,0,0,0,0,0,0,0,0,4
992501,2472,2748,2964,2948,2786,0,0,0,0,0,0,0,0,4
992535,2490,2753,2955,2951,2789,0,0,0,0,0,0,0,0,4
992546,2480,2747,2984,2947,2785,0,0,0,0,0,0,0,0,4
992580,2475,2752,2969,2946,2803,0,0,0,0,0,0,0,0,4
992626,2486,2744,2965,2950,2787,0,0,0,0,0,0,0,0,4
992636,2488,2750,2968,2943,2791,0,0,0,0,0,0,0,0,4
992670,2489,2760,2970,2944,2792,0,0,0,0,0,0,0,0,4
992681,2487,2760,2961,2952,2795,0,0,0,0,0,0,0,0,4
992715,2488,2758,2968,2952,2803,0,0,0,0,0,0,0,0,4
992726,2486,2753,2958,2945,2794,0,0,0,0,0,0,0,0,4
992760,2482,2751,2964,2948,2795,0,0,0,0,0,0,0,0,4
992771,2481,2751,2965,2951,2783,0,0,0,0,0,0,0,0,4
992805,2492,2760,2975,2948,2803,0,0,0,0,0,0,0,0,4
992816,2492,2764,2970,2944,2794,0,0,0,0,0,0,0,0,4
992850,2485,2754,2966,2956,2791,0,0,0,0,0,0,0,0,4
992861,2484,2752,2976,2952,2797,0,0,0,0,0,0,0,0,4
992895,2485,2743,2965,2952,2804,0,0,0,0,0,0,0,0,4
992906,2487,2745,2966,2945,2784,0,0,0,0,0,0,0,0,4
992940,2481,2758,2967,2950,2800,0,0,0,0,0,0,0,0,4
992951,2468,2752,2972,2949,2807,0,0,0,0,0,0,0,0,4
992985,2479,2749,2970,2950,2800,0,0,0,0,0,0,0,0,4
992996,2492,2751,2965,2954,2806,0,0,0,0,0,0,0,0,4
993076,2474,2747,2960,2946,2786,0,0,0,0,0,0,0,0,4
993086,2476,2752,2967,2943,2796,0,0,0,0,0,0,0,0,4
993120,2484,2757,2970,2948,2781,0,0,0,0,0,0,0,0,4
993131,2477,2749,2967,2943,2793,0,0,0,0,0,0,0,0,4
993165,2488,2755,2965,2947,2793,0,0,0,0,0,0,0,0,4
993176,2481,2756,2964,2942,2777,0,0,0,0,0,0,0,0,4
993210,2480,2756,2967,2942,2792,0,0,0,0,0,0,0,0,4
993255,2485,2756,2972,2948,2795,0,0,0,0,0,0,0,0,4
993266,2486,2755,2963,2948,2781,0,0,0,0,0,0,0,0,4
993300,2473,2750,2964,2947,2791,0,0,0,0,0,0,0,0,4
993311,2481,2754,2968,2945,2796,0,0,0,0,0,0,0,0,4
993345,2487,2761,2972,2942,2799,0,0,0,0,0,0,0,0,4
993356,2490,2762,2961,2952,2785,0,0,0,0,0,0,0,0,4
993390,2479,2753,2965,2944,2776,0,0,0,0,0,0,0,0,4
993401,2483,2744,2967,2945,2788,0,0,0,0,0,0,0,0,4
993435,2485,2765,2968,2951,2805,0,0,0,0,0,0,0,0,4
993446,2488,2761,2966,2938,2806,0,0,0,0,0,0,0,0,4
993480,2487,2756,2967,2949,2791,0,0,0,0,0,0,0,0,4
993490,2489,2753,2965,2947,2786,0,0,0,0,0,0,0,0,4
993525,2488,2756,2968,2951,2789,0,0,0,0,0,0,0,0,4
993536,2482,2749,2959,2945,2794,0,0,0,0,0,0,0,0,4
993570,2484,2751,2961,2945,2779,0,0,0,0,0,0,0,0,4
993581,2488,2756,2968,2945,2787,0,0,0,0,0,0,0,0,4
993615,2489,2751,2965,2938,2797,0,0,0,0,0,0,0,0,4
993626,2476,2750,2962,2946,2774,0,0,0,0,0,0,0,0,4
993660,2500,2757,2971,2945,2800,0,0,0,0,0,0,0,0,4
993671,2483,2752,2959,2943,2784,0,0,0,0,0,0,0,0,4
993705,2479,2749,2967,2943,2800,0,0,0,0,0,0,0,0,4
993716,2493,2743,2963,2951,2792,0,0,0,0,0,0,0,0,4
993750,2486,2744,2962,2944,2786,0,0,0,0,0,0,0,0,4
993761,2494,2755,2962,2950,2794,0,0,0,0,0,0,0,0,4
993795,2488,2750,2969,2950,2799,0,0,0,0,0,0,0,0,4
993806,2475,2749,2968,2944,2797,0,0,0,0,0,0,0,0,4
993840,2482,2758,2958,2943,2792,0,0,0,0,0,0,0,0,4
993851,2476,2756,2968,2953,2799,0,0,0,0,0,0,0,0,4
993885,2489,2752,2976,2937,2793,0,0,0,0,0,0,0,0,4
993896,2489,2751,2959,2947,2787,0,0,0,0,0,0,0,0,4
993930,2488,2743,2968,2950,2802,0,0,0,0,0,0,0,0,4
993941,2484,2750,2967,2946,2791,0,0,0,0,0,0,0,0,4
993975,2483,2747,2959,2944,2807,0,0,0,0,0,0,0,0,4
994021,2492,2746,2972,2950,2792,0,0,0,0,0,0,0,0,4
994031,2493,2747,2967,2945,2791,0,0,0,0,0,0,0,0,4
994065,2491,2755,2965,2953,2794,0,0,0,0,0,0,0,0,4
994076,2496,2759,2959,2947,2800,0,0,0,0,0,0,0,0,4
994110,2488,2752,2957,2942,2783,0,0,0,0,0,0,0,0,4
994120,2487,2747,2970,2950,2793,0,0,0,0,0,0,0,0,4
994157,2487,2743,2965,2937,2791,0,0,0,0,0,0,0,0,4
994201,2479,2743,2962,2948,2795,0,0,0,0,0,0,0,0,4
994212,2489,2754,2957,2947,2784,0,0,0,0,0,0,0,0,4
994245,2490,2754,2959,2944,2787,0,0,0,0,0,0,0,0,4
994256,2482,2751,2968,2952,2787,0,0,0,0,0,0,0,0,4
994290,2490,2760,2976,2952,2794,0,0,0,0,0,0,0,0,4
994301,2491,2753,2965,2956,2805,0,0,0,0,0,0,0,0,4
994335,2482,2741,2965,2943,2791,0,0,0,0,0,0,0,0,4
994346,2485,2753,2969,2948,2798,0,0,0,0,0,0,0,0,4
994380,2480,2749,2945,2935,2786,0,0,0,0,0,0,0,0,4
994391,2494,2760,2966,2940,2796,0,0,0,0,0,0,0,0,4
994425,2486,2747,2959,2957,2798,0,0,0,0,0,0,0,0,4
994436,2481,2756,2968,2946,2787,0,0,0,0,0,0,0,0,4
994470,2488,2747,2967,2952,2783,0,0,0,0,0,0,0,0,4
994480,2490,2759,2967,2942,2795,0,0,0,0,0,0,0,0,4
994517,2491,2756,2961,2943,2796,0,0,0,0,0,0,0,0,4
994527,2485,2754,2964,2947,2800,0,0,0,0,0,0,0,0,4
994560,2488,2752,2951,2940,2779,0,0,0,0,0,0,0,0,4
994571,2487,2747,2970,2945,2779,0,0,0,0,0,0,0,0,4
994605,2487,2757,2976,2947,2795,0,0,0,0,0,0,0,0,4
994652,2492,2755,2965,2944,2788,0,0,0,0,0,0,0,0,4
994662,2503,2751,2965,2948,2787,0,0,0,0,0,0,0,0,4
994696,2496,2755,2968,2942,2797,0,0,0,0,0,0,0,0,4
994706,2495,2754,2961,2947,2793,0,0,0,0,0,0,0,0,4
994740,2487,2768,2969,2935,2797,0,0,0,0,0,0,0,0,4
994751,2493,2749,2963,2944,2793,0,0,0,0,0,0,0,0,4
994785,2490,2750,2968,2944,2791,0,0,0,0,0,0,0,0,4
994796,2483,2763,2963,2944,2804,0,0,0,0,0,0,0,0,4
994830,2483,2751,2965,2940,2790,0,0,0,0,0,0,0,0,4
994841,2476,2755,2957,2952,2777,0,0,0,0,0,0,0,0,4
994875,2488,2751,2965,2947,2775,0,0,0,0,0,0,0,0,4
994886,2496,2756,2963,2944,2803,0,0,0,0,0,0,0,0,4
994920,2490,2752,2964,2941,2788,0,0,0,0,0,0,0,0,4
994931,2485,2755,2960,2946,2786,0,0,0,0,0,0,0,0,4
994965,2488,2756,2964,2943,2794,0,0,0,0,0,0,0,0,4
994976,2489,2751,2961,2944,2792,0,0,0,0,0,0,0,0,4
995010,2479,2744,2962,2936,2783,0,0,0,0,0,0,0,0,4
995021,2491,2753,2963,2939,2793,0,0,0,0,0,0,0,0,4
995055,2482,2752,2959,2952,2794,0,0,0,0,0,0,0,0,4
995066,2490,2747,2967,2948,2794,0,0,0,0,0,0,0,0,4
995100,2487,2750,2968,2944,2787,0,0,0,0,0,0,0,0,4
995111,2496,2752,2964,2952,2790,0,0,0,0,0,0,0,0,4
995145,2500,2754,2970,2946,2797,0,0,0,0,0,0,0,0,4
995156,2496,2756,2968,2939,2792,0,0,0,0,0,0,0,0,4
995190,2497,2752,2966,2946,2797,0,0,0,0,0,0,0,0,4
995201,2490,2749,2966,2945,2783,0,0,0,0,0,0,0,0,4
995235,2495,2744,2969,2949,2802,0,0,0,0,0,0,0,0,4
995246,2499,2744,2970,2946,2803,0,0,0,0,0,0,0,0,4
995280,2486,2737,2959,2938,2776,0,0,0,0,0,0,0,0,4
995291,2481,2749,2961,2938,2791,0,0,0,0,0,0,0,0,4
995325,2490,2756,2961,2950,2787,0,0,0,0,0,0,0,0,4
995336,2493,2751,2972,2947,2796,0,0,0,0,0,0,0,0,4
995370,2484,2759,2959,2937,2798,0,0,0,0,0,0,0,0,4
995381,2497,2752,2967,2944,2792,0,0,0,0,0,0,0,0,4
995415,2495,2755,2970,2936,2797,0,0,0,0,0,0,0,0,4
995426,2495,2735,2963,2938,2790,0,0,0,0,0,0,0,0,4
995460,2484,2740,2963,2938,2791,0,0,0,0,0,0,0,0,4
995471,2503,2754,2968,2942,2791,0,0,0,0,0,0,0,0,4
995505,2494,2754,2970,2949,2795,0,0,0,0,0,0,0,0,4
995516,2493,2749,2960,2941,2800,0,0,0,0,0,0,0,0,4
995550,2496,2766,2971,2949,2790,0,0,0,0,0,0,0,0,4
995596,2492,2753,2964,2943,2797,0,0,0,0,0,0,0,0,4
995606,2487,2757,2959,2942,2788,0,0,0,0,0,0,0,0,4
995640,2485,2744,2965,2940,2783,0,0,0,0,0,0,0,0,4
995651,2488,2750,2968,2948,2787,0,0,0,0,0,0,0,0,4
995685,2488,2752,2968,2941,2787,0,0,0,0,0,0,0,0,4
995696,2500,2758,2968,2940,2808,0,0,0,0,0,0,0,0,4
995730,2499,2747,2969,2940,2798,0,0,0,0,0,0,0,0,4
995741,2495,2752,2976,2948,2799,0,0,0,0,0,0,0,0,4
995775,2496,2759,2957,2948,2802,0,0,0,0,0,0,0,0,4
995786,2495,2754,2966,2943,2792,0,0,0,0,0,0,0,0,4
995820,2494,2753,2971,2944,2789,0,0,0,0,0,0,0,0,4
995831,2504,2752,2970,2944,2788,0,0,0,0,0,0,0,0,4
995865,2503,2753,2973,2945,2792,0,0,0,0,0,0,0,0,4
995876,2496,2749,2966,2941,2801,0,0,0,0,0,0,0,0,4
995910,2491,2752,2965,2938,2796,0,0,0,0,0,0,0,0,4
995921,2506,2754,2966,2944,2783,0,0,0,0,0,0,0,0,4
995955,2491,2750,2970,2946,2800,0,0,0,0,0,0,0,0,4
995966,2496,2747,2958,2943,2795,0,0,0,0,0,0,0,0,4
996000,2502,2755,2964,2936,2784,0,0,0,0,0,0,0,0,4
996011,2496,2754,2961,2938,2786,0,0,0,0,0,0,0,0,4
996045,2504,2758,2968,2934,2795,0,0,0,0,0,0,0,0,4
996055,2494,2747,2967,2945,2792,0,0,0,0,0,0,0,0,4
996090,2489,2752,2955,2945,2788,0,0,0,0,0,0,0,0,4
996101,2491,2751,2966,2949,2790,0,0,0,0,0,0,0,0,4
996135,2491,2754,2968,2942,2807,0,0,0,0,0,0,0,0,4
996145,2489,2752,2972,2948,2786,0,0,0,0,0,0,0,0,4
996180,2499,2761,2963,2944,2798,0,0,0,0,0,0,0,0,4
996226,2500,2753,2971,2940,2791,0,0,0,0,0,0,0,0,4
996236,2496,2759,2968,2942,2785,0,0,0,0,0,0,0,0,4
996270,2491,2751,2969,2945,2795,0,0,0,0,0,0,0,0,4
996281,2497,2747,2967,2942,2776,0,0,0,0,0,0,0,0,4
996315,2493,2747,2965,2945,2798,0,0,0,0,0,0,0,0,4
996326,2487,2743,2968,2939,2808,0,0,0,0,0,0,0,0,4
996360,2492,2758,2968,2941,2793,0,0,0,0,0,0,0,0,4
996371,2502,2743,2964,2945,2799,0,0,0,0,0,0,0,0,4
996405,2496,2759,2969,2940,2777,0,0,0,0,0,0,0,0,4
996416,2503,2748,2971,2944,2795,0,0,0,0,0,0,0,0,4
996450,2486,2755,2971,2951,2795,0,0,0,0,0,0,0,0,4
996460,2493,2756,2969,2946,2802,0,0,0,0,0,0,0,0,4
996495,2502,2752,2963,2946,2783,0,0,0,0,0,0,0,0,4
996506,2487,2752,2969,2939,2786,0,0,0,0,0,0,0,0,4
996540,2503,2749,2971,2935,2794,0,0,0,0,0,0,0,0,4
996550,2498,2759,2964,2935,2795,0,0,0,0,0,0,0,0,4
996585,2491,2760,2971,2948,2787,0,0,0,0,0,0,0,0,4
996596,2505,2755,2971,2949,2808,0,0,0,0,0,0,0,0,4
996630,2492,2747,2963,2946,2782,0,0,0,0,0,0,0,0,4
996640,2496,2745,2972,2938,2795,0,0,0,0,0,0,0,0,4
996675,2489,2753,2959,2939,2786,0,0,0,0,0,0,0,0,4
996686,2487,2745,2969,2950,2802,0,0,0,0,0,0,0,0,4
996720,2496,2742,2966,2939,2790,0,0,0,0,0,0,0,0,4
996730,2494,2749,2957,2944,2788,0,0,0,0,0,0,0,0,4
996765,2502,2763,2967,2939,2793,0,0,0,0,0,0,0,0,4
996776,2507,2756,2968,2939,2797,0,0,0,0,0,0,0,0,4
996810,2495,2760,2967,2948,2796,0,0,0,0,0,0,0,0,4
996820,2496,2755,2969,2946,2798,0,0,0,0,0,0,0,0,4
996856,2487,2749,2963,2941,2789,0,0,0,0,0,0,0,0,4
996866,2496,2754,2971,2948,2799,0,0,0,0,0,0,0,0,4
996900,2498,2744,2969,2946,2794,0,0,0,0,0,0,0,0,4
996911,2489,2748,2955,2939,2780,0,0,0,0,0,0,0,0,4
996945,2495,2758,2962,2939,2792,0,0,0,0,0,0,0,0,4
996955,2508,2748,2962,2940,2796,0,0,0,0,0,0,0,0,4
996990,2502,2748,2970,2944,2791,0,0,0,0,0,0,0,0,4
1028580,2845,2716,2984,2972,2790,0,0,0,0,0,0,0,0,5
1028590,2841,2713,2973,2967,2790,0,0,0,0,0,0,0,0,5
1028625,2850,2699,2980,2967,2804,0,0,0,0,0,0,0,0,5
1028635,2856,2702,2979,2968,2789,0,0,0,0,0,0,0,0,5
1028670,2844,2707,2981,2976,2796,0,0,0,0,0,0,0,0,5
1028680,2853,2701,2980,2971,2795,0,0,0,0,0,0,0,0,5
1028715,2843,2704,2983,2970,2788,0,0,0,0,0,0,0,0,5
1028725,2845,2699,2985,2971,2799,0,0,0,0,0,0,0,0,5
1028760,2849,2701,2978,2961,2789,0,0,0,0,0,0,0,0,5
1028770,2848,2703,2982,2967,2794,0,0,0,0,0,0,0,0,5
1028805,2853,2704,2975,2968,2798,0,0,0,0,0,0,0,0,5
1028815,2845,2703,2985,2963,2790,0,0,0,0,0,0,0,0,5
1028850,2855,2697,2975,2970,2807,0,0,0,0,0,0,0,0,5
1028860,2850,2701,2975,2973,2800,0,0,0,0,0,0,0,0,5
1028895,2847,2696,2989,2971,2789,0,0,0,0,0,0,0,0,5
1028905,2860,2695,2986,2964,2804,0,0,0,0,0,0,0,0,5
1028940,2854,2696,2982,2971,2798,0,0,0,0,0,0,0,0,5
1028950,2854,2699,2989,2969,2793,0,0,0,0,0,0,0,0,5
1028985,2847,2693,2987,2966,2789,0,0,0,0,0,0,0,0,5
1029031,2850,2693,2981,2972,2795,0,0,0,0,0,0,0,0,5
1029041,2848,2689,2985,2971,2775,0,0,0,0,0,0,0,0,5
1029075,2849,2701,2992,2969,2794,0,0,0,0,0,0,0,0,5
1029085,2856,2694,2985,2976,2802,0,0,0,0,0,0,0,0,5
1029120,2853,2696,2991,2973,2800,0,0,0,0,0,0,0,0,5
1029130,2848,2698,2988,2971,2799,0,0,0,0,0,0,0,0,5
1029210,2852,2696,2985,2969,2793,0,0,0,0,0,0,0,0,5
1029220,2849,2682,2984,2976,2798,0,0,0,0,0,0,0,0,5
1029255,2850,2693,2981,2975,2800,0,0,0,0,0,0,0,0,5
1029265,2856,2689,2984,2967,2780,0,0,0,0,0,0,0,0,5
1029300,2850,2696,2984,2968,2784,0,0,0,0,0,0,0,0,5
1029310,2853,2685,2977,2967,2800,0,0,0,0,0,0,0,0,5
1029345,2849,2679,2978,2967,2791,0,0,0,0,0,0,0,0,5
1029355,2847,2687,2984,2975,2792,0,0,0,0,0,0,0,0,5
1029390,2843,2690,2983,2972,2789,0,0,0,0,0,0,0,0,5
1029400,2848,2696,2984,2972,2790,0,0,0,0,0,0,0,0,5
1029435,2857,2689,2984,2971,2793,0,0,0,0,0,0,0,0,5
1029445,2848,2689,2981,2976,2794,0,0,0,0,0,0,0,0,5
1029480,2851,2681,2983,2966,2798,0,0,0,0,0,0,0,0,5
1029490,2860,2683,2980,2968,2789,0,0,0,0,0,0,0,0,5
1029525,2846,2696,2985,2975,2798,0,0,0,0,0,0,0,0,5
1029535,2852,2689,2979,2969,2800,0,0,0,0,0,0,0,0,5
1029570,2841,2688,2986,2964,2796,0,0,0,0,0,0,0,0,5
1029615,2844,2680,2975,2963,2800,0,0,0,0,0,0,0,0,5
1029625,2857,2681,2986,2965,2798,0,0,0,0,0,0,0,0,5
1029660,2849,2691,2988,2963,2794,0,0,0,0,0,0,0,0,5
1029670,2851,2687,2985,2969,2789,0,0,0,0,0,0,0,0,5
1029705,2852,2676,2974,2974,2805,0,0,0,0,0,0,0,0,5
1029715,2853,2690,2982,2971,2787,0,0,0,0,0,0,0,0,5
1029750,2854,2682,2984,2971,2804,0,0,0,0,0,0,0,0,5
1029760,2847,2667,2984,2967,2781,0,0,0,0,0,0,0,0,5
1029795,2845,2676,2984,2963,2793,0,0,0,0,0,0,0,0,5
1029805,2844,2678,2980,2977,2804,0,0,0,0,0,0,0,0,5
1029840,2853,2674,2979,2967,2784,0,0,0,0,0,0,0,0,5
1029850,2850,2678,2985,2967,2792,0,0,0,0,0,0,0,0,5
1029885,2853,2674,2982,2972,2794,0,0,0,0,0,0,0,0,5
1029895,2849,2665,2971,2972,2794,0,0,0,0,0,0,0,0,5
1029930,2846,2680,2978,2973,2783,0,0,0,0,0,0,0,0,5
1029940,2860,2662,2985,2959,2798,0,0,0,0,0,0,0,0,5
1029975,2859,2667,2987,2968,2795,0,0,0,0,0,0,0,0,5
1029985,2851,2680,2987,2970,2787,0,0,0,0,0,0,0,0,5
1030020,2849,2669,2982,2975,2789,0,0,0,0,0,0,0,0,5
1030030,2859,2671,2985,2976,2802,0,0,0,0,0,0,0,0,5
1030065,2852,2670,2986,2965,2797,0,0,0,0,0,0,0,0,5
1030075,2867,2677,2987,2977,2794,0,0,0,0,0,0,0,0,5
1030110,2855,2678,2984,2970,2804,0,0,0,0,0,0,0,0,5
1030120,2854,2675,2987,2979,2799,0,0,0,0,0,0,0,0,5
1030155,2853,2682,2982,2976,2789,0,0,0,0,0,0,0,0,5
1030165,2868,2680,2978,2974,2798,0,0,0,0,0,0,0,0,5
1030200,2852,2671,2975,2968,2786,0,0,0,0,0,0,0,0,5
1030210,2861,2683,2988,2972,2797,0,0,0,0,0,0,0,0,5
1030245,2861,2669,2982,2967,2796,0,0,0,0,0,0,0,0,5
1030255,2847,2667,2982,2977,2806,0,0,0,0,0,0,0,0,5
1030290,2853,2669,2985,2970,2782,0,0,0,0,0,0,0,0,5
1030300,2858,2682,2988,2972,2789,0,0,0,0,0,0,0,0,5
1030335,2865,2674,2975,2967,2794,0,0,0,0,0,0,0,0,5
1030345,2850,2676,2977,2978,2800,0,0,0,0,0,0,0,0,5
1030380,2857,2676,2983,2967,2795,0,0,0,0,0,0,0,0,5
1030390,2852,2671,2978,2963,2797,0,0,0,0,0,0,0,0,5
1030425,2856,2669,2984,2973,2802,0,0,0,0,0,0,0,0,5
1030435,2860,2674,2979,2963,2792,0,0,0,0,0,0,0,0,5
1030470,2852,2679,2984,2976,2795,0,0,0,0,0,0,0,0,5
1030480,2858,2680,2975,2973,2791,0,0,0,0,0,0,0,0,5
1030515,2850,2680,2980,2974,2797,0,0,0,0,0,0,0,0,5
1030525,2848,2674,2969,2971,2792,0,0,0,0,0,0,0,0,5
1030560,2846,2673,2978,2960,2773,0,0,0,0,0,0,0,0,5
1030570,2858,2680,2983,2963,2801,0,0,0,0,0,0,0,0,5
1030605,2852,2678,2969,2980,2790,0,0,0,0,0,0,0,0,5
1030615,2861,2676,2977,2978,2797,0,0,0,0,0,0,0,0,5
1030650,2855,2672,2976,2966,2797,0,0,0,0,0,0,0,0,5
1030660,2859,2675,2984,2976,2786,0,0,0,0,0,0,0,0,5
1030695,2853,2673,2979,2976,2784,0,0,0,0,0,0,0,0,5
1030705,2852,2663,2982,2970,2780,0,0,0,0,0,0,0,0,5
1030740,2847,2671,2984,2971,2788,0,0,0,0,0,0,0,0,5
1030751,2864,2671,2979,2976,2800,0,0,0,0,0,0,0,0,5
1030785,2852,2673,2981,2976,2781,0,0,0,0,0,0,0,0,5
1030795,2855,2682,2986,2973,2791,0,0,0,0,0,0,0,0,5
1030830,2847,2663,2973,2954,2792,0,0,0,0,0,0,0,0,5
1030876,2848,2684,2979,2972,2781,0,0,0,0,0,0,0,0,5
1030886,2860,2672,2982,2967,2789,0,0,0,0,0,0,0,0,5
1030920,2847,2674,2979,2973,2792,0,0,0,0,0,0,0,0,5
1030930,2850,2671,2977,2975,2793,0,0,0,0,0,0,0,0,5
1030965,2870,2674,2975,2972,2800,0,0,0,0,0,0,0,0,5
1030975,2861,2670,2978,2974,2791,0,0,0,0,0,0,0,0,5
1031010,2856,2668,2974,2961,2795,0,0,0,0,0,0,0,0,5
1031020,2860,2678,2979,2973,2793,0,0,0,0,0,0,0,0,5
1031055,2847,2671,2981,2976,2790,0,0,0,0,0,0,0,0,5
1031065,2858,2677,2976,2974,2774,0,0,0,0,0,0,0,0,5
1031100,2855,2677,2979,2968,2795,0,0,0,0,0,0,0,0,5
1031110,2858,2682,2980,2973,2801,0,0,0,0,0,0,0,0,5
1031191,2858,2662,2984,2962,2790,0,0,0,0,0,0,0,0,5
1031201,2860,2665,2988,2976,2791,0,0,0,0,0,0,0,0,5
1031235,2855,2671,2975,2970,2800,0,0,0,0,0,0,0,0,5
1031245,2841,2684,2984,2971,2795,0,0,0,0,0,0,0,0,5
1031280,2860,2679,2982,2959,2793,0,0,0,0,0,0,0,0,5
1031290,2865,2671,2988,2980,2795,0,0,0,0,0,0,0,0,5
1031325,2857,2671,2977,2976,2800,0,0,0,0,0,0,0,0,5
1031335,2864,2677,2982,2976,2813,0,0,0,0,0,0,0,0,5
1031370,2860,2681,2987,2969,2793,0,0,0,0,0,0,0,0,5
1031380,2850,2666,2984,2969,2786,0,0,0,0,0,0,0,0,5
1031415,2854,2676,2967,2970,2788,0,0,0,0,0,0,0,0,5
1031425,2859,2667,2975,2970,2798,0,0,0,0,0,0,0,0,5
1031460,2853,2670,2977,2967,2794,0,0,0,0,0,0,0,0,5
1031470,2853,2671,2980,2972,2794,0,0,0,0,0,0,0,0,5
1031505,2860,2670,2982,2976,2784,0,0,0,0,0,0,0,0,5
1031515,2867,2684,2979,2972,2801,0,0,0,0,0,0,0,0,5
1031550,2872,2663,2980,2966,2791,0,0,0,0,0,0,0,0,5
1031560,2858,2664,2979,2963,2795,0,0,0,0,0,0,0,0,5
1031595,2853,2674,2977,2969,2799,0,0,0,0,0,0,0,0,5
1031605,2853,2668,2984,2970,2792,0,0,0,0,0,0,0,0,5
1031640,2845,2670,2974,2959,2788,0,0,0,0,0,0,0,0,5
1031650,2862,2670,2975,2967,2788,0,0,0,0,0,0,0,0,5
1031685,2860,2671,2983,2973,2787,0,0,0,0,0,0,0,0,5
1031695,2864,2671,2983,2971,2794,0,0,0,0,0,0,0,0,5
1031730,2858,2676,2976,2976,2788,0,0,0,0,0,0,0,0,5
1031775,2862,2676,2986,2971,2797,0,0,0,0,0,0,0,0,5
1031785,2857,2675,2980,2976,2792,0,0,0,0,0,0,0,0,5
1031820,2861,2667,2975,2969,2788,0,0,0,0,0,0,0,0,5
1031830,2862,2675,2982,2972,2789,0,0,0,0,0,0,0,0,5
1031865,2876,2672,2984,2976,2784,0,0,0,0,0,0,0,0,5
1031875,2871,2665,2984,2963,2794,0,0,0,0,0,0,0,0,5
1031910,2856,2655,2972,2966,2784,0,0,0,0,0,0,0,0,5
1031920,2859,2664,2982,2967,2799,0,0,0,0,0,0,0,0,5
1031955,2850,2664,2976,2975,2800,0,0,0,0,0,0,0,0,5
1031965,2865,2672,2983,2972,2796,0,0,0,0,0,0,0,0,5
1032000,2868,2662,2981,2969,2776,0,0,0,0,0,0,0,0,5
1032010,2854,2665,2977,2975,2801,0,0,0,0,0,0,0,0,5
1032045,2855,2662,2984,2967,2795,0,0,0,0,0,0,0,0,5
1032055,2868,2657,2981,2980,2794,0,0,0,0,0,0,0,0,5
1032090,2855,2659,2973,2969,2782,0,0,0,0,0,0,0,0,5
1032100,2857,2672,2982,2962,2792,0,0,0,0,0,0,0,0,5
1032135,2861,2662,2982,2970,2801,0,0,0,0,0,0,0,0,5
1032145,2871,2660,2984,2976,2808,0,0,0,0,0,0,0,0,5
1032180,2856,2656,2971,2963,2788,0,0,0,0,0,0,0,0,5
1032190,2868,2668,2981,2969,2800,0,0,0,0,0,0,0,0,5
1032225,2867,2657,2982,2972,2797,0,0,0,0,0,0,0,0,5
1032235,2868,2660,2984,2973,2798,0,0,0,0,0,0,0,0,5
1032270,2876,2660,2984,2967,2794,0,0,0,0,0,0,0,0,5
1032280,2865,2655,2980,2959,2789,0,0,0,0,0,0,0,0,5
1032315,2869,2669,2983,2976,2806,0,0,0,0,0,0,0,0,5
1032325,2864,2653,2984,2967,2794,0,0,0,0,0,0,0,0,5
1032360,2865,2649,2973,2959,2798,0,0,0,0,0,0,0,0,5
1032370,2866,2662,2977,2977,2792,0,0,0,0,0,0,0,0,5
1032405,2866,2659,2986,2975,2784,0,0,0,0,0,0,0,0,5
1032415,2855,2666,2982,2963,2798,0,0,0,0,0,0,0,0,5
1032450,2857,2656,2972,2964,2792,0,0,0,0,0,0,0,0,5
1032460,2872,2647,2979,2967,2790,0,0,0,0,0,0,0,0,5
1032495,2862,2657,2972,2970,2808,0,0,0,0,0,0,0,0,5
1032542,2864,2663,2977,2965,2792,0,0,0,0,0,0,0,0,5
1032552,2866,2655,2974,2962,2800,0,0,0,0,0,0,0,0,5
1032586,2871,2668,2983,2972,2797,0,0,0,0,0,0,0,0,5
1032596,2863,2663,2976,2959,2788,0,0,0,0,0,0,0,0,5
1032630,2863,2658,2984,2968,2791,0,0,0,0,0,0,0,0,5
1032640,2872,2658,2978,2967,2797,0,0,0,0,0,0,0,0,5
1032675,2870,2652,2976,2968,2787,0,0,0,0,0,0,0,0,5
1032720,2880,2655,2977,2967,2783,0,0,0,0,0,0,0,0,5
1032730,2875,2664,2986,2976,2797,0,0,0,0,0,0,0,0,5
1032765,2863,2660,2979,2968,2789,0,0,0,0,0,0,0,0,5
1032775,2866,2657,2978,2964,2790,0,0,0,0,0,0,0,0,5
1032810,2864,2668,2979,2966,2797,0,0,0,0,0,0,0,0,5
1032820,2863,2668,2979,2969,2795,0,0,0,0,0,0,0,0,5
1032855,2863,2661,2978,2972,2784,0,0,0,0,0,0,0,0,5
1032865,2875,2668,2967,2973,2773,0,0,0,0,0,0,0,0,5
1032900,2862,2653,2975,2969,2796,0,0,0,0,0,0,0,0,5
1032910,2860,2649,2984,2962,2788,0,0,0,0,0,0,0,0,5
1032945,2872,2659,2981,2967,2794,0,0,0,0,0,0,0,0,5
1032955,2872,2665,2979,2971,2793,0,0,0,0,0,0,0,0,5
1032990,2859,2662,2977,2964,2796,0,0,0,0,0,0,0,0,5
1033000,2868,2649,2978,2972,2796,0,0,0,0,0,0,0,0,5
1033035,2867,2664,2979,2976,2796,0,0,0,0,0,0,0,0,5
1033045,2874,2655,2978,2972,2789,0,0,0,0,0,0,0,0,5
1033080,2873,2664,2971,2968,2788,0,0,0,0,0,0,0,0,5
1033125,2863,2661,2978,2966,2783,0,0,0,0,0,0,0,0,5
1033135,2880,2652,2981,2977,2784,0,0,0,0,0,0,0,0,5
1033170,2872,2658,2982,2974,2800,0,0,0,0,0,0,0,0,5
1033180,2873,2666,2983,2976,2789,0,0,0,0,0,0,0,0,5
1033215,2888,2664,2975,2968,2786,0,0,0,0,0,0,0,0,5
1033225,2861,2658,2974,2966,2789,0,0,0,0,0,0,0,0,5
1033260,2870,2637,2983,2973,2796,0,0,0,0,0,0,0,0,5
1033270,2863,2659,2965,2965,2792,0,0,0,0,0,0,0,0,5
1033305,2867,2654,2978,2976,2796,0,0,0,0,0,0,0,0,5
1033351,2860,2647,2978,2955,2796,0,0,0,0,0,0,0,0,5
1033361,2871,2654,2972,2971,2802,0,0,0,0,0,0,0,0,5
1033395,2869,2664,2972,2963,2790,0,0,0,0,0,0,0,0,5
1033405,2871,2663,2978,2960,2793,0,0,0,0,0,0,0,0,5
1033440,2854,2655,2978,2978,2786,0,0,0,0,0,0,0,0,5
1033450,2877,2657,2981,2963,2794,0,0,0,0,0,0,0,0,5
1033485,2879,2658,2980,2967,2804,0,0,0,0,0,0,0,0,5
1033530,2864,2664,2977,2969,2777,0,0,0,0,0,0,0,0,5
1033540,2868,2661,2985,2959,2781,0,0,0,0,0,0,0,0,5
1033575,2863,2649,2978,2958,2784,0,0,0,0,0,0,0,0,5
1033585,2869,2660,2975,2968,2783,0,0,0,0,0,0,0,0,5
1033620,2859,2659,2973,2972,2797,0,0,0,0,0,0,0,0,5
1033630,2864,2662,2980,2968,2796,0,0,0,0,0,0,0,0,5
1033665,2864,2645,2980,2958,2789,0,0,0,0,0,0,0,0,5
1033675,2862,2660,2970,2978,2801,0,0,0,0,0,0,0,0,5
1033710,2870,2662,2982,2974,2796,0,0,0,0,0,0,0,0,5
1033720,2871,2661,2977,2963,2787,0,0,0,0,0,0,0,0,5
1033755,2869,2651,2965,2972,2787,0,0,0,0,0,0,0,0,5
1033765,2874,2663,2984,2969,2793,0,0,0,0,0,0,0,0,5
1033800,2866,2653,2983,2973,2790,0,0,0,0,0,0,0,0,5
1033810,2872,2660,2971,2969,2798,0,0,0,0,0,0,0,0,5
1033845,2861,2656,2979,2969,2795,0,0,0,0,0,0,0,0,5
1033855,2868,2651,2977,2967,2771,0,0,0,0,0,0,0,0,5
1033890,2862,2648,2976,2966,2783,0,0,0,0,0,0,0,0,5
1033900,2866,2656,2983,2970,2816,0,0,0,0,0,0,0,0,5
1033935,2865,2647,2980,2969,2778,0,0,0,0,0,0,0,0,5
1033945,2866,2646,2977,2978,2785,0,0,0,0,0,0,0,0,5
1033980,2872,2651,2975,2970,2766,0,0,0,0,0,0,0,0,5
1033990,2869,2662,2981,2971,2798,0,0,0,0,0,0,0,0,5
1034025,2875,2655,2982,2976,2780,0,0,0,0,0,0,0,0,5
1034035,2874,2651,2979,2971,2791,0,0,0,0,0,0,0,0,5
1034070,2873,2654,2975,2971,2789,0,0,0,0,0,0,0,0,5
1034080,2872,2647,2973,2966,2784,0,0,0,0,0,0,0,0,5
1034115,2868,2656,2980,2972,2792,0,0,0,0,0,0,0,0,5
1034125,2863,2658,2982,2980,2785,0,0,0,0,0,0,0,0,5
1034160,2872,2643,2976,2973,2795,0,0,0,0,0,0,0,0,5
1034170,2870,2655,2971,2970,2795,0,0,0,0,0,0,0,0,5
1034205,2869,2664,2975,2960,2808,0,0,0,0,0,0,0,0,5
1034215,2866,2639,2986,2963,2787,0,0,0,0,0,0,0,0,5
1034250,2859,2660,2982,2969,2787,0,0,0,0,0,0,0,0,5
1034260,2872,2652,2969,2972,2781,0,0,0,0,0,0,0,0,5
1034295,2867,2660,2986,2961,2788,0,0,0,0,0,0,0,0,5
1034305,2860,2646,2971,2973,2773,0,0,0,0,0,0,0,0,5
1034340,2860,2648,2969,2966,2782,0,0,0,0,0,0,0,0,5
1034350,2863,2655,2981,2969,2795,0,0,0,0,0,0,0,0,5
1034385,2876,2661,2983,2975,2792,0,0,0,0,0,0,0,0,5
1034395,2868,2663,2979,2963,2793,0,0,0,0,0,0,0,0,5
1034430,2874,2649,2980,2969,2791,0,0,0,0,0,0,0,0,5
1034440,2867,2660,2976,2968,2789,0,0,0,0,0,0,0,0,5
1034475,2865,2647,2974,2962,2791,0,0,0,0,0,0,0,0,5
1034485,2863,2655,2976,2963,2791,0,0,0,0,0,0,0,0,5
1034520,2865,2648,2968,2966,2786,0,0,0,0,0,0,0,0,5
1034530,2871,2647,2977,2965,2785,0,0,0,0,0,0,0,0,5
1034565,2870,2650,2971,2967,2794,0,0,0,0,0,0,0,0,5
1034575,2859,2653,2971,2963,2788,0,0,0,0,0,0,0,0,5
1034610,2866,2645,2978,2971,2793,0,0,0,0,0,0,0,0,5
1034620,2874,2647,2974,2967,2787,0,0,0,0,0,0,0,0,5
1034655,2868,2640,2967,2971,2793,0,0,0,0,0,0,0,0,5
1034665,2871,2653,2980,2965,2782,0,0,0,0,0,0,0,0,5
1034700,2877,2657,2980,2967,2796,0,0,0,0,0,0,0,0,5
1034710,2880,2645,2971,2971,2791,0,0,0,0,0,0,0,0,5
1034745,2864,2648,2967,2968,2790,0,0,0,0,0,0,0,0,5
1034755,2881,2647,2973,2967,2791,0,0,0,0,0,0,0,0,5
1034790,2863,2650,2975,2972,2793,0,0,0,0,0,0,0,0,5
1034800,2854,2652,2985,2970,2794,0,0,0,0,0,0,0,0,5
1034835,2864,2656,2977,2960,2780,0,0,0,0,0,0,0,0,5
1034845,2860,2654,2972,2963,2791,0,0,0,0,0,0,0,0,5
1034880,2872,2653,2974,2967,2773,0,0,0,0,0,0,0,0,5
1034890,2870,2647,2976,2969,2800,0,0,0,0,0,0,0,0,5
1034925,2867,2655,2973,2967,2779,0,0,0,0,0,0,0,0,5
1034936,2873,2641,2976,2968,2803,0,0,0,0,0,0,0,0,5
1034970,2863,2656,2972,2972,2792,0,0,0,0,0,0,0,0,5
1034980,2867,2654,2978,2971,2792,0,0,0,0,0,0,0,0,5
1035015,2865,2656,2976,2974,2790,0,0,0,0,0,0,0,0,5
1035025,2865,2651,2986,2967,2781,0,0,0,0,0,0,0,0,5
1035060,2864,2645,2986,2959,2789,0,0,0,0,0,0,0,0,5
1035070,2868,2654,2975,2963,2794,0,0,0,0,0,0,0,0,5
1035105,2868,2657,2982,2965,2793,0,0,0,0,0,0,0,0,5
1035115,2869,2658,2975,2967,2786,0,0,0,0,0,0,0,0,5
1035150,2866,2656,2986,2956,2791,0,0,0,0,0,0,0,0,5
1035160,2873,2668,2984,2959,2795,0,0,0,0,0,0,0,0,5
1035195,2866,2654,2981,2967,2788,0,0,0,0,0,0,0,0,5
1035205,2880,2649,2980,2968,2791,0,0,0,0,0,0,0,0,5
1035240,2859,2658,2973,2972,2783,0,0,0,0,0,0,0,0,5
1035250,2864,2657,2976,2963,2781,0,0,0,0,0,0,0,0,5
1035285,2865,2639,2965,2960,2788,0,0,0,0,0,0,0,0,5
1035295,2863,2660,2981,2976,2789,0,0,0,0,0,0,0,0,5
1035330,2866,2656,2972,2967,2794,0,0,0,0,0,0,0,0,5
1035340,2871,2664,2978,2968,2796,0,0,0,0,0,0,0,0,5
1035375,2874,2646,2977,2967,2778,0,0,0,0,0,0,0,0,5
1035385,2880,2654,2980,2963,2797,0,0,0,0,0,0,0,0,5
1035420,2862,2656,2971,2961,2791,0,0,0,0,0,0,0,0,5
1035430,2869,2642,2978,2965,2790,0,0,0,0,0,0,0,0,5
1035465,2860,2649,2977,2959,2790,0,0,0,0,0,0,0,0,5
1035475,2867,2643,2974,2964,2786,0,0,0,0,0,0,0,0,5
1035510,2863,2653,2983,2976,2794,0,0,0,0,0,0,0,0,5
1035520,2863,2657,2977,2978,2794,0,0,0,0,0,0,0,0,5
1035555,2857,2645,2976,2959,2785,0,0,0,0,0,0,0,0,5
1035565,2871,2654,2977,2963,2795,0,0,0,0,0,0,0,0,5
1035600,2878,2664,2988,2965,2787,0,0,0,0,0,0,0,0,5
