mean_x,var_x,std_x,mean_abs_x,mean_y,var_y,std_y,mean_abs_y,mean_z,var_z,std_z,mean_abs_z,rms_x,rms_y,rms_z,energy_x,energy_y,energy_z,max_x,min_x,range_x,max_y,min_y,range_y,max_z,min_z,range_z,zc_x,zc_y,zc_z,corr_xy,corr_xz,corr_yz,mag_mean,mag_var,mag_std,mag_max,mag_min,mag_range,ax_ratio,ay_ratio,az_ratio,length,jerk_mean_x,jerk_mean_y,jerk_mean_z,jerk_std_x,jerk_std_y,jerk_std_z,jerk_energy_x,jerk_energy_y,jerk_energy_z,ptp_x,ptp_y,ptp_z,smooth_x,smooth_y,smooth_z,tilt_xy,tilt_xz,tilt_yz,entropy_x,entropy_y,entropy_z,gesture_id
0.006140628,1.005837577081938,1.0029145412655747,0.6207152188362142,0.022661641389163847,1.0151402745704028,1.0075416986757435,0.6522130326284242,-0.009452241,0.015571458,0.1247856501103378,0.086006482,1.0029333399561513,1.0077965194228713,0.12514313141438635,133.78141282461493,135.08195866659355,2.0828868442463833,3.534553339,-3.159040361,6.693593700379405,3.5305985259022026,-2.236208353,5.766806878462062,0.35914495251245526,-0.419653293,0.7787982451093196,29,29,41,0.087441543,-0.904626625,-0.135474529,1.1518956584872906,0.7103263042547845,0.8428085810282098,3.5610313695177234,0,3.5610313695177234,0.5388640966515301,0.5662084253558598,0.074665166,133,7.070136990263338e-05,-0.000519016,-1.02E-05,0.543078526,0.41229505005789785,0.11074387500333298,38.93132631976294,22.438347053800236,1.6188751859821657,6.693593700379405,5.766806878462062,0.7787982451093196,0.35801067721660285,0.24207899196050803,0.072583436,-0.091258982,0.5449109724844942,0.15170265376577854,1.799486797920604,2.1297753349903528,2.0042719793309693,square
-0.019923548,1.860185088231145,1.363886024648374,0.9103752960636535,0.082278711,0.6352519298477411,0.7970269316953732,0.48593590527669195,-0.009877205,0.025592410217781372,0.15997628017234733,0.11234500003370258,1.3640315377521655,0.8012625762693598,0.160280908,202.80344192209657,69.98036705814948,2.8002066645753274,2.418804878538552,-6.326574298,8.745379176912056,2.609848763987683,-1.614077276,4.223926039635353,0.46043792106028114,-0.355378698,0.8158166187686806,19,22,34,0.065695236,-0.866489495,-0.080876078,1.2698559296769643,0.915759639,0.9569533109699636,6.348916471,0,6.348916471,0.7169122635243506,0.38267010461069156,0.088470665,109,-0.007126669,0.018721962,0.000536775,0.7926204118936635,0.26319028960733126,0.14653219991985617,67.85617393,7.518921162,2.3189731640465725,8.745379176912056,4.223926039635353,0.8158166187686806,0.38414913163644443,0.18049559509848254,0.088102392,-0.27725157,0.5959289561997013,-0.160948942,1.8470646094021963,1.9983493885502464,2.4255667365238827,square
0.044496163,1.1942693101579414,1.0928262945948644,0.6726627666069409,-0.038822171,1.3067893737954825,1.1431488852268905,0.7254572465536375,0.002025257,0.017729590073399897,0.1331525068235664,0.089417685,1.0937317855233604,1.1438079098896647,0.13316790806756576,141.15740780236592,154.37899109768728,2.0925756252128145,2.396361187778316,-4.457662772,6.854023960059917,2.6859233891468337,-3.197103801,5.8830271906304965,0.5564153273952002,-0.290105616,0.8465209436536654,33,24,43,-0.054963378,-0.864018392,-0.048267979,1.2530149253310008,0.9522330420271191,0.9758242885003012,4.599055844550163,0,4.599055844550163,0.536835394,0.5789693531162885,0.071362026,118,-9.53E-05,0.000799061,0.000103614,0.6878309709620709,0.46040073528093634,0.12474717241991595,55.354040083263875,24.800428638828944,1.8207385282297683,6.854023960059917,5.8830271906304965,0.8465209436536654,0.39965808437773415,0.28860839010045153,0.076956582,0.1402168093844096,0.6705126704209964,0.16266545844246574,1.5941064500781956,2.023636870671487,1.9317908843840328,square
0.010341929237370368,2.541815325984329,1.594307161742783,1.0006491700592945,-0.030826072,2.658992653158696,1.6306417917981546,1.0059493490289728,-0.001676371,0.034289179,0.1851733749814785,0.12286684454945175,1.594340704330376,1.630933137770703,0.18518096290115507,302.4887514966768,316.53320508555237,4.080746693498877,4.447304037841413,-5.325024454,9.772328491837255,5.925349262806866,-4.221813807,10.147163069334894,0.5306190171033407,-0.54201688,1.0726358968351715,22,24,42,0.072294682,-0.902826585,-0.113303041,1.7794178212419325,2.0698293878308833,1.4386901639445804,5.929014826667591,0,5.929014826667591,0.5623463767140617,0.5653249795338273,0.0690489,119,0.000253253,0.000346299,-0.000312956,0.8983485058250971,0.8878975127254696,0.15988978453029934,95.22955204,93.02672933721946,3.0166512543588646,9.772328491837255,10.147163069334894,1.0726358968351715,0.5060202265489748,0.48093825041135124,0.099956892,-0.4280893,0.893131347,0.3627940758556304,1.912014824454509,1.8966735916909243,2.148497061040313,square
-0.258207044,1.8229881379982407,1.350180779747009,0.7825666703296638,-0.010233106,0.9542800630510028,0.9768725930493714,0.6434890721179696,-0.017938056,0.029004220179865904,0.17030625408324235,0.10381714534047436,1.3746486881202127,0.9769261893902991,0.17124834022058383,256.9936261420845,129.79633001426447,3.988335187849456,2.6601048350912357,-9.814746265,12.474851100580768,1.9806078383600334,-3.528800406,5.509408243946714,1.3456939943054511,-0.323601038,1.6692950325349614,28,37,21,0.19012918258753117,-0.909461242,-0.255305406,1.2577510685555597,1.291432038842925,1.1364119142471734,10.516300151893688,0,10.516300151893688,0.622195189,0.51161878,0.082541885,136,0.000856713,8.445993410614295e-05,-2.38E-05,1.2085094937661343,0.6641926300400952,0.19028618924204652,197.16695061485945,59.55550069,4.888192641652254,12.474851100580768,5.509408243946714,1.6692950325349614,0.4599019824504738,0.3630281226571341,0.082610572,0.2360522871565608,-0.160484358,-0.43817014,1.2415209551008188,1.924210349638863,1.0753774206915927,square
-0.004678277,0.7502602962766227,0.8661756728727855,0.5741750161661108,0.015381886,0.5943277027181637,0.7709265222562808,0.5047811753434488,-0.000656096,0.010357551589112456,0.10177205701523605,0.068818468,0.8661883066337229,0.7710799602651959,0.10177417182831432,114.79317392999644,90.96833868375413,1.584771253854905,2.4676920647313327,-2.540150582,5.007842647018955,1.9981000995339082,-3.126250088,5.124350187585549,0.3144749135475653,-0.253644699,0.5681196126216665,25,26,38,-0.018799904,-0.878074843,-0.043491948,0.9381990190652618,0.47498707034789195,0.6891930573851509,3.153515346222923,0,3.153515346222923,0.6119970266204259,0.5380320803000275,0.073351673,153,-0.000199949,-0.000329139,0.000197688,0.4306202695294634,0.4271737146716317,0.075884797,28.185946189431746,27.736578607520414,0.8752982961906733,5.007842647018955,5.124350187585549,0.5681196126216665,0.2557005604060241,0.2400168762494815,0.049624797482357715,0.566094007,0.8063120078750782,0.02618534,2.2462498451072586,1.8180969176406225,2.1812197826003272,square
0.012762022071069152,0.5539813776854894,0.7442992527777315,0.4727071188240727,-0.012476987,0.5115673839477233,0.715239389,0.42805994380404283,0.010870595210449639,0.007888867,0.088819292,0.063137723,0.7444086558422274,0.7153482083200328,0.089482045,94.75866621867422,87.50464311408246,1.3692032356924027,2.468068090591327,-2.346490646,4.814558736369488,2.969426573397797,-2.234736785,5.204163358159425,0.2673273517532362,-0.217493631,0.48482098232389426,31,50,37,-0.012719646,-0.836129985,-0.054188893,0.7941427192419325,0.4432116839805793,0.6657414543053326,2.9817393495939517,0,2.9817393495939517,0.5952420155949879,0.5390214227770586,0.079504251,171,-0.000573746,0.000385542,0.000423905,0.40313483734084066,0.35555056424099657,0.084438844,27.628064464628096,21.490779903701302,1.212116677592265,4.814558736369488,5.204163358159425,0.48482098232389426,0.2335367442237776,0.22715916904808825,0.052523779,-0.174772155,1.0805033923439533,0.5810343518775613,1.8861005184172983,1.6241024313625392,2.264027754184271,square
0.030941258323832085,0.778521434,0.8823386166528103,0.5434674502939957,-0.023590047,1.0467662511458533,1.0231159519555217,0.5610079364194851,-0.001442809,0.012544144161207586,0.11200064357497053,0.069393473,0.8828809636091703,1.0233878743870235,0.11200993643401788,140.30618326262228,188.51809345963022,2.2583206547914907,2.6897171517705987,-3.029189225,5.718906376571575,5.281976938935492,-2.928654933,8.210631872033513,0.5275864584268799,-0.403345937,0.9309323957906326,28,38,70,0.058405334,-0.828744944,-0.155321025,0.9686898900594921,0.9009876601023292,0.9492036978975215,5.350866520415347,0,5.350866520415347,0.561033464,0.5791408957448929,0.071636417,180,-0.000316546,0.000445013,-2.07E-05,0.44702268950525115,0.6304305629214503,0.1116109039898671,35.76945993898401,71.14227779365115,2.2298019826845805,5.718906376571575,8.210631872033513,0.9309323957906326,0.2542275129231887,0.26586915310951764,0.062214764,-0.389176702,0.5396074818540569,0.051637685,1.6823689603554095,1.198552296574978,1.4064136057793435,square
0.017048719399879852,0.7295865458607621,0.8541583845287489,0.5108936970758369,-0.035668812,1.5858842579611596,1.259318965934032,0.5443992900211814,-0.012133038,0.009790619,0.098947558,0.067084444,0.8543285109920762,1.2598240044107354,0.099688664,106.56207188531495,231.72485222506708,1.4509231427419365,3.2517929111909156,-2.635011026,5.886803937492098,2.768702583855265,-11.84947623,14.618178817247358,0.25640699593981964,-0.40624037,0.6626473661607122,45,34,44,-0.138177046,-0.884649376,0.000568262,0.927605646,1.4665193227422306,1.2109993074904009,12.009359568813256,0,12.009359568813256,0.5507660437175603,0.5868865575828529,0.072320003,146,-0.000136539,0.000781231,4.9320690800977546e-05,0.5286785928901687,1.314013235094767,0.082040696,40.527655617387126,250.36155188729117,0.9759483435932599,5.886803937492098,14.618178817247358,0.6626473661607122,0.3449294018095347,0.3709029659308766,0.056264951116059975,0.30455430279923185,0.4617882113136355,-0.228136186,1.647157862722406,0.9075106977991924,1.9163252603443424,square
0.010878689,1.221182217816143,1.1050711369935162,0.4868956205859702,-0.012323576,1.141710527074917,1.0685085526447213,0.5010483366961777,-0.01595751,0.013603717,0.11663497496348468,0.069042424,1.1051246824219219,1.068579616880296,0.11772153382316311,217.39150033827133,203.2515067749431,2.466787995570708,3.2388084963482537,-11.01740543,14.256213927893729,2.080373819359963,-9.864442155,11.944815974512256,1.0372260528423336,-0.350565004,1.3877910567129632,48,34,40,-0.032017028,-0.908489204,-0.045863948,0.8728734923216921,1.615113187238005,1.2708710348568044,11.115347264561326,0,11.115347264561326,0.5578077685837779,0.5740217057379746,0.079097857,178,-0.000211969,0.000145578,0.00019191,1.2838497275306464,0.9985347507910772,0.12485858016664754,291.7438197026091,176.4816855422642,2.7593772311214804,14.256213927893729,11.944815974512256,1.3877910567129632,0.4203576359651354,0.28964089025982664,0.058871722904873545,0.10189975510126514,0.18700751119562373,-0.424628396,0.7787289948261352,0.9257054351673157,0.9115361019986302,square
0.011014919,0.6885797008363371,0.8298070262635386,0.5151612408472205,-0.005451159,0.7310253361855635,0.8550001965997222,0.4671716739868122,0.000862491,0.014063801230418565,0.1185908985985795,0.075023255,0.8298801294571424,0.8550175736903816,0.11859403493029279,133.60799967795387,141.82467995596107,2.728521753483216,2.8900295996437317,-3.436191726,6.326221325461072,5.379756625269885,-3.407343457,8.787100082,0.6441114802695243,-0.461750873,1.105862353621358,46,36,63,0.031451191,-0.836185818,-0.115385335,0.8620505722387586,0.6906894366110667,0.8310772747531163,5.385042242892804,0,5.385042242892804,0.5975997829609242,0.5419306982817181,0.087028832,194,0.000442435,-2.81E-05,-0.001022874,0.6981842636304225,0.618497188,0.1181473484031605,94.08006211383159,73.82998304846393,2.6942495459018114,6.326221325461072,8.787100082,1.105862353621358,0.37630612406625435,0.2432436224336299,0.070375074,0.049457074626055586,0.8199477954879653,-0.078459125,1.5120174763444385,1.1694893526692438,1.4194998986850615,square
0.00869149,1.9065770377364049,1.3807885564909657,0.4869142100664632,0.016863895,0.3901029669865565,0.6245822339664782,0.35940730327638337,-0.007077885,0.020874324,0.14447949226883017,0.05709113,1.3808159108814073,0.6248098574311844,0.14465275714089076,411.83695722454206,84.32366931572622,4.519674752,7.774801537793305,-15.42470936,23.199510895274344,2.847319734469172,-2.239219559,5.086539293356202,1.6515312159696762,-0.739158166,2.390689381506002,63,44,75,-0.317831612,-0.978305601,0.2897962794930663,0.7422330751861252,1.7670544199346365,1.3293059918373333,15.772014576153008,0,15.772014576153008,0.656012538,0.48422430965369456,0.076918061,216,-6.66E-05,-0.000322506,-1.30E-05,1.9061798860332593,0.45240665076544845,0.1995740804533898,781.2071789052347,44.004454558398265,8.563409958048222,23.199510895274344,5.086539293356202,2.390689381506002,0.5189880105824413,0.2073175769183199,0.063570423,0.3453687000788309,0.2399645099888387,-0.189872942,0.6196343175228535,1.287875161658125,0.7846557035177724,square
0.019038307342354625,0.3973929329355312,0.6303910952222685,0.396864578,-0.001904409,0.7274834068132126,0.852926378,0.5074797359758078,-0.008322834,0.005804879,0.076189754,0.051361612,0.6306785156337522,0.852928504,0.076642992,80.74434419,147.67986781839022,1.1924520922323993,2.226261272,-3.501136573,5.727397844175917,2.2023998705408534,-5.620771115,7.823170985529596,0.3937256321839122,-0.295576704,0.6893023357313037,37,37,51,0.018823876996894973,-0.833285031,0.020466137,0.7828538161144036,0.5182564745028359,0.7199003226161493,5.6357672317888365,0,5.6357672317888365,0.5069459516704291,0.6482432850773937,0.065608177,203,-0.000222144,-0.000248071,-5.21E-05,0.4946278158997699,0.6079069267087467,0.076018519,49.420658573121536,74.64928040207954,1.1673212115845795,5.727397844175917,7.823170985529596,0.6893023357313037,0.22612766390140782,0.2681376728488701,0.045782918,-0.109331441,0.30262030182920846,-0.460533682,1.4389247114164254,1.2628653683249433,1.4915137889636603,square
0.007357386,0.17645776361588417,0.4200687605807937,0.2682306125554214,-0.009536938,1.2561849609629443,1.1207965743001467,0.42273531092908556,-0.001883939,0.003175875,0.056354906,0.038025085,0.42013318691314044,1.1208371488104176,0.056386388,44.127973686447945,314.06897853836654,0.7948561779141056,1.9621135257926188,-1.228177357,3.1902908823848497,11.102529712975738,-2.400499479,13.503029191512757,0.32580067499472953,-0.229515339,0.5553160134998958,61,53,84,0.015699581126505612,-0.643108131,0.10562429721471477,0.605133347,1.0697808659609531,1.0343021154193552,11.14182803516782,0,11.14182803516782,0.44325867918723316,0.6985820663162166,0.062837529,250,-0.000407782,-0.000141936,-3.77E-05,0.2787107632544598,1.2806135135215655,0.064140531,19.342284104143054,408.3527767988343,1.0243882661914343,3.1902908823848497,13.503029191512757,0.5553160134998958,0.1745899650977122,0.304817104,0.037415269,-0.392341115,0.6384587,0.058966218369522705,1.6400831779438159,0.7460823124421057,1.3720716481477517,square
0.046762252,0.34835387076268126,0.5902151055019528,0.3595455485397899,0.010813948335898068,0.40689927307824497,0.6378865675637362,0.38163270208911293,-0.018749903,0.015431529335983928,0.12422370681952752,0.058516286,0.5920646746553175,0.6379782242027203,0.12563076134422496,72.91244042673907,84.65937262782616,3.282882344753359,2.064342877690886,-2.769108781,4.833451659046548,1.8721611548060142,-3.489080149,5.361241304066742,1.5185586951765977,-0.194832137,1.7133908322811529,44,31,56,-0.125946757,-0.643749839,0.086161202,0.6438693361476331,0.35877215969629944,0.5989759258069555,4.054233948158518,0,4.054233948158518,0.5584138314566532,0.5927176132432436,0.090882236,208,-0.000152179,-0.000352194,2.2180795600964535e-05,0.5257137102280931,0.4097279158319415,0.15724377370771447,57.20961015398898,34.75055743385246,5.118200206398937,4.833451659046548,5.361241304066742,1.7133908322811529,0.27051998876796396,0.1826871044192883,0.05652192,0.067183299,0.10195442847161644,-0.39698264,1.5046661515407311,1.3125639051273874,0.8027204766578683,square
0.005529397,0.4652336764805753,0.6820804032374594,0.35227179950538545,0.003627162,0.3368759171017076,0.5804101283589972,0.35528075,-0.006476697,0.017208617054217036,0.13118161858361496,0.055942174881096374,0.6821028153521671,0.5804214618778878,0.13134140494739865,109.33709891716786,79.16893225098912,4.053882694,2.723500005690446,-5.990704386,8.714204391660806,2.6629627376050906,-1.818768568,4.481731305579766,0.7598150087952895,-1.515998533,2.2758135419113987,55,45,74,0.13356304909266847,-0.619492118,-0.065992542,0.6102613228357422,0.44698500662414364,0.668569373,6.172642268912269,0,6.172642268912269,0.5772474521177026,0.5821780449077154,0.091669211,235,-0.000386831,-0.000134169,0.000119922,0.868551007,0.47303231735851625,0.17425044874314252,176.52515446057802,52.35974435645958,7.104996584813091,8.714204391660806,4.481731305579766,2.2758135419113987,0.3090295541025968,0.2028508528658767,0.066534059,-0.068145105,0.4709810996181992,-0.180568569,0.9632624329997929,1.646093730419555,0.5629701789399585,square
0.039524869,0.8288894416061791,0.9104336557960602,0.4753341184724133,-0.008279457,0.6317028987978435,0.7947973948106797,0.5175017973214567,-0.016611426,0.010301154744682546,0.10149460451020313,0.061726213042167126,0.9112912031326704,0.7948405174647403,0.10284500087039307,136.19407173274638,103.61051750539303,1.734643449461109,6.142403149108421,-3.604183898,9.746587047,1.543904583988304,-3.308314653,4.852219237069761,0.30449081646106535,-0.711581841,1.0160726571500298,46,35,53,-0.091477752,-0.904477472,0.019067581980966773,0.8805084832808826,0.6975050101850369,0.8351676539384394,6.224473776601778,0,6.224473776601778,0.5398404695691918,0.5877306139242128,0.070102916,164,-0.000241026,6.571064527484107e-05,-1.47E-05,0.8569470099223255,0.32287882221027936,0.10616125803703065,119.70039245309914,16.992870318415136,1.8370447068181277,9.746587047,4.852219237069761,1.0160726571500298,0.36182063051548824,0.20867042721268114,0.056789133936247425,0.34653208910099415,0.27834565781978027,-0.362632342,0.9820611981968669,1.9403381891994622,1.2342711537232898,square
-0.000886597,0.6171665744958792,0.7855995000608639,0.40919261186321226,-0.002609553,0.4783427091676675,0.6916232422118762,0.44421721133617564,-0.009492696,0.009784724,0.098917764,0.056878757,0.7856000003496885,0.6916281652281363,0.099372206,116.02746378329292,89.92970956012557,1.8564690354650002,5.3210164239671665,-5.061985416,10.38300184026238,1.9999978607762365,-2.136991339,4.1369892,0.7914023309315503,-0.425236522,1.2166388524679856,37,38,58,0.01922764,-0.873369535,-0.042290766,0.7434607182799099,0.5526578751560155,0.7434096281028485,5.429684328538646,0,5.429684328538646,0.5503890068409275,0.5974992281891313,0.076505396,188,6.631890897468652e-05,-3.74E-05,2.25110925858619e-06,0.7350946048942357,0.31051173751682115,0.11083233405900515,101.04808343550552,18.030080079500934,2.297071773992434,10.38300184026238,4.1369892,1.2166388524679856,0.27874936792346794,0.17492395778339745,0.057955825,0.2037325334141135,0.32374366,-0.081576023,0.9719648254144891,2.022142623800955,0.9458143763945589,square
0.022018669993687186,0.689843093,0.8305679343040574,0.3961316492934864,0.002914197,0.5899592761125704,0.7680880653366321,0.45915838285948923,0.001785128,0.006694848,0.081822052,0.04874825,0.830859745,0.7680935936845307,0.081841523,125.63968058867678,107.37413389597748,1.219042337073859,7.532297377174369,-2.757160974,10.289458350859181,2.7516464733977863,-2.581649175,5.333295648302947,0.429329111,-0.349829628,0.7791587392290467,44,24,62,-0.100705041,-0.311099922,0.03281081,0.7487482872341702,0.7263697211646007,0.8522732667194254,7.620994503851705,0,7.620994503851705,0.529058498,0.6132346271178069,0.065106325,182,2.3294854115331844e-05,-0.000280796,-0.00035155,1.0169449326506765,0.40901896705771323,0.091764729,187.18603638216362,30.280683560990994,1.5241809149493997,10.289458350859181,5.333295648302947,0.7791587392290467,0.3680025782167975,0.20041839582223295,0.05076085,0.016311939,0.47347838728830977,-0.154249892,0.8803823638288992,1.6495170902592788,1.1895728190233348,square
0.001231317,1.2811106821572662,1.1318616002662456,0.36201320213246135,-0.023511527,0.48406399283396856,0.6957470753326733,0.4346924781027637,0.002555909,0.013532080274675772,0.1163274699917254,0.047096009,1.1318622700212888,0.6961442269736992,0.11635554540210458,271.59578603912195,102.73875836674755,2.8701859445140983,2.842335237296898,-14.05089851,16.893233743544577,2.2114656537517163,-2.429408258,4.640873912109871,1.318634796977019,-0.553419757,1.8720545543106066,56,55,82,-0.050389931,-0.902207297,0.033829117,0.704050419,1.2835806034683115,1.1329521629214145,14.129172690146264,0,14.129172690146264,0.5141864662105201,0.61741668,0.066892949,212,0.000225937,0.000354139,-3.35E-05,1.5707811441168376,0.44461354740388287,0.1643517286960816,520.6115787434553,41.710761041353244,5.699424779163789,16.893233743544577,4.640873912109871,1.8720545543106066,0.367061251,0.21332654857491268,0.053690751,0.015012648423290028,0.6440358283576264,0.34915729844031695,0.5695411724532304,1.665003048383756,0.8384123785641554,square
0.016294535,0.4290816264827097,0.655043225,0.4059356314422248,0.012495523221181548,0.387511132,0.6225039212979224,0.42178052752012213,-0.008609932,0.007090248,0.084203612,0.056279969,0.6552458610032428,0.6226293200065839,0.084642656,66.11945930772967,59.700759600306604,1.1033144090697198,2.1386298998215576,-2.167469362,4.306099261342689,2.4980645754675903,-2.506018183,5.004082758206168,0.4852605235603509,-0.245334929,0.7305954524639855,35,19,62,0.052008071,-0.62619789,0.20775583305680587,0.6602122212723651,0.38829861065602533,0.6231361092538494,3.140221735485929,0,3.140221735485929,0.6148562722927794,0.6388559731879915,0.085245269,154,2.476211427962124e-05,-0.000583475,5.267833740763659e-05,0.44606606697795326,0.5454486211777205,0.088358381,30.443165318518354,45.51972443449037,1.194502548385246,4.306099261342689,5.004082758206168,0.7305954524639855,0.2722382289902295,0.24464406554892817,0.055264652904358794,-0.241365011,0.23437158914661063,-0.390897677,1.8005246332106182,1.6095821934870975,1.4391463251530903,triangle
0.001353661,0.3526869843509222,0.5938745527053018,0.291970171,0.006377247,0.35117799,0.5926027249585459,0.35644048106718784,-0.005236129,0.004246437,0.06516469,0.039988763,0.5938760954513582,0.5926370380803693,0.065374719,65.60011991523045,65.32667055626918,0.7949368210610299,5.827854471522294,-2.023184621,7.851039093,1.500237530546925,-4.085376571,5.585614101244794,0.3954464845860173,-0.272638208,0.6680846922159098,38,22,53,-0.364808183,-0.210408897,-0.202582369,0.5132022357345811,0.44480479476692336,0.6669368746492604,7.126021749160051,0,7.126021749160051,0.5689183417158556,0.6945419355228861,0.077920086,186,8.573845411989011e-05,-0.00024977,-0.000152022,0.6910272337461354,0.5352114744906492,0.070155583,88.34094934903493,52.99350619015797,0.9105383567133649,7.851039093,5.585614101244794,0.6680846922159098,0.2531794602552923,0.20468186327787435,0.040076588,0.40840199762761004,0.3120823030732485,-0.273375803,0.8370562719877401,1.2282556085631169,1.252588602833803,triangle
0.033002479821414646,0.5233806207148094,0.723450496,0.303120188,-0.001645825,0.3292030477072741,0.5737621874150248,0.33858092791449074,0.005307306,0.006422225,0.080138784,0.041800258,0.7242028613511357,0.5737645479170601,0.080314334,105.41842666222362,66.17035704574013,1.2965288476292955,8.429708738,-1.836594125,10.266302862189127,1.2631919160423868,-5.652804631,6.915996546658989,0.17790853244393823,-0.854931418,1.032839950166819,42,23,62,-0.61561476,-0.919347053,0.5397196439571784,0.49889813995995225,0.6112265790569029,0.7818098100285663,10.185533727806325,0,10.185533727806325,0.6075792981087066,0.6786574132248625,0.083785153,201,-0.000446888,-0.000276244,-9.39E-05,0.902922959,0.5941888249553581,0.10239169731946292,163.0540139839311,70.6120872,2.096813697704079,10.266302862189127,6.915996546658989,1.032839950166819,0.2478029716155622,0.17806311218238194,0.042702889,-0.053175051,0.816138217,0.4142983986503241,0.7262242596314503,0.928673452,0.8468448264593762,triangle
0.003257614,0.22436776799347447,0.4736747491617792,0.25894311457552927,-0.009710881,0.16025041849408272,0.4003129007340167,0.2797207968325856,0.006178904,0.002186084,0.046755572,0.032632889,0.4736859508569118,0.4004306677982369,0.047162086,50.03637874874532,35.75687249607526,0.49601051481408454,1.5768320492186036,-3.940607272,5.5174393211255754,1.6677117060824502,-1.086619134,2.754330840114393,0.1844880555131283,-0.165767355,0.3502554108976188,59,23,63,-0.145116938,-0.799790525,-0.003037836,0.4184412866826229,0.21185425175021913,0.46027627763140166,4.282498268333105,0,4.282498268333105,0.6188278179721134,0.6684827693877134,0.077986779,223,-0.000292007,7.294783707066267e-05,0.000107566,0.43470239717308706,0.22965593234141576,0.042263051,41.95050958144618,11.708691272980193,0.39653130194248865,5.5174393211255754,2.754330840114393,0.3502554108976188,0.19412383517778262,0.115804058,0.029811051,-0.255102143,0.9370048398692369,0.3620379065265661,1.0262934999852036,1.937507799796043,1.7615012044848757,triangle
-0.01294846,0.27118131160839987,0.5207507192586486,0.3413416833285302,-0.025658556,0.2920853656116403,0.5404492257480256,0.3953050935285008,-0.016706031,0.003713575,0.060939107398084606,0.048076121305995104,0.5209116760306812,0.5410579701682976,0.063187548,46.94337254094115,50.644664785296456,0.6907312639818624,2.2454944549887568,-1.617019758,3.8625142130281684,1.7114962394539417,-1.013581433,2.725077672163523,0.20887764488777805,-0.201087275,0.40996492031883847,43,18,47,-0.117045118,-0.793969853,0.066456503,0.5860085207456702,0.22467938118699443,0.47400356663952903,2.306395407061907,0,2.306395407061907,0.5824858605627938,0.6745722507238799,0.082039968,173,0.000405326,0.000137154,-8.73E-05,0.3897099853089813,0.32377447651565155,0.05648517,26.122334353389867,18.030748038101752,0.5487801183752565,3.8625142130281684,2.725077672163523,0.40996492031883847,0.23418117163424182,0.1657596878507042,0.040992268383888246,-0.251788256,0.047545595,-0.587007675,1.751083163924128,2.5632103107980684,1.9872634434062262,triangle
0.001973745,0.18132894599303878,0.42582736642099317,0.23089811950194758,-0.00434214,1.1308577953969374,1.0634179777476669,0.30005232393542186,-0.005019945,0.005362852,0.073231495,0.035088590006794776,0.42583194062998503,1.0634268426077806,0.073403349,39.1678938,244.26935630901076,1.1638191639205453,3.2157650822770076,-1.422756421,4.638521503164353,14.610084628944094,-1.90877906,16.518863689054164,0.8614980175116287,-0.229643046,1.091141063505873,66,34,73,0.1753914631537751,-0.285545023,0.74579539,0.4400480029848175,1.123955297993344,1.060167580146339,14.68742938153371,0,14.68742938153371,0.5247111967073329,0.6818626947095754,0.079738094,216,-4.05E-05,-0.000208647,-9.71E-05,0.4742772041870689,1.3679602167738658,0.092238976,48.36185663,402.3327676150713,1.8292281995762008,4.638521503164353,16.518863689054164,1.091141063505873,0.23167838719492329,0.2547182963275614,0.041305661,-0.482538667,0.23213039272981922,-0.434874392,1.1844759269739003,0.6572639325561401,0.8170048998491158,triangle
0.027378562013025475,0.46296086254811003,0.6804122739546297,0.3529004507568487,0.011101469542293298,0.2973547619923448,0.5453024500149846,0.34513006745490665,-0.005706882,0.006704058,0.081878311,0.046067988,0.6809628831338835,0.5454154422257801,0.082076953,86.71385381452407,55.62838686,1.2597491096204576,5.025761139490859,-1.7060768,6.731837939065305,3.3763294593623843,-1.826605171,5.202934629879993,0.2534942640483049,-0.606020016,0.8595142796601838,44,27,66,0.07329889,-0.901367155,-0.090075227,0.5456783852981026,0.4701601788974647,0.6856822725559301,6.0848283384740585,0,6.0848283384740585,0.6467187519199109,0.6324788931149876,0.084423332,187,2.7659538692286787e-06,-0.000496596,0.000117093,0.6866982363171561,0.44305166859508943,0.091156686,87.70913100498626,36.51087514333821,1.545577249910874,6.731837939065305,5.202934629879993,0.8595142796601838,0.2852954496807377,0.18298375747548945,0.048287448480315166,-0.051459566,0.4907256079162581,0.016903173,1.0746866933696866,1.3742723746776042,1.2084401039070285,triangle
0.026264700773171078,0.36584297374857194,0.6048495463737837,0.3089336547219342,-0.00891074,0.38795738564904386,0.622862253,0.3751283843886708,-0.014639014,0.006664226,0.081634714,0.045268611,0.6054195307844604,0.6229259883289799,0.082936887,64.87630706118388,68.68251128760765,1.2174993152927722,3.074468021275753,-4.745409286,7.819877307382417,4.438775625107147,-1.945332103,6.384107727683289,0.6870268989735955,-0.48454037,1.1715672691523267,33,11,50,-0.065509364,-0.918751179,0.003439557,0.5459781199753272,0.46335601490416384,0.6807025891710445,4.795139352627152,0,4.795139352627152,0.5658352189599516,0.6870758438723963,0.082912866,177,4.616743543005412e-05,-0.000277342,9.590740301801404e-05,0.6330825552903108,0.48674946135964886,0.096660316,70.53966021420408,41.69882024925715,1.6444077630165386,7.819877307382417,6.384107727683289,1.1715672691523267,0.23160525649880206,0.1690581491409662,0.042850813,-0.111750662,0.3454964838158822,-0.521032873,0.9391506869713797,1.2885479483859104,0.9086485434234539,triangle
0.034171945,0.4464262378319718,0.6681513584749879,0.2777815055812681,0.005112981,1.246562435775421,1.1164956049064505,0.3741890944684424,0.001835012,0.009389786,0.096900909,0.041667245,0.6690246330627925,1.1165073122681872,0.096918283,93.54713756576406,260.5370128748013,1.9631690804161988,7.034623030539283,-2.124922191,9.159545222,14.240569475169169,-3.981322936,18.22189241124203,0.38170291891438346,-1.107174684,1.488877603331293,52,39,81,-0.178016713,-0.902255692,0.3156091571526513,0.5315133735587017,1.4210692252161978,1.1920860812945506,14.246233886165614,0,14.246233886165614,0.522623727,0.7040069094085493,0.078393594,209,-0.000575739,-0.000311579,9.698612415200467e-05,0.7104750765955652,1.410900176487344,0.12221304953014572,104.99323451539267,414.0529962594439,3.1066960874073555,9.159545222,18.22189241124203,1.488877603331293,0.2205143798215453,0.2959906370898236,0.047664256167817144,-0.110169546,0.5447681708636416,0.3421463138268608,0.7306888801773938,0.6309582285493359,0.6417846297764442,triangle
0.024787234745889963,0.19517838226153494,0.44178997528411046,0.2734350194931537,-0.013887867,0.21290580955437596,0.46141717518355985,0.3103199100961235,-0.013819831,0.003087598,0.055566159139675726,0.043308555079635096,0.44248478987179074,0.4616261283853225,0.057258936272682866,42.095449692594805,45.816216717724785,0.7048959433620189,1.5637304390669866,-1.721195513,3.284925951985774,2.018686567634412,-1.976802831,3.9954893987506814,0.18749982466570358,-0.161417107,0.34891693166820836,38,14,54,-0.050759028,-0.705582411,-0.056540928,0.45984977682979217,0.20070824020857458,0.4480047323506467,2.0225802671978204,0,2.0225802671978204,0.5946181281896785,0.6748288658247974,0.094179787,215,-0.000293273,0.00010718,3.5691756970686756e-05,0.3114629312995942,0.28412941933457475,0.05305277,20.75997812665435,17.276121221664926,0.6023239005781799,3.284925951985774,3.9954893987506814,0.34891693166820836,0.16843713276043953,0.14766617899803383,0.036712,-0.096503342,0.21113486916395294,-0.562556723,1.547333398142111,1.640419298071819,2.154370778625212,triangle
0.012536502507889865,0.8440773245121027,0.9187368091635943,0.3423705851483594,0.001466422,0.5959470273425024,0.7719760536069123,0.39404609703959165,-0.015154463,0.010364847526379945,0.1018078952065111,0.045387472,0.918822338,0.7719774463899706,0.10292961313947027,153.65067689011642,108.46275034772992,1.9281999575094644,10.772992714628826,-1.85525116,12.628243874349078,7.177874027169977,-2.250705887,9.428579914,0.2087509024240557,-1.182358672,1.3911095742671247,45,30,46,0.5155614569918417,-0.91448106,-0.584876583,0.5838573549690322,1.1098887604516186,1.0535125820091655,12.999123801558687,0,12.999123801558687,0.5863942217574298,0.674901304,0.077737261,182,8.528092722561524e-05,1.4106581437974419e-05,0.000161812,1.2220661560256814,0.7678584739651275,0.13393045001189582,270.3136711526961,106.71880115926805,3.2466678838659786,12.628243874349078,9.428579914,1.3911095742671247,0.33299301678709303,0.2173459342915103,0.047004585,-0.29012658,0.2674394263548569,-0.204509941,0.5789290706129783,0.9468738786582156,0.633400343,triangle
1.3651304666671495e-05,0.23684711532158678,0.4866694107107892,0.27292751110603286,-0.019551909,0.18220656114310999,0.42685660489573074,0.2590141686946244,0.006382144,0.003265053,0.057140641,0.035947515146979844,0.48666941090225185,0.4273041519463368,0.057495952974362406,49.737894256668426,38.34365604,0.6942147677703195,2.860483941434804,-3.563156654,6.423640595394888,1.8110064129165437,-1.946039134,3.7570455468946573,0.3594471741442735,-0.367509112,0.726956286,48,31,75,0.14002480763492595,-0.876722478,-0.117537608,0.42692414876474133,0.24047750958845404,0.49038506256660597,3.703395765541175,0,3.703395765541175,0.6392880456700295,0.6066983172000707,0.084201173,210,5.713633688312098e-05,0.000506191,4.137776834647397e-05,0.46812090883036933,0.265159209,0.061777293852083734,45.79967240668498,14.694719481189214,0.7976350712915409,6.423640595394888,3.7570455468946573,0.726956286,0.21132074435005305,0.12688059981224414,0.037327936007866255,0.048367999,0.8037054647543208,0.3142846394635434,0.9079198606688823,1.328411859124108,1.062061398,triangle
0.017083520950949563,0.5412691119407257,0.735709937,0.40757653466302624,0.024071496,0.3571858987783079,0.5976503147981334,0.36400120124994123,0.003169167,0.005729334,0.075692365,0.049444499168446815,0.7359082542197819,0.5981348808709042,0.075758681,92.60692392552602,61.177872407171066,0.9814336050956991,4.838110645442017,-3.597964853,8.436075498494203,2.416940778380476,-1.659921988,4.076862766542226,0.2369220922146109,-0.418394611,0.6553167028973039,32,30,54,0.008125291,-0.870004001,-0.059806381,0.6109746460126655,0.5317756540805332,0.7292294934247607,5.4243867297590525,0,5.4243867297590525,0.6670923755216733,0.5957713592008561,0.080927251,171,0.000143424,-0.000652968,-0.000123881,0.719495538,0.41894555659821486,0.08256557,88.00455440590375,29.837686979366392,1.158905065,8.436075498494203,4.076862766542226,0.6553167028973039,0.3188822237933775,0.20806734108423847,0.049689216,1.694257155486611e-05,0.8018178680628673,0.31817943640618157,1.0547086022695529,1.8729884486852635,1.4308561169009553,triangle
0.015141464766859859,0.42888449260121847,0.6548927336604206,0.2591077768946343,-0.004805383,0.2471366887788851,0.4971284429389301,0.27477313223213745,-0.003139713,0.005557583,0.0745492,0.035601811,0.6550677495927459,0.49715166748797995,0.074615287,87.96832009408342,50.66775499964619,1.1413254051678612,7.682892831398138,-1.591767282,9.274660113053297,0.9676614221758948,-4.872625474,5.840286896301618,0.18026194483637958,-0.849625862,1.029887806553166,42,38,71,-0.610082886,-0.931392479,0.6011086662861709,0.41997512627230327,0.5054618713559652,0.7109584174591121,9.137351113684195,0,9.137351113684195,0.6169598019408324,0.6542604752057993,0.084771236,205,-0.000109544,-7.79E-05,3.0076144594477797e-05,0.7757779591479104,0.504518608,0.091552324,122.77361659550837,51.92596255,1.7098931000004194,9.274660113053297,5.840286896301618,1.029887806553166,0.21534494341365296,0.15665585264219467,0.039418369338981366,0.39588498995321986,0.5195517756417438,-0.075934753,0.6789237816323785,0.9341396455350581,0.784811748,triangle
0.02892479,0.4172144552177162,0.6459214001855924,0.34016451828902594,-0.007391544,0.3344249151787952,0.5782948341277097,0.3700875777036928,-0.001001458,0.006647296,0.081530953,0.043519573,0.6465687114837129,0.5783420701428796,0.081537103,80.68386204325378,64.55455316875023,1.2831217535467725,2.419879182319682,-5.594684777,8.014563959,2.2985976376710915,-4.095679969,6.394277606771977,0.7251471643629284,-0.433493411,1.1586405750303541,24,27,60,0.23475930287352692,-0.909492291,-0.186111907,0.5450001235472023,0.46215381334156935,0.6798189562976082,6.971436765132512,0,6.971436765132512,0.6241549264860214,0.6790596092058382,0.079852408,193,-0.000119418,-5.67E-05,-0.000114872,0.591971316,0.46594729838385246,0.09238655,67.28257031731539,41.68452251252782,1.6387752679485166,8.014563959,6.394277606771977,1.1586405750303541,0.21292029322657927,0.16808578075772573,0.043933962,-0.010330445,0.4512833541747627,-0.041487583,1.0395397377709137,1.1671014302181972,0.7879829254247788,triangle
0.015171594131643443,0.92255188,0.960495643,0.34033338520331835,-0.016609331,1.200448110757142,1.0956496295609934,0.4351258002867773,-0.003937058,0.004163898,0.064528276,0.038616359830457955,0.9606154574725885,1.095775515617415,0.06464827,180.8652832,235.3419002028159,0.8191621743897568,11.613258010270044,-3.758148073,15.371406083645025,8.840359401567843,-10.29923319,19.13959259409164,0.2587724932616826,-0.457208505,0.7159809984519541,41,21,68,0.3988650173182991,-0.784506453,0.008054563,0.602891053,1.7642078146924034,1.328234849223737,14.602354453279396,0,14.602354453279396,0.5645022891009572,0.7217320456587893,0.064051969,196,-0.00034711,0.000402243,0.000106401,1.2961130724888703,1.3277112657278705,0.072958149,327.58229734651786,343.7493865532765,1.0379660583087356,15.371406083645025,19.13959259409164,0.7159809984519541,0.3277887927493582,0.334218515,0.040588641,-0.015698834,0.5418374340172676,0.22857544901741605,0.4895720584873044,0.5117432263523011,1.1002979963433894,triangle
-0.006377641,0.5452644812269865,0.7384202605745501,0.3177481110709223,-0.001519033,0.37624915370774886,0.6133915174729342,0.33593571363640945,-0.012915197,0.007557379,0.086933188,0.043735710110311306,0.7384478014963763,0.6133933983743383,0.087887322,105.78920017375734,72.99278346682863,1.4984912021040226,7.290510300055047,-4.998131604,12.288641904062287,5.275085718111238,-2.266522545,7.541608262685191,1.0078547296822027,-0.261830171,1.2696849006550543,38,29,51,0.21207025102671628,-0.763632644,0.14382811146392516,0.5166922353528064,0.6623099320843158,0.8138242636370064,9.002589894417136,0,9.002589894417136,0.6149658988087936,0.650165968,0.084645571,194,0.000104924,6.743073022922699e-05,-9.67E-06,0.9584733979903265,0.6305529534133517,0.11055942587055684,177.30355427316798,76.73622709980432,2.359113641271847,12.288641904062287,7.541608262685191,1.2696849006550543,0.2783729496522891,0.18383112951281516,0.041756202269591376,-0.159748355,-0.114174606,-0.560726765,0.6952361883748035,1.0291873863076766,0.7553040134150459,triangle
0.007365023,0.6579262652864711,0.8111265408593601,0.3126156506043748,-0.027690889,0.27107515902169094,0.5206487866323045,0.2669144971406055,-0.011514471,0.005743141,0.075783514,0.039805311,0.8111599773494924,0.5213846414605603,0.076653272,123.04235515562863,50.83444359362897,1.0987603982597414,9.495964631593592,-1.452570303,10.948534934848931,1.7392462075167416,-4.831808562,6.571054769,0.13557932759521307,-0.799954234,0.9355335618643448,34,27,61,-0.593950623,-0.917043869,0.4786796999912787,0.4624622440445447,0.7218268500927347,0.8496039371923454,10.684551700317527,0,10.684551700317527,0.6759808997822845,0.5771595298994847,0.086072561,187,-5.77E-07,0.000519771,-8.63E-05,1.0496218558975048,0.6231172593986508,0.093963026,204.9173235103183,72.21922237683303,1.642204729810184,10.948534934848931,6.571054769,0.9355335618643448,0.26650162621086615,0.19488215023000768,0.042138312938975346,-0.175825849,0.3002276064029563,-0.267650991,0.69636364,0.840394541,0.8198397040365942,triangle
0.025620579,0.526558419,0.7256434515301561,0.3812329077508411,0.037276029,0.4488431345820162,0.6699575617768757,0.4346283262563993,-0.035534692,0.009900455,0.099501031,0.066177354,0.7260956085833127,0.670993768,0.10565590110181787,69.59235793,59.430708071038005,1.4735383657680998,4.656292992545584,-3.141313288,7.797606280621863,2.159223555,-2.594525695,4.753749249788996,0.2867366578768564,-0.619411574,0.9061482314719012,30,18,26,0.035475628,-0.770769415,-0.209851491,0.6679320521182168,0.5424774128965588,0.7365306598482909,5.16206305,0,5.16206305,0.5707659945860886,0.6507073861345418,0.099077971,132,-0.000160448,-0.000468832,2.0809990634865405e-05,0.6814908225948928,0.46078575234351554,0.12326644418752662,60.84029948023027,27.814408547036322,1.9904947871356944,7.797606280621863,4.753749249788996,0.9061482314719012,0.2844494815227647,0.22679247499088906,0.055816573266928515,0.036586346,0.10374348139084112,-0.199593467,1.1797842130830685,1.7985183769761781,1.365169720431026,triangle
-0.019467666,0.33323419207297084,0.5772644039545232,0.3044149,0.026842652,0.9933562248941377,0.996672577,0.47570223136012735,-0.010665173,0.005774727,0.075991628,0.042975509,0.5775925744632158,0.9970339777963665,0.076736389,46.70584549050636,139.17074540326237,0.8243862776954387,2.134307993742592,-4.143586487,6.277894480921514,9.431141451816456,-1.986559894,11.417701346154228,0.6504462491131022,-0.171020869,0.8214671177949153,29,21,41,0.054532294805899745,-0.909399238,0.083579913,0.6345251892160797,0.9309561926178994,0.9648607115112001,9.440948244853242,0,9.440948244853242,0.47975226297210344,0.7496979346885367,0.06772861,140,0.000169942,-0.000307146,-0.000104519,0.5519891142665821,1.1593461609508755,0.08567142,42.35218954971103,186.82762251977667,1.0202048345050796,6.277894480921514,11.417701346154228,0.8214671177949153,0.23255278821028474,0.3184726900897794,0.039381654,0.046272096,0.030401693994932595,-0.462638532,1.0048365629350604,0.9287582613674454,1.0689073152681776,triangle
0.058959484337390455,0.9261480609216084,0.9623658664570395,0.6398790235927585,-0.010065747,0.4403380258725431,0.6635797057419275,0.5467260140729094,-0.032701344,0.010545287,0.10269024954084209,0.08348149,0.9641702555643061,0.6636560442991636,0.10777135623731875,120.85115662294211,57.25711486752573,1.509906479280038,2.318421503254098,-6.190297292,8.508718795427097,1.41021317,-1.610225901,3.0204390711278393,0.48717276030772005,-0.287568692,0.7747414520812299,15,11,31,-0.037382175,-0.894163732,-0.029693506,0.9303688272741935,0.5160921373114257,0.7183955298520626,6.414822313592504,0,6.414822313592504,0.6877691921275912,0.5876443751864199,0.089729457,130,5.098355262447044e-05,-0.000327868,-0.00015691,0.8630894623246164,0.3465274118558343,0.096416924,96.09512151,15.490494751765928,1.199215977409672,8.508718795427097,3.0204390711278393,0.7747414520812299,0.37348708928884244,0.19049589450465143,0.064072963,-0.173734958,0.43384817309734736,-0.484493801,1.382681366072898,2.582907298887457,1.7884372365179069,circle
-0.037323124,0.3565854764170671,0.5971477844027114,0.4533045898396105,0.023625113303177146,0.3208182289271852,0.5664081822565642,0.42911801838699637,-0.011565023,0.005022729,0.070871215,0.0569713,0.5983130384700678,0.5669006746386647,0.071808627,53.33879530848944,47.885079860960204,0.7683153515671209,2.490697296989651,-1.613115094,4.103812391095818,1.2177518506905398,-1.703281257,2.9210331075462754,0.18780134521181502,-0.28428782,0.4720891655358308,15,21,30,-0.077237674,-0.873162446,0.013692513352066827,0.6918607897698995,0.2058399933576067,0.45369592609765264,2.8120706897854886,0,2.8120706897854886,0.6551962331011837,0.6202375080792456,0.082345033,149,-0.000449373,-0.000161079,0.000190318,0.42915945307582976,0.23302773154236103,0.065335012,27.258349638892877,8.036688542885098,0.6317675941762108,4.103812391095818,2.9210331075462754,0.4720891655358308,0.24862332674279486,0.15358839725586076,0.046685543252018506,0.3392988141453317,0.4862827866074725,-0.270004436,1.9741682763299597,2.6666802002707004,1.9879942788560645,circle
0.003647553,0.2604513102882062,0.5103443056292547,0.385198276,0.001288622,0.4175124136054089,0.6461520050308664,0.44627145771412774,-0.016716766,0.003577674,0.059813664,0.047901578026371704,0.5103573404322608,0.6461532899795926,0.062105753,37.50690455036503,60.12202667780902,0.5554259434049253,1.136806435667009,-1.456056549,2.5928629849891998,2.211757409326927,-4.366547688,6.578305097546991,0.15632254726503625,-0.178779959,0.335102507,26,14,41,-0.161377815,-0.802587274,0.000519105,0.6681853805350665,0.23536411093072893,0.48514339213342783,4.420945269234432,0,4.420945269234432,0.5764841339116015,0.6678856856729005,0.071689053,144,8.955662707333146e-06,-8.94E-05,-2.71E-05,0.361023283,0.5306408647087758,0.057077525,18.638306986565407,40.265902147142285,0.4658717755030225,2.5928629849891998,6.578305097546991,0.335102507,0.22756650515503232,0.19505061872906554,0.040014153,0.075390896,0.37580794313436916,-0.498463936,2.5886627568314284,1.2757005162719912,2.481396843606764,circle
0.016033173055183446,0.152006839,0.3898805438889776,0.30441420068180697,-0.018757381,0.23405001419630111,0.4837871579489281,0.3586899797073693,0.005874262,0.002073148,0.045531838,0.036520129,0.3902100730906142,0.484150652,0.045909206,24.81901588604534,38.20750212505512,0.3435477981180767,0.9953385888713322,-1.033730375,2.0290689639933435,1.151954551866944,-1.395118875,2.547073427105069,0.11634772366394941,-0.122464718,0.23881244174013894,27,15,34,-0.04955235,-0.761147036,-0.071495284,0.522983156,0.11526202836403132,0.33950261908272716,1.4022427756586557,0,1.4022427756586557,0.5820726563399086,0.6858537769366753,0.069830409,163,6.583431494144316e-05,0.000181463,-3.34E-06,0.2832243151091812,0.2270567501672176,0.039736293,12.99499475452193,8.351877717499873,0.2557936305572055,2.0290689639933435,2.547073427105069,0.23881244174013894,0.16460574050087728,0.13861127793370484,0.029705777636621678,-0.300438745,1.081627717435435,0.5252533383735939,2.653426632232044,2.454507795848518,2.5838365910425787,circle
0.034761731098033745,0.3883044882156451,0.6231408253482074,0.4220322491362839,-0.018180779,0.1355565715829263,0.36818008037226335,0.2767677107218834,-0.021124722,0.007238285,0.08507811,0.058173605,0.6241096587656508,0.3686286916392281,0.0876615,63.49059718482607,22.14959930484281,1.2525797979250615,1.0989522409639678,-4.346052969,5.445005210448476,0.969147605,-0.880136326,1.849283931610021,0.7588969818213371,-0.194942325,0.9538393067370894,19,16,29,-0.114630411,-0.743598661,0.048569542,0.5618436294497665,0.21741625314851676,0.4662791579606757,4.512006727479209,0,4.512006727479209,0.7511560503730096,0.4926062898797463,0.1035405595623012,163,5.7802699801041334e-05,0.00020666,-5.39E-05,0.6577836818220687,0.22848587972299642,0.10492568943524516,70.09405881683288,8.457346070464661,1.7835233193916293,5.445005210448476,1.849283931610021,0.9538393067370894,0.2624485899736263,0.1345707025334196,0.046459033373357696,-0.28382298,0.3202776177353763,-0.463814502,1.3971642725505649,2.5638363961638504,1.0662203294086245,circle
-0.012907258,0.20292494936262953,0.4504719185061701,0.3428579418925612,-0.011708525,0.1410410439582107,0.37555431558991664,0.2724647792506524,-0.00563867,0.002948746,0.054302359,0.043833201,0.45065679477517445,0.3757367875562495,0.054594329104602775,34.728654481772764,24.141460832448416,0.5096724717352669,0.8786833900361617,-1.689830775,2.5685141652598382,1.031393659336202,-1.002296597,2.033690256208088,0.1554198678623564,-0.153872388,0.3092922562261258,19,27,36,-0.079483759,-0.811046472,0.017954907747443388,0.49666532755984844,0.10057377337037406,0.31713368375241074,1.793493840390045,0,1.793493840390045,0.6903198511437224,0.5485882719122114,0.088255003,171,-4.68E-05,0.00022859,3.987107488873425e-06,0.28973006200054485,0.16883291456443436,0.047752394,14.270396872931887,4.845782899959829,0.3876495012312164,2.5685141652598382,2.033690256208088,0.3092922562261258,0.17969039463421804,0.11715762931180235,0.035757614899709377,0.11852785968012594,0.770705517,0.037100151220165904,2.335245257158723,2.4765752394904736,2.467289870607067,circle
0.051390153,0.1800704319613353,0.42434706545625517,0.35252594004412524,-0.01455593,0.6739767005106554,0.8209608398155513,0.4103148724615168,-0.034220058,0.003974971,0.063047373,0.060492793,0.42744751703362394,0.8210898706082532,0.071735511,29.59924353055006,109.21854924970742,0.8336493447675972,0.8078874584036968,-1.273018473,2.080905931489549,1.4266690822619887,-8.431182107,9.857851189191827,0.12815201272877452,-0.25088,0.3790320127287732,16,12,28,0.14545144268916552,-0.749378958,-0.171439576,0.6138999692675636,0.48517276677664906,0.696543442,8.464814681772737,0,8.464814681772737,0.5742400259806484,0.6683741428873451,0.098538516,162,-0.000384485,0.000416917,0.000212023,0.25859453139134997,0.8650295023995853,0.050619968,10.766275998612478,120.47247042851723,0.4125506100381342,2.080905931489549,9.857851189191827,0.3790320127287732,0.1831879056966881,0.22797958871045917,0.034762417,0.19229074384124797,0.087792552,-0.690108259,2.656083752036244,0.86146995,2.238908295742497,circle
-0.000371567,0.075012984,0.2738849824058991,0.204929662,-0.025415271,0.1424868841015103,0.3774743489318318,0.25758476104769806,-0.007691629,0.001496231,0.038681151,0.030007693235309822,0.2738852344493366,0.3783289839476847,0.039438466,16.577899884510348,31.632353240970133,0.3437417597750546,0.7595834440407767,-0.744148124,1.5037315683035657,1.7191973738684443,-1.67664202,3.3958393940202134,0.090213317,-0.186677789,0.2768911065336557,40,28,62,-0.017837833,-0.609021762,0.094940718,0.3708253456164979,0.082189897,0.2866878047124225,1.719429914892672,0,1.719429914892672,0.5526312031458719,0.6946255350297255,0.080921363,221,-0.000210564,0.000230128,0.000189504,0.17956947651994998,0.24361233511551453,0.044070207,7.093953071699131,13.056345011405876,0.427288195,1.5037315683035657,3.3958393940202134,0.2768911065336557,0.12104535696912723,0.12968852130365463,0.030261313,-0.482078817,0.398968251,-0.496757455,2.513210836296669,1.4990210163211508,1.9403132351925487,circle
-0.010791757,0.18203893294199716,0.42666020782584957,0.32060730762742023,0.009897917,0.12067851628660363,0.34738813492490445,0.2698742727644366,-0.002897292,0.002437998,0.049376083,0.037306349,0.42679666700382035,0.3475291139650201,0.049461014,30.41995095925018,20.169673003903092,0.40854745150148314,1.2797046657642364,-1.782721293,3.0624259584814766,0.7645470381022591,-1.087600986,1.8521480242435406,0.17250983516004226,-0.21121405,0.38372388479581154,29,16,44,-0.072584128,-0.862455681,0.055456229,0.4598085703411408,0.093954351,0.30651973930707405,1.8647918902181944,0,1.8647918902181944,0.6972625595406583,0.5869274395971725,0.081134521,167,-3.75E-05,-0.000173095,-0.000181479,0.3093632888661183,0.14593838636833023,0.045128746735280945,15.887137219735553,3.5354750678754345,0.33808169495771057,3.0624259584814766,1.8521480242435406,0.38372388479581154,0.1941089067890536,0.10199369274716369,0.031887681141705024,0.45021478,0.6438812417345587,-0.33681131,1.885048215358338,2.5768549496235664,1.7790426693291657,circle
0.008434076,0.11965713807668231,0.345914929,0.24822830860837086,0.005057322,0.089859576,0.2997658692599871,0.21590864095824264,-0.011645773,0.001765755,0.042020892092996004,0.035289879,0.3460177332293273,0.29980852703330363,0.043604809,24.544295700378186,18.42645634078523,0.38978277867341604,1.4344213804913015,-0.861007047,2.295428427609826,1.1453924964927171,-0.894839831,2.0402323277765753,0.1130528675603859,-0.135879607,0.24893247420130393,48,40,55,-0.13126327,-0.766767551,0.063924042,0.37677972179535807,0.069551845,0.2637268383062608,1.483368387018149,0,1.483368387018149,0.6588154501452645,0.5730367711910522,0.093661831,205,1.8208732169980368e-05,-0.000245873,-0.000109205,0.34052733468728524,0.17598025468527217,0.040067248,23.65560866,6.3176985405413415,0.32750083890313963,2.295428427609826,2.0402323277765753,0.24893247420130393,0.1968758820955302,0.12150197631695779,0.031864448,0.015843413,0.32359973289255844,-0.533063067,2.0497644911575708,2.031359389047589,2.3946589805863776,circle
0.011183986556625771,0.10579850759748695,0.3252668252335103,0.24646422321545502,0.004229571,0.1270101851408358,0.35638488343479974,0.28068828703054965,-0.004102024,0.008079786,0.089887632,0.03844596,0.3254590437409686,0.35640998080266173,0.089981181,20.231405528182076,24.262362213408956,1.546453071493172,1.0180412212453953,-1.047179544,2.065220765156522,0.8758178758083128,-1.421084089,2.296901965255871,0.1253637012841029,-1.104097873,1.2294615742687363,31,15,53,-0.106130648,-0.494312781,0.092405101,0.4229150986649832,0.062191096,0.2493814263923473,1.4452115645422061,0,1.4452115645422061,0.5827746944143685,0.6636988872698325,0.090907039,191,0.000138975,-0.000202562,-7.90E-05,0.2328447622571046,0.17545414117553562,0.11287369006084198,10.30117349868493,5.848997370498016,2.420690468376109,2.065220765156522,2.296901965255871,1.2294615742687363,0.1557802581500748,0.12602155647082106,0.038935334,-0.057057278,0.7722199831158256,-0.014808104,2.192456424983077,2.1277170711771762,0.7940221697372913,circle
-0.02043228,0.077777669,0.27888648108879316,0.2064393914828981,-0.025436496,0.090428112,0.30071267273087304,0.22934525171229697,-0.01248082,0.00173318,0.041631484,0.031487096,0.27963395253867357,0.30178655844340446,0.043462068,16.49917610401664,19.216851766851132,0.39856872790069653,0.9170753046927138,-0.58484779,1.5019230943827648,1.0158542098607246,-0.808806312,1.824660522086704,0.10905347801736909,-0.31258934,0.42164281805208503,38,10,55,-0.038875069,-0.619646852,0.093052792,0.3499495282933475,0.048694553,0.220668424,1.0446270875288841,0,1.0446270875288841,0.5899118841238445,0.6553666360892489,0.089976103,211,4.278048042534812e-05,0.000283489,-3.93E-05,0.1931321036155283,0.17354217804079716,0.043188423881764575,7.833002368,6.324563264268985,0.3917007156356554,1.5019230943827648,1.824660522086704,0.42164281805208503,0.13131476342281007,0.097566045,0.026884669422392652,-0.471830851,-0.008191802,-0.510152786,2.3599267883892927,2.2806136153755037,1.3022300175211265,circle
0.010768450932371842,0.18323347983586016,0.4280577996437632,0.33355887101323184,-0.029764139,0.10273403666150646,0.3205215073306415,0.24342621079471252,-0.01556715,0.002658792,0.051563472628581346,0.044098491,0.42819322667616205,0.32190051351859267,0.053862119,32.45285076872773,18.340729486825456,0.5134996333397228,1.7887971898559623,-1.590659858,3.3794570483510498,0.7824956307624477,-1.053626355,1.8361219853394153,0.14919765555042197,-0.186463893,0.3356615487639729,20,20,31,0.089242512,-0.748232971,-0.030217444,0.4618775135412269,0.07653967,0.27665803861776067,1.8634187360484482,0,1.8634187360484482,0.7221803487119861,0.5270362777741542,0.09547659,177,-0.00018124,0.000298383,-3.85E-05,0.32032581519732045,0.1692302717962708,0.046978170224240515,18.05912428845393,5.040459410709046,0.38842319229350697,3.3794570483510498,1.8361219853394153,0.3356615487639729,0.19196495188815318,0.12035748764171417,0.034466793,-0.282637804,0.38517686876949364,-0.660838062,1.7846309867574932,2.343521462822501,2.1438923000704673,circle
-0.009954526,0.3592371981921491,0.5993639947412166,0.28997120739718824,-0.016724952,0.087737379,0.29620496166224564,0.21563354129629023,-0.001826874,0.005333663,0.073031933,0.033644429,0.5994466538278732,0.2966767657486873,0.073054779,68.63323154,16.81126673700438,1.0193671283952457,6.833867492677418,-1.071808819,7.905676312157937,1.2732280746214504,-0.701855282,1.9750833563833172,0.1084586973002466,-0.857562532,0.9660212297506394,34,24,56,-0.164539719,-0.944007574,0.10755547997604413,0.41083149066106617,0.28390788107396814,0.5328300677270081,6.910780072890839,0,6.910780072890839,0.705815418,0.5248710017350563,0.081893498,191,-4.84E-05,0.00050628,3.747937117537398e-05,0.7383878641976104,0.15572149963521326,0.094058751,103.59116166416608,4.607393935915118,1.680939517588575,7.905676312157937,1.9750833563833172,0.9660212297506394,0.23180631499058257,0.10873281897336406,0.036348671,-0.32702878,0.7429770422640405,0.19180857972231463,0.7300223580422824,2.051375368249656,0.7423819416012067,circle
0.005794984,0.052668735,0.22949670014342552,0.1851594666172756,0.009879127,0.18909095807919424,0.43484590153201885,0.2010380345752378,-0.002502113,0.001471725,0.038363066,0.026010485,0.22956985259439835,0.4349581074488218,0.038444575288321674,11.69991442288746,41.999859262272295,0.3281127519400742,0.5336057355048069,-1.118310992,1.6519167277463616,0.8695017751693611,-5.487280097,6.356781871808348,0.33150487152466823,-0.110869089,0.4423739603793013,31,33,83,0.19728735791587956,-0.759876949,-0.466971241,0.30395665875806577,0.1509792074214068,0.3885604295620011,5.609880374320226,0,5.609880374320226,0.6091640212199233,0.6614035987322061,0.085573003,222,-0.00071156,0.001833672,-1.21E-05,0.1605005522441639,0.509825584,0.04319923,5.693166323113014,57.44353291,0.4124243745007413,1.6519167277463616,6.356781871808348,0.4423739603793013,0.099005037,0.13359882624056874,0.027561819,0.15334304316450603,0.48159043498576504,-0.187015167,1.938235041216483,0.7407982605181582,1.1161263501124492,circle
0.018264900868200217,0.12911474848561472,0.3593254075147132,0.27813007466069245,0.00132521,0.2800444773507368,0.5291922876901521,0.33194371117110893,-0.009280526,0.002376746,0.048751878,0.038900162,0.35978932042146544,0.5291939469905467,0.04962735,24.85408417715326,53.768876838035226,0.47287177361385246,0.9291438384096979,-1.459988425,2.3891322629753073,4.585397137,-1.142710871,5.728108008394469,0.12829582664022787,-0.185701547,0.31399737409873296,28,23,51,-0.260164903,-0.662166796,-0.131303841,0.4788439533886488,0.1826659307448083,0.42739435038943635,4.815798809115002,0,4.815798809115002,0.5808365478650735,0.6932189534603994,0.081237658,192,-0.00033282,0.000171766,-2.43E-05,0.2435071417042021,0.42744104028700475,0.049976115,11.325505216530424,34.896821633224604,0.4770440213578139,2.3891322629753073,5.728108008394469,0.31399737409873296,0.1540804303222091,0.16398695687580714,0.03448587,0.019620119,0.6184467596882054,-0.170316679,2.102647390300869,1.103097158324439,2.1586816166424465,circle
0.042817167,0.10488875439507456,0.3238653337346783,0.24151541927981893,-0.008873092,0.3235526579711226,0.5688168931836699,0.3600278831812256,-0.014978412,0.001993957,0.04465375,0.038467339,0.326683431,0.5688860955632783,0.047098940561536635,20.063748069273984,60.84270127,0.41704231797960223,1.101261316879153,-0.695804037,1.7970653538507224,3.815570046838498,-2.599931353,6.415501399538038,0.10089012159297717,-0.157487635,0.2583777566799874,30,23,48,-0.071806353,-0.744770748,-0.084271904,0.47986100639517043,0.20230517866693049,0.44978347976213007,3.818245999414241,0,3.818245999414241,0.503302854,0.750275332,0.080163502,188,-0.000300952,9.114277160435462e-05,2.5037075528960572e-06,0.22709118705508957,0.41399055545568897,0.043868961,9.643683090558847,32.04959121462724,0.3598788342616217,1.7970653538507224,6.415501399538038,0.2583777566799874,0.15456204092252412,0.16704006364051177,0.034148033,-0.076812697,0.2597736418381059,-0.498863518,2.3655484890039067,1.1242639507627932,2.366438748416831,circle
0.018661602852336957,0.082224299,0.2867477964008964,0.23021026990260432,0.008799989,0.11360443130275615,0.33705256459898975,0.26402297045937223,-0.007627122,0.001523858,0.039036626,0.03189787,0.2873544051546597,0.3371674229547108,0.039774755,15.688785290739778,21.599555509364958,0.30058591955036623,0.633941122,-0.668810919,1.3027520409884157,1.1757412569131038,-0.966041952,2.141783208548883,0.094819545,-0.120719913,0.21553945786738815,29,20,49,0.085007331,-0.74350393,-0.138643663,0.385295609,0.049383750460073476,0.22222454963408853,1.3366257060671622,0,1.3366257060671622,0.5974899760753831,0.6852477883365589,0.082788042,190,-0.000139478,-5.36E-05,-6.05E-05,0.18077757269135744,0.21466146478341758,0.035769644,6.176623995786171,8.709034445632586,0.24182004105313926,1.3027520409884157,2.141783208548883,0.21553945786738815,0.12596147536850488,0.11842224540822574,0.027127067235142324,0.1988123932999101,0.4002354859448331,-0.171757894,2.9702971834723235,2.187119808,2.594994358045179,circle
0.008105238,0.2537613318393817,0.5037472896595888,0.43362972051967935,0.022745505285318574,0.2634004255274378,0.5132255113762738,0.41089938678872745,-0.005947786,0.00397648,0.063059338,0.051160633,0.5038124916237348,0.5137292901306312,0.063339215,35.02812968682398,36.42065412826087,0.553636158,0.9819805879935981,-1.183171598,2.165152186285605,0.9759758338056955,-1.470360104,2.446335938221411,0.21531603091078644,-0.127328499,0.3426445295580631,10,17,28,-0.215639651,-0.848909889,0.099158088,0.6459543475035948,0.10449964741334047,0.323264052,1.4774153310010496,0,1.4774153310010496,0.6713008674413441,0.6361121060886112,0.079201623,138,-0.004006036,0.003568914,0.000187963,0.23857730880389447,0.19434116639826934,0.050470627698695696,7.800119742784808,5.176027976358296,0.348982784,2.165152186285605,2.446335938221411,0.3426445295580631,0.1748983474047139,0.14614811442495534,0.037196984,0.2973757679392423,0.7174117058794465,-0.284342168,3.036364969177079,2.832614726244013,2.458297148891082,circle
0.016354030368073223,0.17960103023917887,0.42379361750642125,0.2969846580523921,0.002971838,0.13600748959171285,0.36879193265541055,0.2731616485456595,0.002323012,0.002061583,0.045404653718306535,0.034850613,0.4241090479445808,0.3688039064502976,0.04546404,33.09580115691641,25.027003139991972,0.38032412964491774,1.3296682841358138,-2.586169102,3.915837386046122,1.8490628973472647,-0.829608544,2.6786714412365225,0.12850110636541245,-0.145996495,0.27449760118503086,28,21,49,-0.442070144,-0.711807806,0.22012034347093853,0.4449983349177315,0.11992826684736654,0.34630660814856906,3.179669778496162,0,3.179669778496162,0.6673837362413039,0.6138486843050167,0.078316275,184,-0.000231754,-0.000175735,0.000149054,0.37246959436426685,0.25718147852867473,0.047171016583435574,25.388258395783858,12.104048911937925,0.40719824512854946,3.915837386046122,2.6786714412365225,0.27449760118503086,0.20817765421966314,0.1391520697947586,0.036853181,-0.074065811,0.773031693,0.053178187,1.4412012380054786,1.883259141837839,2.302365236808098,circle
0.015060170274625266,0.355101005,0.5959035202919454,0.37191273904321265,0.011745163784757052,0.38009702172453036,0.6165200902845992,0.3845660808915722,-0.010344906,0.004311375,0.065661062,0.043896848067097684,0.5960937964993712,0.6166319571647753,0.066470987,67.51228470275642,72.24464441340362,0.8394945057919999,3.165439831,-1.787613953,4.953053783868486,2.0697015113561714,-4.112399866,6.182101377733966,0.12093286594632069,-0.45448938,0.5754222459083476,47,44,66,-0.181078422,-0.752385333,0.2541378609069647,0.6496750332542703,0.31790352812370487,0.5638293430850374,4.320348047110572,0,4.320348047110572,0.5724596364057241,0.5919360530847118,0.067567392,190,9.313979568310217e-05,-0.000505516,5.879842043685564e-05,0.4789133480748163,0.47882465295550897,0.068366047,43.34866268781856,43.33265442275692,0.8833708592497339,4.953053783868486,6.182101377733966,0.5754222459083476,0.30320697814727327,0.23602991638197554,0.044254743,0.3714017700228317,0.6097680427480319,-0.079680142,1.5305534560465572,1.2265292119721396,1.4376538637312142,square
0.003841651,0.32251530672721546,0.5679043112419693,0.35746853021958386,0.006414172,0.8141713362939099,0.9023144331628027,0.39793475635360764,0.021232069568308774,0.004654546,0.068224234,0.051395473,0.567917305,0.9023372306969123,0.07145171,63.86095287206005,161.2140706,1.0108586840747813,3.6747506132424386,-1.434409317,5.109159929767978,7.999707992680849,-5.281609485,13.281317477322787,0.1761315949885649,-0.457357362,0.6334889568830224,44,45,63,-0.153102353,-0.802492395,0.26075412881900734,0.6739201222253605,0.6876795586611989,0.8292644684666037,8.005493961161358,0,8.005493961161358,0.5304315943777823,0.5904776209008359,0.076263449,198,-0.00010418,-0.000121414,1.6269576864655256e-05,0.5576395990690249,0.905720294,0.077012588,61.25950086,161.60486529663478,1.1683949791645718,5.109159929767978,13.281317477322787,0.6334889568830224,0.28222262530001424,0.2656304383366982,0.049960802,0.264210279,1.322110206909463,0.5711353475650355,1.3717931733803492,0.9243001791003931,1.3981643350178292,square
0.013752327733126027,0.27687207716262136,0.5261863521250065,0.3323206283498219,-0.001356935,0.39363197596126387,0.627400969,0.365007158,-0.011317258,0.002971454,0.05451104,0.042925641,0.5263660358350457,0.627402436,0.055673457,50.14807786620682,71.24772091930834,0.5610156270929568,1.7131089372501036,-1.785873191,3.498982127777487,1.6674409409979425,-2.258438294,3.925879235495459,0.22377475005354874,-0.145438025,0.36921277517518725,44,39,63,0.079277994,-0.775124349,-0.123347239,0.6088339898485557,0.30311572757087935,0.5505594677878851,2.311536622953398,0,2.311536622953398,0.5458312584916166,0.5995183555866092,0.070504672,181,0.00030667,1.6735286580088492e-05,-0.000151086,0.4098882143431706,0.2397362048595885,0.056381081014838796,30.241519614696923,10.345220676098712,0.5721928421952465,3.498982127777487,3.925879235495459,0.36921277517518725,0.2743773022080983,0.16201907729909154,0.041337439,-0.07902826,0.1549538118777595,-0.363261849,1.7858133230308877,1.6969040830341369,2.0219554429748063,square
-0.004826616,0.3107987098882555,0.5574932375269277,0.30353586721017745,-0.016823391,0.24744235946799947,0.49743578426566726,0.3003730522913563,-0.005400125,0.003107829,0.055747907,0.037821041,0.5575141308580218,0.49772018841692617,0.056008843,64.02933325791335,51.03142950730278,0.6462200367938087,2.9323768690641883,-2.540267794,5.472644663008576,1.1353775507930144,-2.059961523,3.1953390740563674,0.345932996,-0.176264855,0.5221978511324625,65,52,88,-0.104689814,-0.527361787,-0.079272423,0.5375843826356224,0.27268741408030567,0.5221948047235875,3.102973532679157,0,3.102973532679157,0.5646292402984915,0.5587458572201347,0.070353681,206,-1.81E-05,0.000384034,0.0001205,0.4777852769894288,0.2483768495239504,0.06391655,46.79714810320054,12.646697406572743,0.8374946723841384,5.472644663008576,3.1953390740563674,0.5221978511324625,0.24481665857049179,0.14223775470824068,0.042301119,-0.090787382,0.25919811865013187,-0.285173428,1.0972486390227116,1.6084073064195799,1.4035807273162433,square
0.037167525,0.24999362733768055,0.4999936272970692,0.33362454078240694,-0.033474112,0.23862807478700873,0.4884957264777336,0.32010357282455415,-0.017385317,0.002869715,0.053569721,0.041959963,0.5013731666830062,0.4896412880596345,0.056320193482733504,53.04013602891632,50.586952695239276,0.6692844449197654,1.7707781370915878,-1.753350795,3.524128932468572,1.4354482632212706,-1.614730425,3.050178688031194,0.15760859082188894,-0.202289377,0.35989796749043457,53,30,64,-0.029693052,-0.767534872,0.024768622397750597,0.556948387,0.1841041016892023,0.42907353878933424,1.8276659981588819,0,1.8276659981588819,0.5990223557481262,0.5747454783364301,0.075339049,211,0.000285486,0.000229255,0.000118397,0.4419390865392862,0.22184846212424472,0.058880802727567266,41.01514991983573,10.335526468031762,0.7280622189993837,3.524128932468572,3.050178688031194,0.35989796749043457,0.27069203596783903,0.13851090788236825,0.041808461,-0.137857362,0.2666898836954655,-0.579814085,1.8075634751774614,2.003274247548867,2.0177654089883283,square
0.001459429,0.38493624799754245,0.6204323073450821,0.3931447513293265,-0.015911046,0.2940750648904472,0.5422868843061274,0.35206261533561767,-0.004134107,0.002410531,0.049097155706367475,0.036036791,0.6204340238347215,0.5425202542457613,0.0492709,73.90816856289479,56.51101944324202,0.4661033360008945,2.3546170371137025,-2.337525638,4.692142674677534,2.204229762,-1.883592002,4.087821764,0.18178848633235134,-0.1391048,0.3208932859077329,42,44,75,-0.026666451,-0.852701816,-0.003133108,0.6540877575111321,0.2538634312143589,0.5038486193435077,2.3591496123217337,0,2.3591496123217337,0.6010581008497998,0.5382498080880649,0.055094732901180124,192,-0.000192244,0.000415421,-9.32E-05,0.49425799183745045,0.33974277228807503,0.049505026300941425,46.65958089550343,22.04623686417558,0.4680944561935477,4.692142674677534,4.087821764,0.3208932859077329,0.2760330642840877,0.18457212062590655,0.036167981071275265,-0.030942443,0.30418414779484554,-0.223594857,1.7669688350496626,1.619524502503117,2.0838619333885413,square
0.015197007625018284,0.2771254276072985,0.5264270392060979,0.3302515822492866,-0.006243039,0.43620226154814457,0.6604561011514275,0.30990763094848056,-0.0102242,0.004364176,0.066061913,0.039325078,0.5266463487465316,0.6604856070203118,0.066848415,62.12782836916395,97.71803710614171,1.0009911652067571,3.1753659635584945,-1.310934704,4.486300667546118,1.3252147718356038,-7.437730195,8.762944967077596,0.27368140874675184,-0.669343399,0.9430248075595458,53,48,62,0.047325040602443726,-0.798895306,-0.009654852,0.5676932523957089,0.39579069547238394,0.6291189835574698,7.472069680530621,0,7.472069680530621,0.5817430012390841,0.5459068329270752,0.069271702,224,-0.000414673,0.00012798,3.022062448998497e-05,0.3821045272640894,0.6685855310323866,0.075232013,32.55890130116185,99.68247819671357,1.2621480438413335,4.486300667546118,8.762944967077596,0.9430248075595458,0.20520964471036737,0.2009482095686363,0.038511315,0.12334863421053226,0.29717165325472983,-0.311524586,1.5500008201430526,0.7820393571081007,0.867627238,square
0.012559137302275314,0.994115056,0.997053186,0.3608415162568562,0.000933298,0.5539755412501829,0.7442953320088626,0.3199517840180941,-0.001509603,0.011295593191160911,0.10628072822088167,0.040007392,0.9971322820630918,0.7442959171556051,0.10629144882068683,213.76864940545508,119.1049286433182,2.4290424998661484,12.812956551000044,-1.852883123,14.665839673755977,1.7819885563539541,-8.660775759,10.442764315306686,0.2547727695163413,-1.387952744,1.6427255138234322,57,47,82,-0.177116915,-0.9438917,0.290071198,0.5948218519331905,1.205734036782023,1.098059213695702,13.100669146602998,0,13.100669146602998,0.6066379522166677,0.5378951321295427,0.067259451,215,-0.000481806,-7.52E-05,6.366246867996986e-05,1.3156022371247331,0.8583714506270963,0.14434234090078443,370.39322839136673,157.67553232237816,4.4586291019404305,14.665839673755977,10.442764315306686,1.6427255138234322,0.34158820363941667,0.23524920818085082,0.049080193,0.32640704366236295,0.6461027999734804,-0.096691259,0.6445363142471328,0.7166883127642523,0.5039029788379651,square
-0.00880536,0.4277567009043525,0.6540311161591262,0.4162891228581985,0.014189241467608452,0.35291385590028923,0.5940655316547908,0.39302245564170735,-0.001395839,0.006607685,0.081287669,0.046015223,0.6540903876890106,0.5942349623454642,0.081299652,87.70601822976784,72.38861404711163,1.3549748545420768,2.583167026036673,-3.35500149,5.938168516153862,1.8234661431621202,-2.875536685,4.699002827802992,0.7557418614822513,-0.35590056,1.1116424212354001,50,33,85,0.036548857,-0.783728589,-0.004601684,0.6913143238469568,0.30964356482169075,0.5564562559821669,3.4270815598236264,0,3.4270815598236264,0.6021705358569299,0.5685148367380947,0.06656194,205,0.000121759,-0.000570408,0.000170783,0.5513388462998668,0.32881462135939427,0.10093273101680231,62.01080580594175,22.056353639251657,2.0782388528984996,5.938168516153862,4.699002827802992,1.1116424212354001,0.33803816963505295,0.17685507813277399,0.055684687,0.12039279175017392,0.8111108338312945,0.23107015456242933,1.3778716653011995,1.6035953105781495,0.9097341804902843,square
-0.020642706,0.2175661423070386,0.46643985926058956,0.2860181094355945,0.002220749,0.21321141676494418,0.4617482179336962,0.28452287532153825,-0.003050595,0.001932637,0.043961764,0.032969903935353116,0.4668964163887134,0.46175355817980357,0.044067480049869205,52.31814327278948,51.17192363801021,0.46606627150694885,2.078140142012138,-2.839371312,4.917511453900971,1.5102571277324224,-1.556619947,3.066877074436051,0.15088062708333005,-0.17016401,0.3210446368016182,76,53,97,0.009020685,-0.752314263,-0.032889128,0.4907188541547715,0.19234556110330567,0.43857218459827757,2.8443921329507855,0,2.8443921329507855,0.5828553380115934,0.5798083100220913,0.06718695,240,0.000343544,-0.000125009,-2.44E-07,0.3354886113633375,0.2191381816288672,0.050960643965873326,26.90010160417916,11.477152427687614,0.6206799488007699,4.917511453900971,3.066877074436051,0.3210446368016182,0.2210347609916262,0.14116883176982906,0.038163788,0.096751822,0.4607751711131273,-0.072066194,1.1788117743564321,1.748726221129168,1.8852251105910045,square
0.023939253,0.18669884891356392,0.4320866220025377,0.26582097619467376,0.003310645,0.2644404951623285,0.514237781,0.32093380032453755,-0.006271706,0.001943765,0.044088146,0.032380606347164616,0.43274927698577775,0.5142484375606559,0.044531999,49.06524742370891,69.28628134979687,0.5195719193623345,1.696978220112861,-1.442844494,3.139822713803537,2.077678610776808,-1.502733802,3.5804124127290087,0.20209937417946477,-0.14284821,0.3449475836926563,62,43,80,-0.020574577,-0.767941687,-0.018626464,0.5047515073015203,0.19893240707099646,0.4460183931980793,2.0818568682999894,0,2.0818568682999894,0.5266372999050974,0.6358253305315441,0.064151578,262,-9.58E-05,-0.000152114,0.000109327,0.3154756555430021,0.262244836,0.043628011,25.975998486680094,17.949590400478087,0.49679138555459107,3.139822713803537,3.5804124127290087,0.3449475836926563,0.20358425974298733,0.1722352228321686,0.032907072886186994,-0.025947696,0.6006367461775115,-0.231433545,1.5721978905779233,1.701993257554305,1.7604864974577432,square
0.023573216409427326,0.14542430460683342,0.3813453875515389,0.2510476517624709,0.000957417,0.2438967822882669,0.49385907128275663,0.30549789786514187,-0.010718547,0.001702006,0.041255377,0.031890916608380775,0.3820732928885754,0.4938599993270164,0.042625032110339814,41.45832032339623,69.2669465,0.515997715,1.4271394063292286,-1.235382079,2.662521485687672,1.889184751819195,-2.345289275,4.234474026709414,0.12268251307745892,-0.1628172,0.28549971307745814,82,55,98,0.015524822618446262,-0.724187857,-0.07017283,0.47926939615938247,0.1619954393414281,0.4024865703864268,2.3513163103400374,0,2.3513163103400374,0.523813222,0.6374241583940111,0.066540689,284,2.604792238570471e-05,-0.000256357,-7.02E-05,0.30844800466577477,0.28381830954031095,0.042607939,26.924668749804162,22.796470289472875,0.5137699274419876,2.662521485687672,4.234474026709414,0.28549971307745814,0.21754182923084142,0.16735995474897059,0.032517805,0.09280464,0.4079841885507849,-0.279676615,1.7972718980368523,1.3843590475706438,1.9907985191905098,square
0.00772423,0.17900696407745786,0.4230921460834009,0.25588943775683115,-0.010245363,0.17495867396025128,0.418280616,0.2748122630143263,-0.009475564,0.001625402,0.04031627,0.030179285704228852,0.4231626493600518,0.41840607241118066,0.041414827,48.706122765249745,47.61731046910964,0.46653111107389933,1.608232646224221,-2.525609615,4.1338422609444425,1.3088680112036193,-1.449511216,2.7583792271683163,0.17056779247693044,-0.149038725,0.3196065175940319,73,73,100,-0.015327821,-0.764312512,-0.012540339,0.4617169226898386,0.1426629404541538,0.3777074800082119,2.5444348127877614,0,2.5444348127877614,0.5542128079775809,0.595196415,0.065363177,272,-0.000121319,0.000298421,4.280091261158457e-05,0.3423863150287332,0.23169035531961502,0.040838162,31.768897331474626,14.54741815675099,0.45196222838036393,4.1338422609444425,2.7583792271683163,0.3196065175940319,0.19664839220266755,0.14778941526234088,0.031783917371150015,0.071026197,0.25048848860815803,-0.415619706,1.3848074593663653,1.9257825869393121,1.7603827524674938,square
0.00637707,0.24665832970954576,0.4966470876885777,0.2853082807976719,-0.005008953,0.4169973160512027,0.6457532934884674,0.3151716176578881,-0.012131256,0.002931034,0.054139025,0.037344276,0.4966880275689689,0.6457727198179511,0.055481541,67.10212711065597,113.43009433981213,0.837270787,2.7766548936089634,-2.125594933,4.902249826353736,7.026507854606731,-2.098068375,9.124576229934345,0.21252329973649253,-0.382128994,0.5946522941066501,62,51,88,0.085290661,-0.792201,-0.216834756,0.5250624986969252,0.391108976,0.6253870611680761,7.063469502594729,0,7.063469502594729,0.5433796473218706,0.6002554218545632,0.071123485,272,-0.000174905,0.000180092,7.136844472188612e-05,0.3812467159500789,0.6118967067728384,0.055804194948946687,39.38960312292045,101.46717290413991,0.843924695,4.902249826353736,9.124576229934345,0.5946522941066501,0.2142495317546341,0.20381743759365137,0.037186766,0.1636947686991359,0.2651487752733954,-0.152508228,1.1877782677135937,0.7806185751889667,1.2244698439100405,square
0.005255559,0.1791039131413903,0.4232067026186971,0.2623042590431667,0.001225323,0.17641178941865857,0.4200140347877182,0.2852221330098978,0.001473421,0.001651202,0.040634988,0.029247453431352922,0.42323933423641263,0.420015822,0.040661691812845846,54.097723281554316,53.276813832096764,0.4993187006870222,1.3644460159153233,-1.501854015,2.866300031065482,1.3190589295955357,-1.709827196,3.0288861254192128,0.26859615580158724,-0.16885268,0.43744883572677473,88,45,134,0.061590394,-0.740666782,-0.075569246,0.4684232449590171,0.13777786164278685,0.37118440382481976,1.7483987890713386,0,1.7483987890713386,0.5599727517074616,0.6088983200350551,0.06243809,302,-0.000124224,-0.000134724,2.29864320088501e-05,0.26833887528878747,0.23350683777141965,0.045246643,21.67373599427453,16.412163892423585,0.6162250390207162,2.866300031065482,3.0288861254192128,0.43744883572677473,0.1746365684054462,0.14730234572155979,0.032405118184004614,-0.119727551,0.6100124705367768,0.2570907668782364,1.7307729483111047,1.825528429891808,1.3067056377724615,square
-0.153416467,0.120302164,0.34684602340120896,0.2758077415546094,0.17452077890473777,0.22413206497761534,0.47342588118692386,0.3642059403115448,0.000212986,0.001060524,0.032565692,0.02548715,0.379260829,0.5045686942797103,0.032566388382250906,29.630787918178065,52.44545085290913,0.21847734836630303,0.4974005645006112,-1.45037402,1.947774584979085,3.905359822701847,-1.003317791,4.908677614,0.086768624,-0.080725593,0.16749421706473733,42,16,96,-0.152932709,-0.576618143,-0.071150764,0.49316462125223487,0.15627756954637034,0.3953195790071247,3.919092997,0,3.919092997,0.5592609933406686,0.7385078272680657,0.051680815,206,-0.000541584,-0.000203413,0.000146852,0.2106436971119338,0.4538932301343448,0.041254282,9.096067391396641,42.23391667639476,0.3488971598471065,1.947774584979085,4.908677614,0.16749421706473733,0.15538865931121576,0.1915657919506049,0.032904872,0.5788294423824685,0.45669053036951507,0.18591296434277826,2.4025819162532147,1.2514922470660812,2.6790606012217335,triangle
0.013123688879997378,0.066324528,0.25753548969591933,0.1665937747893234,0.009282526,0.10271847428961646,0.32049722976902073,0.21967923572943765,-0.007363485,0.001696052,0.041183153,0.026700269,0.257869656,0.3206316259806311,0.041836263944228014,17.422151031636812,26.934815569693626,0.4585715209725115,2.1028852631908648,-0.960686866,3.063572129,1.1596791734152316,-2.118571641,3.2782508140827438,0.4430002042312662,-0.099571892,0.5425720962187146,76,42,106,-0.11878943,-0.404749437,-0.194277872,0.3019181996020994,0.079897073,0.2826607029135058,2.9865850428360408,0,2.9865850428360408,0.5517844551637967,0.7276117463035926,0.088435438,262,-0.000295676,-0.000236142,-2.54E-05,0.24505352649423054,0.2542827306191013,0.055753921,15.673394068949882,16.87619810495047,0.8113185893705978,3.063572129,3.2782508140827438,0.5425720962187146,0.14063010030989714,0.13482216464965574,0.034148762,0.2317552908786374,-0.068111323,-0.318000321,1.0835299080174934,1.3001670099308866,0.9455729886707633,triangle
0.011500309770995174,0.055699307,0.2360070062037988,0.1598474920810991,-0.000797322,0.0866304,0.29433042708556006,0.20753185281656641,-0.009661286,0.000904027,0.030067049,0.024233856416880622,0.23628703752450908,0.29433150703108946,0.031581132,15.577006384488346,24.17005905270264,0.2782656419586065,0.783433726,-1.048355917,1.8317896428130307,1.0316537033119852,-1.404701046,2.4363547488902704,0.09759776,-0.130134429,0.2277321892924764,80,46,98,-0.147568544,-0.589163335,0.044201533,0.292781589,0.057738908986801854,0.24028921945605852,1.4395293955048238,0,1.4395293955048238,0.5459615373980937,0.7088281958488418,0.082771105,279,-0.000390221,0.000135035,3.6613463487264045e-08,0.20668930774683814,0.2006632172255181,0.035533231,11.876332974120004,11.19387710495946,0.3510057221848817,1.8317896428130307,2.4363547488902704,0.2277321892924764,0.13943739632172844,0.13077878574243584,0.027061195558270256,0.032861507,0.045621324,-0.531090175,1.6276768140730549,1.6332283392672573,1.8524075876082595,triangle
0.028023820770934085,0.075240732,0.27430044099444584,0.1823292994739732,-0.007859236,0.085562569,0.2925108008550328,0.21526895251984962,-0.016408973,0.001446694,0.038035430520722904,0.031290923,0.27572824748354835,0.2926163635429591,0.041424007081141676,19.462673013849315,21.91983007055493,0.4392827808405698,0.883847234,-1.661922771,2.545770005282304,0.7771674281635526,-1.036858141,1.8140255692306868,0.072889942,-0.183532965,0.25642290640470655,62,46,98,-0.192726474,-0.509312324,0.02477,0.3156236506363931,0.063748062,0.2524837860043069,1.7551485287740494,0,1.7551485287740494,0.5776794398314182,0.6820431398767827,0.09913998,256,-0.000385922,3.945294194710828e-05,2.6386317102937835e-05,0.24059567109325528,0.1792419336593326,0.041989884772032644,14.761038600616974,8.192556446310162,0.44960353544860876,2.545770005282304,1.8140255692306868,0.25642290640470655,0.14968495533174628,0.1211701375195959,0.031246078188374625,-0.070287103,0.22221484119867835,-0.321249105,1.350918658096673,2.180687283448869,2.029431971602023,triangle
0.005130161,0.2044369100130757,0.4521470004468411,0.2670967903158786,0.013341805,0.21544639609673455,0.46416203646650656,0.26484246629691344,-0.008557113,0.006001661,0.07747039,0.037410292726785255,0.45217610348933457,0.46435374432204396,0.077941552,46.00422642752941,48.51548996982798,1.3668492518738768,1.653661005693341,-3.726362119,5.380023124622921,1.056308996750298,-4.543616556,5.599925552640752,0.9180447726997656,-0.137770379,1.055815151896427,57,45,85,-0.249489863,-0.663269588,-0.066382885,0.4319297816650058,0.23959917770740383,0.4894886900709799,4.733244826364786,0,4.733244826364786,0.6183801059108984,0.6131609150551921,0.086611976,225,0.000126978,-0.000434212,-7.01E-05,0.5220154137571937,0.43110547600532545,0.10940388734163738,61.04002426,41.63087487584841,2.681104268065379,5.380023124622921,5.599925552640752,1.055815151896427,0.26495219,0.16340012868067114,0.047249098,-0.050658025,0.283869767,-0.237011832,1.1043639744266818,1.0277175757156294,0.7289050650569503,triangle
0.002458188,0.119579379,0.3458025141359097,0.23030785725110006,0.014213798110161482,0.10967797923915334,0.33117665865690676,0.2253668400207465,-0.002983578,0.001371007,0.037027107656427305,0.028471078151575117,0.34581125121965084,0.3314815399021034,0.037147119,30.135526210465315,27.68976284655918,0.3477369264453005,2.1525414282487327,-0.96576047,3.1183018985235895,1.2443114023694468,-1.397252325,2.6415637271750825,0.08427246,-0.168054731,0.25232719087019007,74,50,115,-0.160111319,-0.702917894,0.074755932,0.3665859090418778,0.096460112,0.3105802834955646,2.5717680789931827,0,2.5717680789931827,0.6282506918242823,0.6147722220476264,0.077665499,252,-5.04E-05,-0.000207568,6.113193120484565e-05,0.3623154846352045,0.23121632972981426,0.04668405,32.94940074876192,13.418719588753932,0.5470304777234973,3.1183018985235895,2.6415637271750825,0.25232719087019007,0.22565849632353155,0.15341328081376918,0.035848354,-0.091132799,0.48305694439309754,-0.032935673,1.4900779812749305,1.6627649171528796,2.0455233495312113,triangle
-0.002379801,0.11111004286867963,0.33333173096583474,0.20710178059571074,0.001986274,0.16552826176785893,0.4068516458954774,0.22110803566083298,-0.003532584,0.001426605,0.037770420808530165,0.026632760469241734,0.3333402260787913,0.40685649441938226,0.037935258471037604,30.33458783,45.190292524985466,0.3928698870271895,1.054700574544528,-2.420574997,3.4752755717886927,1.0667519415472118,-4.560044008,5.6267959500206235,0.2216152125699491,-0.131751963,0.3533671757533021,93,51,112,-0.171192833,-0.773530638,0.2373611441162958,0.3415278041756884,0.16144575618368556,0.4018031311272792,4.597132175108868,0,4.597132175108868,0.6063979916118154,0.6474085754757615,0.077981234,273,-3.21E-05,-7.38E-05,-8.57E-05,0.3354400696370956,0.40114292500727355,0.044740699,30.60545124744192,43.76905726944891,0.5444725899301583,3.4752755717886927,5.6267959500206235,0.3533671757533021,0.20346994964926018,0.15616011120924295,0.031212886648166172,-0.229215282,0.4688197357913936,-0.053188871,1.268029287051595,0.9573918106793753,1.4472723466293378,triangle
0.011401546230557518,0.058141587401522386,0.24112566723914397,0.18336603913555297,-0.008544589,0.086009087,0.2932730579791794,0.22491909677898247,0.002111483,0.000977189,0.031260027,0.022985523122028947,0.24139507587763656,0.29339750602932585,0.031331257,14.684438829808418,21.69268832914553,0.2473752142621444,0.5181877092536016,-0.727633015,1.2458207245299713,0.7268648745736908,-0.974272704,1.7011375784410945,0.21152370100477924,-0.074773394,0.28629709535671033,79,45,105,0.082521496,-0.535265374,-0.096864216,0.317751335,0.044369416,0.21064049036393068,1.080082784642376,0,1.080082784642376,0.5770739988987935,0.7078462468778175,0.072338083,252,0.000236508,-0.000247237,-0.000103024,0.23611553042874428,0.19550627952696722,0.040509001,13.993400511051126,9.593914382,0.41188843670773617,1.2458207245299713,1.7011375784410945,0.28629709535671033,0.1645697578307969,0.140216766,0.029676839543454497,-0.009009163,0.6067950521228762,0.1456133240306394,2.5465471710055403,2.351200685727058,1.4664560522513668,triangle
-0.01214573,0.071760871,0.2678821967023895,0.18773803490958277,-0.000595118,0.076898217,0.2773052768669445,0.2062072220010243,0.002994087,0.001089044,0.033000674,0.024665651932932863,0.2681573979238171,0.27730591544974026,0.033136219,17.186105224644102,18.37875840767702,0.2624241543034372,1.232802396,-0.922396147,2.155198542616526,0.7542522317429721,-1.310377582,2.0646298142384376,0.11097798590272667,-0.162792176,0.2737701619305035,67,44,106,0.004941881,-0.651572455,-0.038505084,0.3063808933455102,0.056035718,0.23671864736712206,1.806486216074139,0,1.806486216074139,0.6127602368802596,0.6730420197517383,0.080506493,239,0.00024051,3.7929298699931076e-06,8.989994569219562e-05,0.22856453370779214,0.1614807318192574,0.043075705,12.433549331578268,6.20609437,0.4416148121638551,2.155198542616526,2.0646298142384376,0.2737701619305035,0.16613091874043848,0.11353570480005455,0.032472659,0.1473983234924688,0.7614449051264555,0.24152839213946137,1.638633838,1.8427244397481362,1.692348288341521,triangle
0.00977384,0.066637441,0.25814228743518713,0.1839558428734938,-0.004359247,0.10175634080676596,0.31899269710569544,0.2270320841737643,-0.010111967,0.001078081,0.032834144,0.026902902400670427,0.25832725079219654,0.31902248171309966,0.034355974,17.350571810482144,26.461589397980106,0.30688655809912796,0.9081671382913199,-1.1379394,2.046106538665247,1.1326359598588511,-0.937248346,2.069884305532385,0.17014379276943714,-0.101777069,0.27192086172943775,57,37,92,-0.06453841,-0.580569875,-0.070763448,0.3243933790123495,0.064457581,0.25388497574483504,1.146914016863685,0,1.146914016863685,0.5670764235780733,0.6998665566674706,0.082932955,260,7.77560252573801e-05,-0.000150075,9.905535442555216e-05,0.2450189161132459,0.20033737626860515,0.036485874,15.548877302521104,10.394987494811303,0.3447882562542435,2.046106538665247,2.069884305532385,0.27192086172943775,0.15648013898212182,0.1302672344004166,0.027364384726273637,-0.064507882,0.30443451851348474,-0.345445121,1.6291684471162726,2.035173349335847,1.6727775489045755,triangle
-0.001964813,0.14397932687309967,0.37944607900609495,0.272545285,-0.019084139,0.15280464681942152,0.39090234946776864,0.292825726,-0.003287925,0.001802127,0.04245147,0.032486957,0.37945116597962486,0.3913679230188043,0.042578606415506315,30.95638528310881,32.93130300113134,0.389781611,0.963567166,-1.231362264,2.194929430035869,1.1189858769019065,-0.990248206,2.109234082858709,0.2054723580160136,-0.12424812,0.32972047806816995,51,38,86,-0.169586518,-0.670402035,-0.012706678,0.44431362873969243,0.10155037557180287,0.3186696966638072,1.3330960985946905,0,1.3330960985946905,0.6134074252272967,0.6590518508643467,0.073117174,215,-4.85E-05,0.000321199,-1.20E-05,0.2931342171530319,0.22810665012153755,0.047864339,18.388521726277084,11.13500785763394,0.4902729530184019,2.194929430035869,2.109234082858709,0.32972047806816995,0.19889982552792776,0.15904444675498217,0.037361477,0.10064511132583669,0.3596603215269952,-0.117187923,2.2258930716055696,2.541358373187751,1.7876683349925382,triangle
0.006599993,0.15577593071685583,0.3946845965031519,0.2713391241815907,-0.023438483,0.15820552999044685,0.3977505876682608,0.2977593733387236,0.009211062,0.001902862,0.043621803,0.033579526304986104,0.39473977582643166,0.3984405758669847,0.044583689,34.280287936290335,34.92607634938717,0.4372951729737131,1.6854577128660473,-0.972601873,2.6580595861936613,1.4013367359759024,-1.138072112,2.539408848,0.15918174793239714,-0.121294399,0.28047614731476145,43,19,95,-0.090410033,-0.542301173,-0.047156959,0.44154600326803795,0.12159921544643652,0.3487107905506174,1.798142623938566,0,1.798142623938566,0.614520607,0.6743563850455842,0.076049891,220,-0.000340788,0.000370932,0.000107964,0.31886844420382143,0.2510432048818375,0.055830852,22.267306985181087,13.801999399353875,0.6826439512012247,2.6580595861936613,2.539408848,0.28047614731476145,0.20019353704512874,0.16538732934543687,0.040552771199524294,0.039171912,0.7403959667766316,0.2757411160390274,1.884000441346006,2.1164108658955487,2.1467539054097733,triangle
0.01809164,0.07325154,0.27065021775792697,0.1908356916247154,-0.028970962,0.11219327057862562,0.33495263930685126,0.22521767750505087,-0.010990419,0.001284008,0.035833057,0.029310335251067857,0.27125421254490745,0.33620319337318505,0.037480626,17.58534462978252,27.01478834900421,0.3357465573989101,0.8601936734297573,-0.764542344,1.6247360175937475,2.2545255146607817,-1.2931522,3.5476777148871816,0.079957692,-0.11821287,0.198170562,65,52,95,0.12206264359700657,-0.54953761,-0.114708791,0.3259979027499683,0.0817416,0.2859048788873667,2.382998097,0,2.382998097,0.5853893051489605,0.6908561947689119,0.089909579,239,-1.02E-06,0.000392048,-8.99E-05,0.26495696294645427,0.31626825419552584,0.042470010365436225,16.708121747134374,23.806131430557116,0.4292829468079824,1.6247360175937475,3.5476777148871816,0.198170562,0.17517389837204145,0.16344366511780903,0.032803224525329834,-0.193444795,0.1278638159941869,-0.447937226,2.1841547003837847,1.246001013175769,2.5531724684856054,triangle
0.015190992341388354,0.16984812150067505,0.41212634167288437,0.2605999488482721,-0.025490879,0.18670491742826603,0.4320936442812669,0.3096276127809793,-0.014611528,0.002502041,0.05002041,0.039996058,0.41240621691360463,0.432844894,0.052110826178741555,38.94806529451897,42.904226833867206,0.6218582489521027,1.1865191617934454,-2.161968383,3.348487545,1.2164997345875719,-1.209200755,2.4257004891195164,0.25301788178594364,-0.134727721,0.3877456030552917,67,30,80,-0.381752997,-0.742916447,0.2913174235443538,0.4480499895197937,0.1594003351766327,0.3992497153118994,2.4799686766613736,0,2.4799686766613736,0.5816314007980697,0.6910559382051751,0.089266952,229,0.000179848,0.000176012,7.143215141121586e-05,0.35002689713041146,0.23888212076346144,0.05345367,27.93430032169725,13.010751280990728,0.6514643952850216,3.348487545,2.4257004891195164,0.3877456030552917,0.21089422438624347,0.14970440333258145,0.039691013172679285,-0.194585493,0.3395369155757188,-0.489389173,1.4578024139779535,2.4056069283111565,1.7729792482146915,triangle
-0.006099617,0.063090996,0.2511792100862215,0.16768482640897794,-0.014777193,0.092325558,0.3038512109751224,0.2145214673270925,0.010198518910130702,0.001194274,0.034558269,0.027414508,0.25125326048167296,0.30421032832064293,0.036031704,16.476460435597236,24.153964126664828,0.33885205072418734,0.6006740542414171,-1.644305876,2.244979930186089,0.9337081026858653,-1.23068115,2.1643892529565747,0.14638571202385364,-0.07138416,0.21776987181996788,76,48,114,-0.283494949,-0.521378602,0.1019399388532182,0.3024742574790603,0.065479732,0.2558900780440025,1.682644455505009,0,1.682644455505009,0.5543771634080787,0.7092222062888156,0.090634181,261,0.000171115,0.000256581,-0.00016278,0.2114689145588176,0.18215614640140654,0.045678885,11.626974087271188,8.627041152,0.5425126287825813,2.244979930186089,2.1643892529565747,0.21776987181996788,0.1385765803463688,0.12178077992757988,0.034297802,-0.071389701,0.7658326570047341,0.18523142625842737,1.471141968877821,1.8237534440792502,2.1813077369433143,triangle
0.023364428,0.07094467,0.2663544071648676,0.20701535198186916,0.006869585,0.11404279497619929,0.33770222826655927,0.251874361,-0.017606872,0.001176636,0.034302125582373964,0.031583371,0.267377199,0.33777209205670555,0.038556942,14.083641640146555,22.475727275955627,0.292867636,0.620618169,-0.917652592,1.53827076,0.6662569433773461,-1.694735324,2.360992266963162,0.092398712,-0.095395267,0.18779397900105899,39,30,66,0.10822985859609249,-0.559474785,-0.067279559,0.3681876149014318,0.051505070852830556,0.22694728650686827,1.7445974943387512,0,1.7445974943387512,0.5622550514490802,0.6840924145519522,0.085780642,197,-0.000295584,-0.000125605,0.000106055,0.20692752702147718,0.2055612620353401,0.035514571298952316,8.392541406631196,8.282067852319553,0.24721402035983814,1.53827076,2.360992266963162,0.18779397900105899,0.1436425602220447,0.12422008944870436,0.027965405,0.057507088,0.076598285,-0.465057291,2.3826248289617946,1.8732876382196535,2.5406886593357454,circle
0.032705214264296775,0.089638921,0.29939759765000984,0.23985571686704613,-0.016032654,0.12745270631121192,0.35700519087432314,0.27663998047691435,-0.025412392,0.001569467,0.039616502977212045,0.036073320595217485,0.3011786056788741,0.3573650127056174,0.047066516,16.599665110916746,23.37088467201375,0.4053920223143881,0.8074801804753393,-0.638675551,1.4461557310044975,1.152195323,-1.22476203,2.376957352695511,0.052904997,-0.139182167,0.19208716393579373,36,34,55,0.024129462496449778,-0.585263832,-0.193249055,0.4175068546993411,0.046321588,0.2152245061705513,1.2306847329918698,0,1.2306847329918698,0.5744952649815069,0.6625998369538927,0.086401742,183,-0.000418373,6.525854287618536e-05,-7.19E-05,0.2537786962262638,0.23419060550962123,0.036111631,11.72149190842186,9.981834402110563,0.2373380255989646,1.4461557310044975,2.376957352695511,0.19208716393579373,0.17569647311162148,0.16727492498568922,0.027951477592834322,-0.026492393,-0.223735332,-0.714926838,2.880148618474046,2.078779877080509,2.782051456066733,circle
0.019722608671785477,0.27045056615468127,0.5200486190296839,0.3192824241247025,0.004506344,0.071871869,0.2680892934104949,0.20716207,-0.017217694,0.002520158,0.050201173,0.036161155,0.5204224701600629,0.2681271645659225,0.053071713,55.52210722673783,14.737896157523064,0.5774043869113068,0.9529539677365264,-5.272698688,6.225652656056526,0.7616173196869198,-0.610942231,1.3725595508869197,0.43888436031999767,-0.107780532,0.5466648925926272,44,40,71,0.014429559,-0.83383584,-0.079887965,0.4234230246902027,0.16626127275328395,0.4077514840601858,5.3260887477968835,0,5.3260887477968835,0.7540506726524818,0.48925555070296084,0.085401955,205,-0.000218201,-0.000141437,-3.42E-05,0.5816845279630033,0.20666153252601197,0.062085315,69.02481528735501,8.712637842185206,0.7863358540171886,6.225652656056526,1.3725595508869197,0.5466648925926272,0.2883989908933952,0.14765566393203383,0.035047546,-0.001758064,0.14941510660455623,-0.623278318,0.9904943210025586,2.7047253846939405,1.1085386993509954,circle
-0.013840963,0.099353086,0.3152032454973668,0.23616803454754914,0.010411812867555855,0.058135473,0.24111298712592952,0.17000015567062846,0.000533818,0.001363574,0.036926601,0.025039727,0.3155069860073733,0.24133768542848352,0.03693046,21.89982480828051,12.813653249755086,0.3000489491416009,2.109071530045989,-0.811596985,2.9206685150029497,0.4624785573049076,-0.886308445,1.348787002499905,0.10798590951788789,-0.314290015,0.42227592414290527,37,48,81,-0.097612573,-0.790257011,0.10204508789578938,0.3224934010796333,0.055150401747259784,0.2348412266772165,2.230594949226523,0,2.230594949226523,0.7323189449263885,0.5271430355786411,0.07764415,220,-0.000140899,-0.000167794,-2.01E-05,0.2937861475306594,0.1403020063649597,0.04649855,18.901960153028185,4.310945170733963,0.47350330441553923,2.9206685150029497,1.348787002499905,0.42227592414290527,0.17086226373517543,0.098966919,0.030197072,0.4276996663209621,0.804820453,-0.181734,1.424458399167145,2.2334315428184546,1.1158847747908858,circle
0.011667912032440277,0.14632019839846386,0.3825182327660524,0.27799544010790544,0.001038367,0.16164972783024698,0.4020568713879256,0.29743471640648117,-0.002343258,0.00163367,0.040418684844803175,0.030769427913937296,0.382696144,0.4020582122485572,0.040486553,27.387335312526538,30.228700728826603,0.30652309638317043,1.247167560597353,-1.113326572,2.3604941330742197,1.0202309961574598,-1.053540081,2.0737710771237787,0.12134886259822153,-0.124720242,0.24606910482422784,45,35,88,-0.193710544,-0.746657213,0.078824762,0.4769851320763826,0.082231489,0.2867603342993376,1.5149563983684193,0,1.5149563983684193,0.5828178188061638,0.6235722880417334,0.064508148,187,0.000260599,-0.000112703,-4.33E-05,0.3522571953718492,0.23234242554259546,0.050643182574257734,23.07984712618525,10.040840866068521,0.4770404901104903,2.3604941330742197,2.0737710771237787,0.24606910482422784,0.21485328582351348,0.1656669702344259,0.038784471,0.14702832930994642,0.5135467894737814,-0.148657798,2.175384766599167,2.6381452824992944,2.221934474940254,circle
-0.010078226,0.092667065,0.30441265527289885,0.23023666413079166,-0.002546895,0.090162416,0.3002705706709578,0.22722425301223512,-0.000190939,0.001094074,0.033076785434611934,0.025714205077063186,0.30457944009076326,0.30028137186131726,0.033077337,18.64649570052657,18.123949359669858,0.21991614866684628,0.878370116,-0.809062485,1.6874326006346358,0.8722898991508335,-0.909037578,1.7813274770968643,0.088497024,-0.098635029,0.18713205300896973,41,33,77,-0.016634082,-0.650740795,0.023024234192030712,0.36967031162168623,0.047375509,0.21765915673551475,0.9417149181877995,0,0.9417149181877995,0.6228161977428407,0.6146672852054708,0.069559831,201,9.670646837664165e-05,0.000102237,0.000148916,0.24511163776213615,0.16797761066842787,0.037041099,12.015944863715536,5.643297627669652,0.2744130374796928,1.6874326006346358,1.7813274770968643,0.18713205300896973,0.17016520739392924,0.12566220028179684,0.029360368960663505,0.15794204936055944,0.4538956186139309,-0.029900817,2.501728760822499,2.333926717477295,2.482992945404742,circle
0.03305588,0.25386389703423146,0.5038490816050293,0.4075633798386779,-0.033786176,0.10185814093417805,0.31915222219840184,0.24412160210139072,0.006834684,0.001881657,0.043378075630075126,0.035191065,0.5049322610223572,0.3209355801354859,0.043913213858566516,46.14714246802812,18.642936034039064,0.34903503360126387,0.8233070182100306,-2.403716811,3.2270238295969103,1.046061289122975,-1.055683326,2.101744615241045,0.1971164313754894,-0.076654503,0.2737709345104964,32,28,52,-0.008312743,-0.690982165,-0.020281738,0.5215184432459492,0.087903119,0.296484601,2.407767173092883,0,2.407767173092883,0.7814936888656366,0.4680977261340788,0.067478082,181,-7.84E-05,9.334442022781665e-05,-9.03E-05,0.4147569070337354,0.20254483816127344,0.047803545,30.964193652979407,7.384395632212304,0.4113336777548521,3.2270238295969103,2.101744615241045,0.2737709345104964,0.2647867908434074,0.14495556623471895,0.036195661987758705,0.041624519,1.0035563628092155,0.053324121272891795,2.0413382737185417,2.1357633862434358,2.1869723349209886,circle
0.007447846,0.1939701316454503,0.440420403,0.2952902469332918,-0.012937765,0.09258877,0.30428402896935386,0.22212999986185628,-0.003824256,0.001693926,0.041157334658843255,0.029321581836568095,0.44048337319154707,0.3045589533269418,0.041334624,40.357325228106376,19.29328045873328,0.35537863515879353,3.5650839827035217,-0.807219627,4.372303609547698,0.827660003,-1.067117678,1.8947776806150252,0.081542621,-0.310536928,0.3920795490387654,39,39,94,-0.025245253,-0.77509701,-0.013150319,0.4231614020357206,0.10942473706754038,0.33079410071453874,3.5795023640387047,0,3.5795023640387047,0.6978194101223135,0.5249297160467586,0.069291719,208,6.949107700938025e-05,0.000323283,2.0452061402999544e-05,0.4295136337383044,0.23084719158289274,0.050911021,38.18776704399106,11.031139787279516,0.5365300290324164,4.372303609547698,1.8947776806150252,0.3920795490387654,0.22471719348005137,0.15701201764821243,0.035614331,-0.225781858,0.5578803936125054,-0.019542415,1.276056708854106,2.1375200178643876,1.3478808158817102,circle
0.025776272,0.20832715220880327,0.45642869345474246,0.3580756795826914,0.011652820593705697,0.091361543,0.3022607202850229,0.22992928367283866,-0.013102095,0.002065019,0.045442479,0.037305406,0.4571559563057818,0.302485258,0.047293591026723474,38.66344015138297,16.927006282176837,0.4137864941575511,1.2520735965052892,-1.243921804,2.495995400459421,0.7720608701375786,-0.624607622,1.3966684922616475,0.11618819159061111,-0.140099323,0.2562875142198351,41,45,65,-0.086151616,-0.821018779,0.063113813,0.4800024942911783,0.072323189,0.2689297099007734,1.268759715024004,0,1.268759715024004,0.7459871071119998,0.4790168418233071,0.07771919,185,0.000150443,-0.00011954,-8.44E-05,0.4358216995211988,0.18986876864750446,0.052177741,34.94906606,6.633230101941685,0.5009443821297792,2.495995400459421,1.3966684922616475,0.2562875142198351,0.2991643973182967,0.1333928748091098,0.039911009,0.06710909,0.38289710584476133,-0.476875249,2.5632775264790735,2.809589909380196,2.515463297,circle
0.013152030292791774,0.18482599661939164,0.4299139409456172,0.3155733218606563,0.010310188052771854,0.10418580780827277,0.3227782641509071,0.2387289036587424,-0.002566056,0.001574294,0.039677379,0.031053238251903467,0.4301150689294832,0.3229428862600263,0.039760269,38.66478525672474,21.797050527264865,0.3304037151406164,1.3745576563335793,-1.649556345,3.0241140010948424,0.8921848662032047,-1.440905387,2.3330902533302305,0.14236533451972022,-0.131864225,0.2742295594331132,69,59,88,-0.256802701,-0.81194532,0.1626535708415199,0.44726229780358945,0.090828396,0.30137749798124486,1.8807705491359339,0,1.8807705491359339,0.7055665464196393,0.5337559179334594,0.069429589,209,-5.28E-06,-0.000317193,-5.07E-06,0.3957250019142066,0.2931795723400368,0.044936844235615066,32.57244165090997,17.878507347745618,0.42001855908094915,3.0241140010948424,2.3330902533302305,0.2742295594331132,0.2786954883123973,0.1971652201155901,0.035344802880718014,0.042082567,0.7331685530152826,-0.115755927,1.9714435321873587,1.9254633380254604,2.042477743298403,circle
0.015263708041841262,0.13503853914297959,0.3674759028058569,0.2827339569900064,0.003399828,0.05807847,0.24099475036555967,0.17613083801354884,-0.020275412,0.001764596,0.042007091,0.03828479,0.3677927676371113,0.24101873066821294,0.046644270706316715,27.865933104790223,11.966545877780813,0.44819172588317613,1.011964477416284,-1.162059674,2.1740241512548217,0.7774145846886598,-0.696218409,1.4736329932349246,0.072383414,-0.121661683,0.19404509686322768,58,55,59,-0.160611865,-0.663939652,0.064489031,0.38047246564901005,0.050777939,0.22533960888350218,1.3480303588715414,0,1.3480303588715414,0.743112774,0.46292662225593273,0.10062433578588952,206,-4.47E-05,-1.12E-05,-2.81E-05,0.33431158124619276,0.17087432044916398,0.044735368179412115,22.911668248021137,5.985596870389014,0.41025706093111813,2.1740241512548217,1.4736329932349246,0.19404509686322768,0.25737063183412673,0.12590754407088978,0.035927593,-0.178620338,0.22154584681335296,-0.471308839,2.3806924567328305,2.2173959141866084,2.9726805723437306,circle
-0.006261171,0.17725414709087203,0.4210156138326369,0.34670063380186095,0.007382326,0.11631064058756041,0.3410434585028137,0.23754831978746838,-0.01334282,0.00270323,0.051992599,0.036919321413880074,0.4210621680394551,0.34112334914020026,0.053677381,34.92678982275501,22.92393244773951,0.5676084632087655,0.9669158519824776,-0.930507392,1.8974232441052294,0.9039021868588328,-1.353735674,2.2576378607778667,0.24411641945050455,-0.368285688,0.6124021071571519,35,38,66,0.17424951272443454,-0.663734456,-0.183266872,0.4698133661101871,0.075815151,0.2753455119327186,1.3828704400640905,0,1.3828704400640905,0.7379539439093108,0.5056227256751312,0.078582951,197,0.000337615,-9.02E-05,3.899787227263148e-05,0.29778443606218324,0.20334881771374888,0.062359366,17.38043413152131,8.104746961255387,0.7621836345890307,1.8974232441052294,2.2576378607778667,0.6124021071571519,0.21470931782265965,0.14651470297241628,0.041371422438449434,0.10024482728714654,0.3885054985465499,-0.280234029,3.034620503981343,2.035737443725897,1.1492776315126325,circle
-0.020774158,0.14368634594094523,0.37905981842045094,0.2986932297785423,0.007418113,0.096920643,0.3113208040505754,0.23706789465563122,-0.018447682,0.001974538,0.044435771,0.036159231945536094,0.3796286495607356,0.3114091704470232,0.048112938,28.67946440189425,19.29815861626213,0.46065609668539986,1.7656095998436474,-1.124199804,2.889809403418018,0.5963287432091734,-0.810072125,1.4064008687060239,0.098301685,-0.27232283,0.3706245147828824,31,31,60,0.13076123771407291,-0.736327118,-0.158330413,0.4280232877103378,0.060204502940657295,0.24536605906412015,1.7917284156892894,0,1.7917284156892894,0.6978433916479966,0.5538668009984482,0.084479588,199,0.000259437,2.966351972715475e-05,0.000161213,0.30029048776864903,0.14837427586828367,0.044761486489262266,17.85453998167001,4.358955470633665,0.3967160991484439,2.889809403418018,1.4064008687060239,0.3706245147828824,0.20014228290457645,0.10946303100615011,0.033552849264158455,0.022562260128280914,0.2774541271069872,-0.327941624,1.8148590759683865,2.8750948814670414,1.6414127997920773,circle
-0.020002791,0.2463602676421255,0.4963469226681329,0.3861052708353598,0.012870504182995445,0.1386086990932526,0.37230189241159195,0.3053102287512427,-0.08556879,0.00994535,0.099726374,0.090969759,0.49674981560419446,0.37252429312888724,0.13140535555248195,42.442785240081804,23.86918802304246,2.9699872044743616,1.7634231951324435,-1.242582041,3.0060052360933467,1.1547008479839374,-0.73906005,1.8937608976132165,0.066769815,-0.701226795,0.7679966097992974,21,25,24,0.071975578,-0.424436101,-0.225241196,0.5649807511032188,0.083598847,0.2891346513731883,1.9695153745816942,0,1.9695153745816942,0.6833954311672933,0.540390487,0.1610139062389155,172,-0.000244363,0.000466795,3.1367933616856486e-05,0.3878595281498108,0.24082731581268627,0.060357599,25.72439753,9.917660383550153,0.6229599648926667,3.0060052360933467,1.8937608976132165,0.7679966097992974,0.2581328604936693,0.17179137802126573,0.036442942,-0.015732543,-0.977989535,-1.021244967,2.311929962226934,2.7159502944533327,1.482082283245405,circle
0.012392324620388905,0.067519361,0.2598448793973248,0.2088541675765055,-0.002307564,0.060393422,0.2457507311207175,0.18755727599391755,-0.006305393,0.001036714,0.032198048406544014,0.025389612303790606,0.26014021422784167,0.24576156473089222,0.032809637,16.376849316158783,14.616496701152322,0.2605062958115832,0.7611136689321785,-0.717348183,1.4784618519122663,0.7214475168482797,-0.624636647,1.3460841640798857,0.071670032,-0.129424288,0.20109431956494994,51,59,100,0.036438072,-0.635387354,-0.025271453,0.3137751325342612,0.030693316,0.17519508057400698,0.8617802086206711,0,0.8617802086206711,0.6656173140091893,0.5977442141499087,0.080916583,242,-0.000195863,-3.98E-05,7.112414291370033e-05,0.21217868423103953,0.16418819375946142,0.04062054,10.849779609414668,6.496821258,0.39765803467796756,1.4784618519122663,1.3460841640798857,0.20109431956494994,0.15647658351295218,0.12411496992070702,0.031474151,-0.197666979,0.33968565008632584,-0.264169195,2.4888660203805184,2.485945938742272,2.236364318907326,circle