gesture_id,Ax,Ay,Az
4,1.226,-0.074,10.032
4,1.25,-0.069,10.032
4,1.276,-0.067,9.972
4,1.264,-0.079,9.984
4,1.245,-0.086,9.998
4,1.247,-0.067,9.989
4,1.312,-0.065,9.981
4,1.29,-0.081,10.005
4,1.252,-0.098,10.008
4,1.262,-0.043,9.993
4,1.255,-0.081,9.984
4,1.271,-0.081,10.027
4,1.298,-0.079,10.013
4,1.267,-0.053,10.003
4,1.281,-0.057,10.02
4,1.259,-0.089,10.013
4,1.29,-0.067,9.996
4,0.615,0.383,9.895
4,1.19,-0.12,10.008
4,-0.599,-0.019,10.053
4,0.946,0.285,9.934
4,1.494,-0.35,10.003
4,0.369,-0.18,10.118
4,-0.01,0.038,10.096
4,0.278,-0.129,10.099
4,0.546,-0.177,10.015
4,-0.079,0.249,10.082
4,-0.012,-0.105,10.127
4,0.752,0.057,10.092
4,0.089,0.211,10.096
4,1.326,-0.096,9.979
4,0.239,-0.024,10.029
4,1.164,-0.053,10.092
4,1.211,-0.096,9.969
4,-0.103,0.342,10.077
4,0.294,0.294,10.02
4,1.324,-0.294,9.967
4,1.269,-0.335,9.962
4,1.549,-0.074,10.003
4,1.539,-0.354,9.979
4,2.289,-0.352,9.938
4,1.879,-0.201,9.977
4,2.179,-0.294,9.847
4,1.7,-0.218,9.979
4,2.43,-0.136,9.924
4,0.874,0.206,10.058
4,1.511,0.587,9.984
4,3.156,-0.491,9.799
4,2.15,-0.218,9.931
4,4.432,-0.668,9.754
4,3.218,-0.16,9.835
4,3.127,0.074,9.89
4,2.514,0.165,9.948
4,1.65,0.007,9.943
4,1.36,-0.053,9.96
4,1.312,-0.072,9.984
4,1.283,-0.091,9.998
4,1.267,-0.024,10.022
4,1.298,-0.043,9.977
4,1.322,-0.053,9.955
4,0.84,0.443,9.831
4,0.9,2.052,10.003
4,1.635,0.522,9.91
4,1.738,0.962,9.957
4,1.899,0.733,9.924
4,1.384,1.247,9.969
4,0.989,1.329,10.046
4,1.12,0.843,9.965
4,1.334,0.491,9.96
4,1.391,0.716,9.96
4,1.286,0.646,9.993
4,1.389,0.599,9.986
4,1.803,0.172,9.953
4,1.575,0.124,9.938
4,1.312,-0.019,9.998
4,1.549,-0.067,10.01
4,1.609,-0.053,9.924
4,1.453,-0.187,10.027
4,1.539,0.091,9.929
4,1.446,-0.275,10.005
4,1.465,-0.431,9.955
4,1.346,-0.74,10.072
4,1.425,-0.615,10.027
4,1.36,-0.567,9.981
4,1.204,-0.678,10.017
4,1.336,-0.405,9.955
4,1.204,-0.395,10.027
4,1.302,-0.5,9.989
4,0.96,-0.816,10.029
4,1.164,-0.721,10.017
4,1.171,-0.991,10.015
4,1.302,-1.228,9.977
4,1.25,-1.104,10.008
4,1.255,-1.42,10.027
4,1.142,-1.616,10.005
4,1.324,-1.745,10.003
4,1.355,-1.705,9.979
4,1.255,-0.436,10.029
4,1.305,-0.113,9.979
4,1.262,-0.034,9.989
4,1.262,-0.031,9.967
4,1.899,0.136,9.912
4,2.71,-0.204,9.795
4,2.502,-0.491,9.869
4,2.82,-0.266,9.862
4,2.758,-0.373,9.886
4,2.468,-0.062,9.917
4,2.421,-0.005,9.907
4,2.251,-0.18,9.917
4,1.961,-0.144,9.953
4,1.504,-0.146,9.977
4,1.132,-0.369,10.001
4,1.472,-0.156,10.048
4,1.379,-0.036,9.979
4,1.116,-0.187,10.003
4,0.915,0.266,10.027
4,1.087,0.158,9.996
4,1.032,0.242,10.036
4,0.781,0.395,10.025
4,1.144,-0.117,10.001
4,0.974,-0.33,10.001
4,1.075,-0.28,10.015
4,1.164,-0.012,9.998
4,1.106,0.055,10.017
4,0.479,0.022,10.046
4,1.089,0.086,10.027
4,0.939,0.029,10.017
4,1.037,0.177,10.034
4,0.821,0.038,10.072
4,1.231,-0.249,9.969
4,1.264,-0.182,10.01
4,1.068,-0.268,9.991
4,1.14,-0.156,10.02
4,0.919,-0.117,10.056
4,0.62,0.062,10.089
4,0.493,-0.041,10.063
4,0.441,-0.012,10.113
4,-0.048,-0.072,10.12
4,0.151,-0.091,10.104
4,0.062,-0.184,10.101
4,0.371,-0.235,10.08
4,1.207,-0.074,10.044
4,1.279,-0.043,10.001
4,1.312,-0.079,9.993
4,1.326,-0.093,9.986
4,2.483,-4.324,9.541
4,1.508,-1.525,9.902
4,1.398,-1.523,10.032
4,1.144,-1.738,10.01
4,1.571,-1.815,9.969
4,1.451,-1.59,9.998
4,1.279,-1.446,9.969
4,1.518,-0.948,9.943
4,1.283,-0.448,10.02
4,1.448,-0.771,9.974
4,1.362,-0.661,9.998
4,1.638,-0.393,9.991
4,1.161,0.093,10.015
4,1.417,-0.529,9.993
4,0.843,-0.026,10.013
4,1.252,0.065,9.984
4,1.329,0.014,10.005
4,0.785,0.215,10.032
4,1.465,0.182,9.986
4,0.898,0.354,9.989
4,1.101,0.215,10.039
4,1.472,0.283,9.984
4,1.338,0.443,9.965
4,1.142,0.024,9.981
4,1.413,0.168,10.01
4,1.264,0.268,10.022
4,1.264,0.29,10.017
4,1.267,0.594,9.991
4,1.422,0.091,9.993
4,1.214,0.208,10.005
4,1.549,0.342,10.025
4,1.516,0.285,9.965
4,1.326,0.115,9.965
4,1.185,0.46,9.989
4,1.362,0.488,9.965
4,1.262,0.687,9.946
4,1.41,0.663,9.941
4,1.367,0.457,9.996
4,1.29,0.773,9.974
4,1.405,1.152,9.979
4,1.393,1.204,9.977
4,1.324,1.132,9.967
4,1.307,0.187,10.008
4,1.279,-0.055,10.017
4,1.302,-0.124,10.003
5,1.358,-0.079,9.986
6,1.298,-0.062,9.902
6,1.302,-0.096,9.929
6,1.267,-0.069,10.029
6,1.245,-0.069,9.991
6,1.257,-0.081,9.969
6,1.314,-0.034,9.91
6,1.267,-0.074,9.986
6,1.267,-0.06,10.01
6,1.259,-0.055,10.008
6,0.931,0.093,9.934
6,0.982,-0.151,10.029
6,0.407,-0.225,10.096
6,0.797,-0.084,10.027
6,0.85,-0.271,10.015
6,0.936,-0.081,9.967
6,1.142,-0.182,10.032
6,1.003,0,10.036
6,0.627,-0.014,10.075
6,0.898,0.029,10.008
6,0.776,0.031,10.063
6,0.615,-0.041,10.027
6,0.46,0.034,10.077
6,0.429,-0.06,10.058
6,0.69,-0.29,10.06
6,0.8,-0.079,10.063
6,0.464,-0.041,10.058
6,0.584,-0.132,10.096
6,0.378,-0.213,10.053
6,0.352,-0.22,10.027
6,1.978,-0.239,9.89
6,1.374,0.065,10.013
6,0.29,0.002,10.101
6,2.045,-0.074,9.943
6,1.695,-0.108,9.991
6,1.353,-0.034,9.977
6,2.274,-0.151,9.838
6,1.482,-0.168,9.922
6,1.477,0.254,9.996
6,2.231,-0.235,9.881
6,1.07,0.141,10.039
6,1.903,-0.22,9.948
6,1.956,-0.18,9.957
6,2.03,-0.136,9.938
6,0.584,-0.196,10.099
6,1.793,-0.182,9.946
6,2.581,-0.28,9.881
6,0.697,0.019,10.132
6,2.32,-0.369,9.867
6,2.679,-0.057,9.9
6,2.181,0.081,9.924
6,2.38,-0.036,9.883
6,3.347,-0.184,9.79
6,3.067,-0.113,9.859
6,2.133,0.108,9.922
6,1.511,0.038,9.974
6,1.346,-0.101,9.998
6,1.319,-0.108,9.979
6,1.341,-0.062,9.984
6,1.334,-0.079,9.965
6,1.307,-0.098,9.965
6,1.343,-0.074,10.005
6,1.336,-0.081,10.005
6,1.326,-0.093,9.977
6,1.326,-0.077,9.962
6,1.317,-0.067,10.008
6,1.322,-0.079,10.017
6,1.3,-0.093,10.003
6,1.326,-0.079,9.998
6,1.671,8.083,10.118
6,1.173,1.774,10.013
6,1.393,1.219,9.979
6,1.228,0.843,9.965
6,1.583,1.025,9.922
6,1.532,0.941,9.955
6,1.288,1.041,10.001
6,1.511,1.061,9.946
6,1.46,0.84,9.969
6,1.298,0.96,10.041
6,1.403,0.922,9.938
6,1.312,0.299,9.993
6,1.437,0.225,9.991
6,1.501,0.117,9.979
6,1.13,0.189,10.015
6,1.343,0.079,10.044
6,1.477,0.014,9.898
6,1.508,-0.148,10.041
6,1.7,-0.371,9.917
6,1.453,-0.306,10.015
6,1.413,-0.18,9.996
6,1.305,-0.024,10.02
6,1.267,-0.263,10.017
6,1.331,-0.503,10.005
6,1.302,-0.316,10.008
6,1.42,-0.357,9.938
6,1.192,-0.474,9.986
6,1.358,-0.85,10.02
6,1.264,-1.221,9.996
6,1.111,-1.901,9.989
6,1.144,-2.109,10.025
6,1.267,-2.03,9.993
6,1.374,-1.923,10.008
6,1.346,-1.626,9.972
6,1.274,-1.46,10.02
6,1.312,-0.249,9.996
6,1.334,-0.091,9.974
6,1.35,-0.072,9.957
6,1.314,-0.115,9.986
6,1.324,-0.079,9.967
6,1.322,-0.074,9.998
6,1.338,-0.081,9.981
6,1.35,-0.077,10.032
6,1.769,-0.005,9.912
6,1.911,0.036,9.948
6,1.877,-0.326,9.957
6,2.641,-0.283,9.917
6,2.047,-0.275,9.917
6,2.327,-0.302,9.934
6,2.665,-0.469,9.874
6,2.284,-0.139,9.924
6,2.03,-0.12,9.905
6,2.346,-0.132,9.912
6,2.523,-0.206,9.888
6,2.028,-0.17,9.912
6,1.803,-0.259,9.929
6,1.609,-0.134,10.001
6,1.836,-0.034,9.977
6,1.405,-0.072,9.943
6,1.36,-0.249,9.991
6,1.417,-0.103,10.051
6,1.252,0.16,9.957
6,1.255,0.034,10.048
6,1.171,0.038,10.025
6,1.31,-0.045,9.986
6,0.955,-0.024,10.022
6,1.231,-0.113,10.048
6,1.046,-0.101,10.034
6,0.876,0.038,10.013
6,1.281,0.093,10.046
6,0.915,-0.084,9.991
6,0.895,-0.074,10.027
6,0.936,-0.036,10.039
6,0.809,-0.007,10.06
6,0.493,-0.057,10.034
6,0.395,-0.057,10.051
6,0.35,-0.057,10.068
6,0.101,-0.105,10.135
6,0.249,-0.151,10.063
6,0.362,-0.084,10.072
6,-0.151,0.012,10.089
6,0.034,-0.115,10.104
6,0.761,-0.069,10.044
6,1.142,-0.101,9.998
6,1.307,-0.079,10.015
6,1.298,-0.101,9.989
6,1.319,-0.101,9.993
6,1.314,-0.057,9.989
6,5.001,-5.49,9.529
6,1.041,-1.156,9.977
6,1.305,-1.286,9.991
6,1.123,-1.551,9.989
6,1.453,-1.946,10.003
6,1.348,-1.604,9.977
6,0.955,-1.65,10.015
6,0.766,-1.566,10.051
6,1.326,-1.073,10.039
6,1.468,-0.649,10.01
6,1.511,-0.558,9.962
6,1.348,-0.409,10.017
6,0.97,-0.429,9.986
6,1.03,-0.543,10.058
6,1.334,-0.225,9.984
6,1.032,-0.362,10.015
6,1.46,-0.244,9.814
6,1.561,0.352,9.886
6,1.341,0.517,9.996
6,1.01,0.347,9.981
6,1.077,0.206,9.95
6,1.171,-0.187,10.029
6,1.168,-0.33,9.953
6,1.346,0.081,9.986
6,1.738,0.627,9.967
6,1.211,1.386,9.991
6,1.403,0.955,9.938
6,1.31,0.917,9.991
6,1.389,1.259,10.001
6,1.417,1.329,9.981
6,1.568,1.125,9.979
6,1.523,1.551,9.943
6,1.307,1.36,9.974
6,1.381,1.267,10.022
6,1.372,1.092,10.041
6,1.336,0.065,9.977
6,1.307,-0.103,10.001
6,1.31,-0.129,10.029
6,1.298,-0.06,9.993
6,1.295,-0.11,10.029
6,1.312,-0.098,10.005
6,1.293,-0.06,9.991
8,1.192,-0.043,10.041
8,1.166,-0.029,10.025
8,1.257,-0.036,9.979
8,1.24,-0.069,9.969
8,1.211,-0.057,10.02
8,1.264,-0.06,9.979
8,1.245,-0.045,9.989
8,1.252,-0.086,10.013
8,1.259,-0.05,10.01
8,1.24,-0.062,10.022
8,1.262,-0.062,9.972
8,1.269,-0.065,9.993
8,1.245,-0.081,9.991
8,1.238,-0.06,9.998
8,1.238,-0.053,9.991
8,1.24,-0.053,10.008
8,1.245,-0.065,9.989
8,1.235,-0.072,10.013
8,1.271,-0.065,10.01
8,1.271,-0.034,9.998
8,1.202,-0.055,10.084
8,1.31,-0.05,9.962
8,1.324,-0.074,10.008
8,1.314,-0.034,10.003
8,1.314,0.316,9.878
8,1.255,1.056,9.993
8,1.221,0.711,10.005
8,1.324,1.025,9.991
8,1.659,1.197,9.95
8,1.269,1.398,9.977
8,1.41,1.482,9.946
8,1.372,1.508,9.979
8,1.298,1.463,9.946
8,1.087,0.955,10.015
8,1.542,0.862,9.993
8,1.793,0.369,9.953
8,1.274,0.318,10.015
8,1.561,-0.045,10.003
8,1.425,0.01,9.969
8,1.597,0.16,9.974
8,1.472,0.259,10.034
8,0.776,-0.144,10.034
8,1.573,-0.369,10.02
8,1.53,-0.709,10.01
8,1.166,-0.922,9.998
8,1.81,-1.238,9.936
8,1.808,-1.575,9.943
8,1.494,-1.92,9.962
8,0.757,-2.272,10.063
8,0.833,-2.327,10.058
8,1.348,-2.253,10.027
8,1.231,-1.681,10.005
8,1.156,-1.135,9.993
8,1.245,-0.491,10.001
8,1.319,-0.129,10.022
8,1.302,-0.005,9.974
8,1.343,-0.084,9.981
8,0.891,0.215,10.113
8,0.338,-0.01,10.24
8,-0.283,-0.218,10.077
8,0.548,-0.453,10.06
8,0.175,-0.627,10.063
8,0.474,-0.5,10.051
8,0.56,-0.223,10.005
8,-0.225,-0.091,10.108
8,0.259,-0.11,10.132
8,1.101,-0.496,10.041
8,0.596,-0.275,10.075
8,0.601,0.101,10.027
8,1.458,0.165,9.936
8,0.678,-0.22,10.041
8,1.305,0.034,9.984
8,0.503,0.338,10.106
8,0.788,0.136,10.001
8,2.002,-0.022,9.96
8,1.271,-0.093,9.941
8,1.975,-0.127,9.941
8,2.167,0.254,9.914
8,2.162,-0.026,9.948
8,1.46,0.057,9.965
8,1.994,0.098,9.941
8,2.433,-0.213,9.895
8,1.587,-0.271,9.931
8,2.705,-0.113,9.95
8,1.403,0.18,10.008
8,2.492,-0.065,9.867
8,3.021,-0.045,9.934
8,2.753,-0.053,9.883
8,2.71,0.057,9.893
8,2.37,0.196,9.91
8,1.448,0.012,10.008
8,1.293,-0.074,9.962
8,1.283,-0.067,10.041
8,1.298,-0.067,9.948
8,1.307,-0.062,9.955
8,1.815,-0.512,9.888
8,0.781,-1.513,10.096
8,1.178,-1.681,9.986
8,1.245,-1.654,9.981
8,1.52,-1.642,9.986
8,1.398,-1.29,10.032
8,1.616,-0.927,9.969
8,1.542,-0.886,9.962
8,1.25,-0.871,10.036
8,1.434,-0.749,10.01
8,1.41,-0.199,10.022
8,1.595,-0.326,9.984
8,1.604,-0.421,9.96
8,1.539,0.053,10.029
8,1.568,-0.151,9.938
8,1.247,-0.069,9.953
8,1.343,0.017,10.044
8,1.508,0.134,10.01
8,1.032,0.309,10.022
8,1.135,-0.038,10.005
8,1.638,-0.213,9.931
8,1.41,0.139,10.013
8,1.568,0.287,9.929
8,1.353,0.378,10.02
8,1.365,0.378,9.967
8,1.314,0.242,9.972
8,1.264,0.757,9.996
8,1.389,0.761,9.986
8,1.386,1.262,10.015
8,1.283,1.465,10.015
8,1.441,1.597,9.993
8,1.513,1.446,9.962
8,1.408,1.326,9.962
8,1.147,1.199,9.981
8,1.302,0.055,9.977
8,1.29,-0.074,9.986
8,1.298,-0.108,9.969
8,1.362,-0.086,9.969
8,1.829,-0.096,9.953
8,2.593,-0.347,9.914
8,1.401,-0.048,10.036
8,1.98,0.048,9.917
8,2.164,0.254,9.943
8,2.009,0.213,9.905
8,2.1,0.093,9.898
8,1.975,-0.127,9.965
8,1.899,-0.17,9.969
8,1.841,0.117,9.969
8,1.769,0.005,9.969
8,1.681,-0.244,9.984
8,1.93,-0.144,9.922
8,1.568,0.007,9.924
8,1.453,-0.036,9.905
8,1.587,-0.069,9.967
8,1.223,0.053,10.094
8,0.876,0.012,10.041
8,1.475,-0.148,9.91
8,1.439,-0.108,10.017
8,1.118,0.017,9.95
8,0.792,-0.048,10.034
8,1.137,-0.103,9.998
8,1.614,-0.223,10.005
8,1.216,-0.271,10.01
8,1.065,-0.012,9.981
8,0.769,-0.189,10.044
8,1.355,-0.156,9.948
8,0.979,-0.113,10.008
8,1.049,0,10.017
8,1.341,-0.048,10.027
8,0.56,-0.086,10.056
8,0.702,-0.022,10.082
8,-0.429,-0.242,10.108
8,-0.383,-0.077,10.113
8,-0.345,-0.23,10.178
8,-0.541,-0.144,10.096
8,0.709,-0.148,10.044
8,1.223,-0.098,9.991
8,1.281,-0.055,10.013
8,1.288,-0.077,9.986
8,1.281,-0.098,10.003
8,1.269,-0.077,9.986
8,1.283,-0.065,10.015
8,1.302,-0.079,9.993
8,1.3,-0.065,10.001
8,1.281,-0.096,9.981
8,1.298,-0.045,9.972
10,1.298,-0.065,10.02
10,1.29,-0.067,10.003
10,1.283,-0.06,10.039
10,1.307,-0.093,10.003
10,1.298,-0.062,9.998
10,1.295,-0.079,9.957
10,1.307,-0.117,9.972
10,1.295,-0.079,10.02
10,1.281,-0.079,10.017
10,1.29,-0.079,9.969
10,1.29,-0.065,9.996
10,1.3,-0.101,9.984
10,1.295,-0.077,10.041
10,1.276,-0.06,9.993
10,1.279,-0.081,9.996
10,1.3,-0.122,10.01
10,1.302,-0.067,9.984
10,1.302,-0.079,10.003
10,1.286,-0.089,10.005
10,1.293,-0.093,9.979
10,1.312,-0.105,9.981
10,1.324,-0.105,10.017
10,1.302,-0.098,9.993
10,1.293,-0.072,9.96
10,1.329,-0.086,10.017
10,1.307,-0.093,9.953
10,1.279,-0.081,10.027
10,1.295,-0.101,9.986
10,1.192,0.019,9.984
10,-1.099,0.35,10.171
10,0.615,-0.091,10.056
10,0.218,-0.091,10.07
10,0.333,-0.139,10.089
10,0.371,-0.165,10.08
10,0.503,-0.01,10.068
10,0.163,0.017,10.12
10,0.273,-0.11,10.07
10,0.182,-0.017,10.029
10,0.113,0.177,10.127
10,0.9,-0.206,10.013
10,0.029,-0.294,10.068
10,1.82,-0.306,9.938
10,1.434,-0.031,10.039
10,1.219,0.074,10.003
10,1.094,0.263,10.032
10,1.216,0.223,9.972
10,0.891,0.048,10.041
10,1.053,-0.055,10.013
10,1.7,-0.182,10.022
10,2.195,-0.17,9.926
10,2.085,-0.122,9.895
10,2.248,0.074,9.948
10,2.375,0.132,9.962
10,1.781,-0.062,9.984
10,2.284,-0.098,9.9
10,1.97,-0.098,9.934
10,2.097,-0.397,9.919
10,2.059,-0.357,9.914
10,2.241,-0.302,9.919
10,2.634,-0.177,9.888
10,2.514,-0.266,9.89
10,2.67,-0.218,9.862
10,1.992,-0.151,9.967
10,1.468,-0.081,9.991
10,1.355,-0.077,9.991
10,1.319,-0.069,10.003
10,1.319,-0.067,10.017
10,1.322,-0.072,9.984
10,1.336,-0.096,10.008
10,1.331,-0.11,10.025
10,1.355,-0.077,9.977
10,1.31,-0.093,10.065
10,1.329,-0.103,9.993
10,1.142,-1.712,10.001
10,1.322,-1.346,10.029
10,1.171,-1.238,10.041
10,1.18,-1.381,9.993
10,1.219,-1.235,10.036
10,1.233,-1.238,10.048
10,1.48,-1.221,9.972
10,1.288,-1.109,10.017
10,1.523,-1.027,9.979
10,1.353,-0.931,9.986
10,1.276,-0.735,10.017
10,1.796,-0.448,9.984
10,1.501,-0.278,10.005
10,1.338,0.141,9.979
10,1.595,0.462,9.948
10,1.231,0.491,10.029
10,1.247,0.445,10.02
10,1.525,0.488,9.967
10,1.391,0.618,9.96
10,1.092,0.508,10.068
10,1.362,0.558,9.996
10,1.389,0.488,9.989
10,1.274,0.417,10.01
10,1.243,0.448,9.938
10,1.288,0.508,10.005
10,1.267,0.448,9.996
10,1.262,0.5,10.013
10,1.463,0.462,9.986
10,1.405,0.577,9.962
10,1.422,0.783,9.977
10,1.369,0.685,9.962
10,1.42,0.934,9.972
10,1.386,0.721,9.998
10,1.343,0.46,9.984
10,1.324,0.412,9.965
10,1.302,-0.012,10.008
10,1.305,-0.103,9.981
10,1.331,-0.101,9.977
10,1.312,-0.074,9.979
10,1.283,-0.086,9.998
10,4.348,-0.984,10.348
10,2.059,-0.201,9.922
10,1.999,-0.35,9.919
10,1.963,-0.086,9.936
10,2.308,0.026,9.967
10,1.889,0.01,10.015
10,2.066,0,9.924
10,2.105,-0.053,9.816
10,2.002,0.034,9.929
10,2.105,-0.043,9.953
10,1.891,-0.06,9.934
10,1.427,-0.055,9.989
10,1.432,-0.022,9.938
10,1.774,0.168,9.965
10,1.537,-0.029,9.969
10,1.255,-0.036,10.025
10,1.559,-0.18,9.991
10,1.417,-0.057,9.989
10,1.353,-0.089,10.001
10,1.695,-0.144,9.981
10,1.489,-0.201,9.996
10,0.915,0.024,10.034
10,1.571,-0.103,9.977
10,1.209,-0.156,9.95
10,1.36,-0.251,9.941
10,0.919,-0.05,10.06
10,0.249,-0.045,10.092
10,1.805,-0.469,9.955
10,1.585,-0.397,9.977
10,0.869,-0.086,10.036
10,0.551,-0.036,10.056
10,-1.147,0.139,10.199
10,-0.304,0.014,10.094
10,0.192,-0.012,10.063
10,0.412,-0.189,10.159
10,-0.371,-0.141,10.089
10,-0.711,0.11,10.151
10,0.994,-0.11,10.039
10,1.247,-0.077,9.989
10,1.298,-0.055,9.996
10,1.279,-0.074,9.972
10,1.295,-0.096,10.025
10,1.3,-0.062,9.993
10,1.293,-0.041,9.989
10,1.513,0.876,9.957
10,1.283,0.505,9.977
10,1.302,0.582,10.005
10,1.173,0.716,9.981
10,0.994,0.572,10.053
10,1.219,0.725,10.039
10,1.42,1.089,9.902
10,1.396,1.202,9.955
10,1.252,1.075,10.003
10,1.465,0.903,9.984
10,1.085,1.209,10.051
10,1.346,0.711,9.955
10,1.046,0.532,9.998
10,1.389,0.237,9.974
10,1.535,-0.247,9.955
10,1.101,-0.261,10.01
10,1.393,-0.275,10.027
10,1.458,-0.268,10.005
10,1.089,0.062,9.948
10,1.156,-0.168,9.996
10,1.374,-0.091,9.972
10,1.156,-0.127,9.993
10,1.628,-0.093,9.929
10,0.931,0.175,10.001
10,1.168,-0.244,10.015
10,1.669,-0.294,10.013
10,1.164,0.124,9.993
10,1.252,-0.036,9.912
10,1.372,-0.397,9.981
10,1.341,-0.682,9.977
10,1.355,-0.953,10.027
10,1.463,-0.572,10.02
10,1.59,-1.063,9.926
10,1.415,-1.817,9.922
10,1.281,-1.939,10.06
10,1.142,-2.174,10.008
10,1.267,-1.798,10.025
10,1.295,-0.453,9.993
10,1.307,-0.091,9.977
10,1.334,0.01,9.981
10,1.281,-0.086,10.02
10,1.243,-0.067,9.993
10,1.271,-0.055,9.974
10,1.319,-0.089,9.993
10,1.259,-0.067,9.996
10,1.257,-0.038,10.013
10,1.274,-0.065,10.01
10,1.262,-0.086,10.01
10,1.274,-0.057,10.022
11,1.037,0.055,10.075
11,1.317,-0.093,9.926
11,1.269,-0.041,10.027
11,1.235,-0.093,10.06
11,1.25,-0.067,9.984
11,1.221,-0.065,9.981
11,1.255,-0.12,10.005
11,1.276,-0.096,9.955
11,1.298,-0.065,10.025
11,1.228,-0.089,10.005
11,1.207,-0.065,9.972
11,1.243,-0.06,9.974
11,1.286,-0.098,9.965
11,1.29,-0.072,9.998
11,1.286,-0.072,9.998
11,1.269,-0.057,10.001
11,1.243,-0.055,9.996
11,1.259,-0.086,9.969
11,1.269,-0.077,10.01
11,1.267,-0.031,10.008
11,1.257,-0.091,9.967
11,1.233,-0.084,10.029
11,1.247,-0.041,9.996
11,1.257,-0.108,10.001
11,1.276,-0.098,10.001
11,1.271,-0.045,10.005
11,1.559,-1.097,9.867
11,1.697,-1.666,10.025
11,0.924,-1.006,9.986
11,1.3,-1.417,9.934
11,1.437,-1.307,10.005
11,0.922,-0.996,10.082
11,1.255,-1.164,9.996
11,1.168,-0.642,10.034
11,1.19,-0.742,9.991
11,1.178,-0.639,10.013
11,1.274,-0.587,9.965
11,0.986,-0.687,10.017
11,1.058,-0.582,10.017
11,1.496,-0.663,9.989
11,1.494,-0.467,9.931
11,1.3,0.062,10.029
11,0.864,0.318,10.044
11,1.032,0.204,9.977
11,1.468,0.436,9.969
11,1.01,0.16,10.02
11,1.211,0.287,10.027
11,1.664,0.505,9.929
11,1.398,0.323,9.95
11,1.58,0.723,9.957
11,1.786,0.39,9.991
11,1.595,0.79,9.993
11,1.437,1.063,9.977
11,1.164,1.168,9.989
11,1.425,1.408,9.989
11,1.293,1.437,10.034
11,1.077,1.393,10.005
11,1.013,1.338,10.003
11,0.939,1.3,10.01
11,1.18,0.211,9.989
11,1.226,-0.074,10.01
11,1.279,-0.091,9.972
11,1.302,-0.079,10.048
11,1.279,-0.057,10.046
11,1.274,-0.062,10.003
11,1.231,0,10.118
11,-0.582,-0.06,10.161
11,-0.201,-0.089,10.113
11,-0.285,-0.208,10.113
11,0.764,-0.208,10.039
11,1.812,-0.271,9.972
11,1.238,-0.074,10.005
11,-0.553,0.115,10.178
11,0.476,0.086,9.998
11,1.149,-0.041,10.017
11,0.606,0.134,10.08
11,0.18,-0.146,10.036
11,2.222,-0.177,9.912
11,0.4,0.041,10.187
11,0.393,0.012,9.981
11,1.058,0.151,10.036
11,1.492,0.096,9.929
11,0.625,-0.002,10.07
11,1.35,-0.139,9.922
11,2.492,-0.136,9.95
11,1.516,-0.034,10.036
11,1.542,-0.33,9.941
11,2.909,-0.39,9.816
11,1.779,-0.151,9.914
11,1.688,-0.278,10.039
11,2.389,-0.271,9.929
11,1.293,-0.084,9.981
11,1.824,-0.093,9.929
11,1.463,-0.048,9.984
11,1.812,-0.124,9.972
11,1.618,-0.165,9.95
11,1.743,-0.034,9.957
11,1.753,-0.06,10.001
11,2.133,-0.029,9.938
11,1.99,0.01,9.934
11,2.526,-0.069,9.917
11,2.186,-0.072,9.914
11,2.466,0.081,9.85
11,2.191,0.048,9.941
11,1.623,-0.041,9.962
11,1.334,-0.067,9.996
11,1.317,-0.048,9.965
11,1.185,0.055,9.972
11,1.279,-0.036,9.986
11,1.089,1.257,10.008
11,1.092,1.123,9.981
11,1.178,1.08,9.986
11,1.293,0.759,9.996
11,1.719,1.013,9.957
11,1.434,0.86,9.993
11,1.559,1.113,9.929
11,1.482,0.922,9.943
11,1.355,0.773,9.984
11,1.444,0.725,10.041
11,1.451,0.639,9.953
11,1.451,0.536,9.996
11,1.338,0.421,10.001
11,1.298,-0.201,9.974
11,1.535,0,9.919
11,1.128,-0.06,10.027
11,1.279,0.034,9.974
11,1.142,-0.127,10.003
11,1.312,0.182,10.005
11,1.243,0.089,10.01
11,1.288,0.017,9.924
11,1.516,-0.019,9.993
11,1.245,0.002,10.01
11,1.271,-0.134,9.993
11,1.492,-0.072,9.972
11,1.07,-0.134,10.008
11,1.279,-0.534,9.989
11,1.432,-0.486,9.984
11,1.085,-0.57,10.034
11,1.358,-0.596,9.991
11,1.094,-0.395,10.003
11,1.298,-0.582,10.008
11,1.19,-0.433,10.001
11,1.264,-0.522,10.02
11,1.14,-0.658,9.991
11,1.173,-0.747,10.003
11,1.125,-1.006,10.034
11,0.982,-1.14,10.008
11,1.159,-1.432,10.034
11,1.336,-1.532,9.979
11,1.298,-1.233,9.986
11,1.355,-1.013,9.977
11,1.279,-0.314,10.005
11,1.276,-0.077,9.977
11,1.259,-0.062,9.991
11,1.262,-0.077,9.984
11,1.274,-0.057,10.01
11,1.317,-0.074,10.003
11,1.705,-0.026,9.878
11,2.533,0.103,9.862
11,1.652,-0.029,9.981
11,2.552,0.065,9.922
11,2.579,0.057,9.871
11,2.107,-0.096,9.946
11,2.454,-0.366,9.91
11,2.478,-0.273,9.917
11,1.748,-0.548,9.929
11,1.583,-0.441,9.977
11,1.559,-0.323,9.984
11,1.867,-0.311,9.941
11,1.164,-0.014,10.02
11,1.199,0.172,10.013
11,1.401,-0.022,9.972
11,1.238,-0.177,9.969
11,1.444,-0.148,9.931
11,1.341,-0.163,10.025
11,0.838,-0.158,9.989
11,0.891,-0.297,10.075
11,0.754,-0.153,10.003
11,0.601,0.093,10.027
11,1.041,-0.285,10.005
11,1.396,-0.148,10.008
11,1.034,0.086,10.034
11,1.377,0.16,9.979
11,1.46,0.275,9.96
11,1.626,0,9.965
11,1.097,-0.029,9.993
11,0.862,-0.141,10.01
11,0.828,-0.311,10.013
11,0.812,-0.299,10.044
11,0.524,-0.062,9.993
11,0.986,0.18,9.989
11,1.465,-0.065,10.003
11,1.085,-0.055,9.986
11,0.943,0.038,10.036
11,0.812,-0.007,10.034
11,0.472,-0.024,10.051
11,-0.187,0.069,10.072
11,-0.16,-0.031,10.099
11,-0.206,-0.029,10.099
11,-0.024,0.05,10.082
11,1.125,-0.017,10.02
11,1.252,-0.038,9.993
11,1.283,-0.086,10.003
11,1.307,-0.089,10.027
11,1.267,-0.045,9.993
11,1.25,-0.05,9.998
11,1.274,-0.065,9.998
11,1.288,-0.048,9.965
11,1.298,-0.081,10.008
11,1.288,-0.084,10.041
11,1.257,-0.041,10.025
13,1.307,-0.074,10.008
13,1.319,-0.077,9.955
13,1.305,-0.108,9.998
13,1.259,-0.096,10.032
13,1.298,-0.036,9.998
13,1.255,-0.081,9.989
13,1.262,-0.096,10.017
13,1.31,-0.081,9.991
13,1.293,-0.11,9.993
13,1.286,-0.065,9.993
13,1.286,-0.072,9.989
13,1.276,-0.089,10.017
13,1.286,-0.115,9.941
13,1.298,-0.093,10.001
13,1.305,-0.072,9.986
13,1.247,-0.079,9.991
13,3.704,-0.031,9.862
13,1.92,-0.069,9.943
13,1.336,-0.223,9.989
13,2.727,-0.077,9.902
13,2.325,0.019,9.924
13,2.284,0.007,9.972
13,2.215,-0.057,9.972
13,2.401,-0.275,9.914
13,2.464,-0.132,9.893
13,2.483,-0.251,9.898
13,1.769,-0.199,9.969
13,2.157,-0.017,9.977
13,2.169,-0.201,9.898
13,2.025,-0.115,9.946
13,1.707,0.12,9.953
13,1.592,-0.139,9.998
13,1.381,-0.01,9.969
13,1.204,0.029,10.01
13,0.541,-0.127,10.034
13,0.946,-0.249,10.048
13,0.838,-0.196,10.044
13,0.639,-0.153,10.068
13,0.321,-0.208,10.044
13,0.436,-0.067,10.087
13,0.503,-0.158,10.005
13,0.577,0.029,10.084
13,0.335,0.12,10.046
13,-0.062,0.089,10.034
13,0.213,0.069,10.094
13,0.132,-0.057,10.084
13,-0.132,-0.007,10.113
13,-0.385,-0.034,10.147
13,-0.407,0.06,10.101
13,-0.354,0.091,10.096
13,0.273,0.036,10.075
13,1.18,-0.036,10.01
13,1.243,-0.043,9.986
13,1.259,-0.06,10.022
13,1.267,-0.074,10.032
13,1.264,-0.101,10.039
13,1.034,0.917,10.053
13,1.346,-1.671,9.962
13,1.123,-1.731,10.001
13,1.195,-2.035,10.015
13,1.413,-1.978,10.027
13,0.972,-1.35,10.008
13,1.118,-0.903,10.053
13,0.979,-1.219,9.984
13,1.398,-1.015,9.972
13,1.231,-0.663,9.95
13,1.269,-0.397,10.032
13,1.913,0.086,9.986
13,1.551,-0.079,10.017
13,1.587,0.168,9.943
13,1.13,0.728,9.991
13,1.037,0.613,9.993
13,1.326,0.651,10.013
13,1.235,0.903,9.974
13,1.073,0.424,10.013
13,0.962,0.687,9.991
13,1.508,0.46,9.979
13,1.346,0.646,9.974
13,1.566,0.85,9.929
13,1.511,0.579,9.984
13,1.307,0.57,10.01
13,1.331,0.551,10.015
13,1.319,0.661,10.008
13,1.159,0.567,9.977
13,1.147,0.747,10.017
13,1.192,0.979,9.979
13,1.199,1.075,9.977
13,1.075,0.745,9.989
13,1.305,0.453,9.993
13,1.276,-0.022,9.993
13,1.271,-0.124,10.013
13,0.967,0.036,9.922
13,-1.173,-0.237,10.166
13,-0.922,0.354,10.19
13,0.283,0.029,10.068
13,0.611,0.038,10.036
13,0.546,-0.093,9.993
13,0.369,-0.007,10.094
13,1.494,-0.124,9.984
13,0.745,0.057,10.025
13,0.986,-0.05,9.967
13,0.558,0.251,10.053
13,0.675,0.316,10.039
13,0.436,0.192,10.058
13,0.263,-0.101,10.072
13,1.118,-0.134,9.996
13,1.293,-0.117,10.005
13,-0.263,-0.215,10.077
13,1.374,0.017,9.991
13,1.776,0.031,9.919
13,-0.242,0.165,10.116
13,1.341,-0.141,10.051
13,1.848,0.225,9.926
13,1.123,0.101,9.991
13,1.585,-0.417,9.981
13,2.198,-0.51,9.986
13,1.25,0.11,9.969
13,2.085,-0.263,9.955
13,2.085,-0.694,9.924
13,1.987,-0.103,9.922
13,1.324,-0.273,10.02
13,2.387,-0.448,9.96
13,2.162,-0.048,9.893
13,1.604,-0.026,10.008
13,2.097,-0.29,9.974
13,2.107,-0.311,9.955
13,1.779,-0.141,9.943
13,1.918,-0.182,9.972
13,2.598,-0.505,9.917
13,2.495,-0.156,9.898
13,2.38,-0.141,9.895
13,3.184,-0.294,9.864
13,2.057,-0.034,9.91
13,1.307,-0.038,9.996
13,1.264,-0.077,10.02
13,1.243,-0.069,10.001
13,1.233,-0.05,10.01
13,1.257,-0.048,10.022
13,1.25,-0.091,9.984
13,1.808,2.195,10.063
13,1.264,1.147,9.972
13,1.379,1.231,9.96
13,1.506,1.52,9.953
13,1.425,1.434,9.979
13,1.683,1.288,9.914
13,1.393,1.07,9.979
13,1.448,0.994,9.967
13,1.599,0.704,9.948
13,1.432,0.649,9.996
13,1.413,0.285,9.986
13,1.331,0.292,9.989
13,1.29,0.232,9.998
13,1.314,-0.077,10.02
13,1.384,-0.136,9.981
13,1.391,-0.333,10.013
13,1.516,-0.29,9.972
13,1.255,-0.172,10.01
13,1.29,-0.409,10.034
13,1.417,-0.28,9.981
13,1.367,-0.287,9.998
13,1.302,-0.421,10.003
13,1.245,-0.658,9.981
13,1.276,-0.34,9.979
13,1.171,-0.433,9.981
13,1.334,-0.412,9.989
13,1.147,-0.369,10.02
13,1.274,-0.33,9.967
13,1.405,-0.51,9.979
13,1.209,-0.527,10.01
13,1.168,-0.577,10.001
13,1.178,-0.883,9.986
13,1.137,-0.735,9.981
13,1.082,-0.982,10.025
13,1.113,-0.917,10.022
13,1.286,-0.749,9.977
13,1.262,-1.164,10.008
13,1.214,-0.802,9.998
13,1.247,-0.742,10.02
13,1.183,-0.376,9.996
13,1.221,-0.733,9.972
13,1.243,-0.792,9.965
13,1.262,-0.189,10.017
13,1.267,-0.084,9.984
13,1.293,-0.057,9.972
13,1.25,-0.084,9.974
13,1.269,-0.072,10.001
13,1.262,-0.079,9.996
13,1.286,-0.074,10.025
13,1.255,-0.055,9.991
13,1.269,-0.062,9.981
13,1.279,-0.072,10.013
13,1.276,-0.057,9.974
15,1.29,-0.06,10.036
15,1.288,-0.089,9.96
15,1.305,-0.077,10.027
15,1.257,-0.077,10.072
15,1.276,-0.081,9.95
15,1.305,-0.062,10.027
15,1.307,-0.136,10.001
15,1.288,-0.115,9.986
15,1.286,-0.065,9.965
15,1.264,-0.093,10.053
15,1.279,-0.101,9.986
15,1.288,-0.074,9.967
15,1.355,-0.108,9.993
15,1.322,-0.134,10.022
15,1.281,-0.045,9.946
15,1.322,-0.072,10.013
15,0.563,-7.657,10.075
15,1.271,-1.841,10.07
15,1.293,-1.085,10.06
15,0.668,-0.594,10.029
15,1.085,-0.953,10.032
15,1.317,-0.407,10.008
15,1.42,-0.697,9.974
15,1.58,-0.737,9.972
15,1.496,-0.668,10.008
15,1.35,-0.735,10.015
15,1.307,-1.094,9.986
15,1.429,-1.001,9.919
15,1.132,-0.962,10.072
15,1.355,-0.611,10.001
15,1.281,-0.314,10.046
15,1.092,-0.682,9.996
15,1.257,-0.46,10.008
15,1.448,-0.376,9.969
15,1.341,-0.431,10.02
15,1.257,-0.132,10.005
15,1.199,-0.153,9.991
15,1.472,-0.144,9.96
15,1.432,-0.232,9.924
15,1.279,0.17,10.015
15,1.444,0.215,9.984
15,1.575,0.462,9.974
15,1.41,0.548,9.996
15,1.243,0.73,9.972
15,1.257,0.699,9.993
15,1.403,0.505,9.974
15,1.341,0.706,9.969
15,1.542,0.773,10.015
15,1.3,0.891,10.008
15,1.427,0.527,9.984
15,1.391,0.704,9.967
15,1.408,0.874,9.977
15,1.401,0.769,9.962
15,1.403,1.109,9.993
15,1.441,1.259,9.965
15,1.492,0.809,9.965
15,1.427,0.898,9.979
15,1.312,0.101,9.996
15,1.288,-0.05,9.981
15,1.295,-0.105,9.977
15,1.31,-0.091,9.972
15,1.302,-0.053,9.969
15,4.559,-1.199,9.321
15,2.583,-0.273,9.91
15,2.081,-0.036,9.922
15,2.418,-0.134,9.912
15,2.502,-0.124,9.905
15,2.502,-0.141,9.926
15,2.698,0.048,9.867
15,2.674,0.065,9.886
15,2.198,0.151,9.902
15,2.148,-0.235,9.907
15,1.815,-0.251,9.948
15,1.302,0.065,9.993
15,1.312,0.101,9.986
15,1.544,0.019,9.969
15,1.326,-0.168,9.95
15,1.221,-0.115,9.957
15,1.329,-0.031,10.044
15,1.676,-0.338,9.948
15,1.403,-0.05,9.96
15,1.365,-0.103,9.984
15,1.219,0.213,9.981
15,1.405,0.067,9.981
15,1.149,0.057,9.984
15,0.668,0.122,9.998
15,0.558,-0.254,10.058
15,0.852,-0.158,10.048
15,0.778,0.01,10.048
15,0.678,0.057,9.998
15,0.634,0.045,10.041
15,0.879,-0.024,9.998
15,1.053,0.007,9.998
15,0.845,-0.177,10.053
15,0.615,-0.048,10.063
15,1.068,-0.311,10.003
15,0.599,-0.098,10.032
15,0.536,-0.113,10.051
15,0.002,-0.086,10.058
15,0.208,-0.136,10.154
15,0.51,-0.153,10.022
15,0.378,-0.048,10.027
15,0.163,-0.079,10.116
15,0.424,0,10.08
15,0.864,0.031,9.986
15,0.876,-0.026,10.001
15,0.769,-0.163,10.053
15,1.197,-0.062,10.02
15,1.226,-0.081,9.979
15,1.812,0.572,9.981
15,1.571,0.551,9.955
15,1.444,0.582,9.986
15,1.164,0.86,10.013
15,1.178,1.027,9.979
15,1.185,1.154,10.013
15,1.204,1.216,9.996
15,1.214,0.941,10.005
15,1.252,1.006,9.989
15,1.238,0.924,10.032
15,1.434,0.603,10.001
15,1.257,0.67,9.986
15,1.087,0.546,9.993
15,1.223,0.414,9.989
15,1.159,0.251,9.969
15,1.183,0.043,9.989
15,1.532,-0.019,9.991
15,1.053,-0.096,9.948
15,1.369,-0.294,10.01
15,1.302,-0.144,9.989
15,1.089,-0.144,10.032
15,1.274,-0.543,9.969
15,1.654,-0.486,9.979
15,1.374,-0.256,10.013
15,1.228,-0.247,9.965
15,1.475,-0.397,9.989
15,1.199,-0.268,10.039
15,1.192,-0.582,10.008
15,1.429,-0.515,9.972
15,1.458,-0.759,9.984
15,1.262,-0.462,10.027
15,1.281,-0.718,9.981
15,1.518,-0.766,9.981
15,1.312,-0.855,9.979
15,1.231,-1.058,10.022
15,1.343,-1.233,10.005
15,1.257,-1.099,9.998
15,1.305,-0.773,9.989
15,1.451,-0.431,10.01
15,1.386,-0.227,10.013
15,1.322,0.043,9.991
15,1.211,-0.153,9.981
15,1.195,-0.225,9.993
15,1.142,-0.536,9.984
15,1.252,-0.778,10.02
15,1.286,-0.433,10.013
15,1.302,-0.084,10.008
15,1.293,-0.06,9.974
15,1.314,-0.05,10.008
15,1.302,-0.074,10.013
15,1.29,-0.089,9.993
15,1.334,-0.06,9.972
15,0.441,0.141,10.276
15,0.431,-0.18,10.082
15,0.505,0.108,10.084
15,0.136,-0.18,10.123
15,0.019,-0.323,10.046
15,0.306,-0.304,10.075
15,0.048,-0.175,10.135
15,-0.122,-0.115,10.082
15,0.247,-0.11,10.044
15,0.51,-0.247,10.084
15,0.22,-0.249,10.096
15,0.036,-0.215,10.08
15,0.113,-0.012,10.08
15,1.099,0.261,10.084
15,1.077,0.175,9.953
15,1.973,-0.024,9.965
15,1.647,-0.036,9.929
15,1.01,-0.096,9.984
15,1.484,-0.074,9.977
15,2.516,0.007,9.924
15,1.247,-0.201,9.986
15,2.176,-0.146,9.926
15,1.956,0.007,9.943
15,1.446,-0.089,9.957
15,1.523,-0.045,9.929
15,1.796,-0.043,10.015
15,1.978,-0.206,9.953
15,1.448,-0.045,9.953
15,1.508,-0.072,9.984
15,1.63,-0.127,9.979
15,1.724,-0.204,9.962
15,1.482,-0.084,9.996
15,1.611,0.012,9.962
15,1.65,-0.297,9.965
15,1.879,-0.105,9.919
15,1.925,0.283,9.989
15,1.829,0.01,9.946
15,1.872,-0.11,9.984
15,2.741,-0.194,9.864
15,2.212,-0.158,9.938
15,2.313,-0.127,9.91
15,2.509,-0.067,9.924
15,2.77,0.113,9.864
15,1.528,-0.017,9.972
15,1.307,-0.067,9.989
15,1.245,-0.048,10.008
15,1.233,-0.048,9.993
15,1.252,-0.026,9.989
15,1.271,-0.069,10.02
15,1.293,-0.065,9.986
15,1.269,-0.074,9.965
15,1.245,-0.041,9.965
15,1.276,-0.036,9.993
15,1.269,-0.069,10.017
15,1.281,-0.089,9.955
15,1.29,-0.06,9.991
15,1.259,-0.045,10.005
15,1.257,-0.079,9.986
15,1.264,-0.074,9.986
15,1.293,-0.067,10.01
15,1.279,-0.077,9.981
15,1.257,-0.053,9.984
15,1.267,-0.06,9.996
16,1.262,-0.06,9.998
16,1.257,-0.081,9.991
16,1.302,-0.079,10.005
16,1.276,-0.084,9.996
16,1.243,-0.077,10.029
16,1.298,-0.05,9.998
16,1.264,-0.081,9.979
16,1.231,-0.108,10.008
16,1.286,-0.065,9.953
16,1.279,-0.06,9.993
16,1.252,-0.103,10.01
16,1.25,-0.091,9.981
16,1.259,-0.069,9.984
16,1.25,-0.105,9.969
16,1.257,-0.086,9.965
16,1.257,-0.079,10.005
16,1.269,-0.065,10.001
16,1.259,-0.072,10.005
16,1.24,-0.093,10.008
16,1.29,-0.074,10.013
16,1.302,-0.093,10.032
16,1.29,-0.086,9.993
16,1.302,-0.055,9.986
16,1.283,-0.077,9.993
16,1.281,-0.089,9.981
16,1.286,-0.072,9.965
16,1.259,-0.079,10.003
16,1.279,-0.086,9.965
16,1.3,-0.077,9.924
16,14.341,-2.468,8.578
16,0.979,0.316,10.046
16,2.887,-0.148,9.847
16,2.109,-0.189,9.962
16,2.674,-0.259,9.881
16,1.642,0.065,9.96
16,2.143,0.067,9.917
16,2.945,-0.287,9.831
16,3.261,-0.22,9.898
16,1.853,0.215,9.917
16,1.935,-0.069,9.957
16,1.748,-0.074,10.001
16,1.439,-0.086,9.938
16,1.767,-0.333,9.957
16,0.848,-0.036,10.084
16,0.46,0.287,10.089
16,0.984,-0.034,9.981
16,0.479,0.165,10.025
16,1.092,-0.029,10.048
16,0.603,0.235,10.06
16,0.613,0.16,10.022
16,0.177,0.175,10.041
16,0.306,-0.022,10.072
16,1.046,-0.285,10.01
16,0.685,-0.29,10.065
16,0.757,-0.002,10.07
16,0.644,-0.024,10.072
16,0.816,0.053,10.034
16,0.503,-0.06,10.065
16,0.249,0.024,10.058
16,0.57,-0.072,10.07
16,1.044,-0.132,10.065
16,-0.014,0.031,10.125
16,-0.019,0.136,10.075
16,0.065,0.194,10.08
16,-0.395,0.069,10.087
16,1.176,0.074,10.025
16,1.499,0.476,9.96
16,1.422,0.673,9.998
16,1.374,1.073,9.993
16,1.465,1.561,10.008
16,1.176,1.405,9.998
16,1.307,1.326,9.955
16,1.31,1.068,9.993
16,1.144,0.819,10.003
16,1.08,0.618,10.032
16,1.247,0.285,9.984
16,1.429,0.388,9.981
16,1.188,0.462,9.989
16,1.298,0.053,9.986
16,1.628,0.199,9.996
16,0.871,0.213,10.02
16,1.195,-0.165,10.051
16,1.432,-0.115,9.977
16,1.573,-0.275,10.003
16,1.554,-0.048,9.962
16,1.283,-0.153,9.953
16,1.358,-0.524,10.068
16,1.427,-0.184,10.013
16,1.259,-0.271,9.955
16,1.432,-0.342,10.027
16,1.374,-0.136,9.991
16,1.132,-0.103,9.969
16,1.329,-0.204,9.989
16,1.439,-0.505,10.005
16,1.41,-0.311,9.991
16,1.326,-0.199,10.015
16,1.35,-0.503,9.989
16,1.487,-0.541,9.926
16,1.422,-0.68,9.969
16,1.125,-0.967,10.029
16,1.362,-0.919,10.022
16,1.31,-1.085,9.993
16,1.171,-1.001,10.003
16,1.07,-1.03,9.96
16,1.037,-0.898,10.07
16,0.879,-1.094,10.036
16,1.235,-1.106,10.032
16,1.365,-0.302,9.974
16,0.888,0.093,10.001
16,-0.627,0.29,10.257
16,0.445,-0.019,10.116
16,0.721,-0.46,10.01
16,0.493,-0.069,10.077
16,-0.055,-0.283,10.065
16,0.213,-0.426,10.094
16,0.56,-0.354,10.048
16,0.67,0.16,10.065
16,0.615,-0.17,10.025
16,1.197,0.01,9.998
16,1.075,0.275,9.967
16,0.35,0.113,10.032
16,1.35,-0.242,10.001
16,1.642,0.048,10.034
16,0.809,0.017,10.036
16,0.694,0.093,10.005
16,1.516,0.029,9.948
16,1.504,0.134,9.95
16,1.379,-0.012,10.046
16,1.247,-0.134,9.981
16,1.607,-0.129,10.003
16,1.439,-0.232,9.946
16,1.494,-0.285,9.972
16,1.482,-0.153,9.981
16,1.362,-0.172,9.989
16,1.077,-0.16,10.041
16,1.353,-0.151,9.981
16,1.307,-0.163,9.979
16,1.678,-0.208,9.989
16,1.575,-0.148,9.989
16,1.343,0.041,9.977
16,1.235,0.038,9.972
16,1.602,-0.014,9.984
16,1.365,0.081,9.979
16,1.415,-0.268,9.957
16,1.547,-0.103,9.974
16,2.138,-0.014,9.905
16,1.733,-0.302,9.967
16,1.786,-0.105,9.984
16,2.033,-0.163,9.981
16,1.899,-0.113,9.957
16,1.915,-0.081,9.905
16,1.99,0.031,9.977
16,2.097,-0.014,9.922
16,1.891,-0.074,9.989
16,2.356,-0.11,9.934
16,2.116,-0.053,9.948
16,2.251,-0.103,9.981
16,1.343,-0.086,9.993
16,1.302,-0.096,10.01
16,1.247,-0.091,10.01
16,1.262,-0.041,9.979
16,1.257,-0.074,10.017
16,1.288,-0.098,9.991
16,1.283,-0.089,9.977
16,1.233,-0.11,10.017
16,1.274,-0.053,10.003
16,1.286,-0.072,9.955
16,1.295,-0.079,10.02
16,0.869,-8.942,9.785
16,1.324,-1.197,10.003
16,1.118,-1.168,10.058
16,1.288,-1.13,9.965
16,1.214,-0.989,10.027
16,1.334,-0.893,10.003
16,1.358,-0.876,10.032
16,1.128,-0.685,9.962
16,1.092,-0.718,10.01
16,1.223,-0.716,10.041
16,1.118,-0.29,10.001
16,1.307,-0.347,9.969
16,1.298,-0.141,10.01
16,1.379,-0.134,10.025
16,1.358,-0.124,9.96
16,1.398,-0.026,9.996
16,1.53,-0.11,10.015
16,1.367,0.05,9.989
16,1.353,-0.175,9.977
16,1.324,-0.127,9.972
16,1.408,-0.122,10.005
16,1.219,0.079,10.001
16,1.12,-0.022,9.984
16,1.07,-0.091,10.003
16,1.314,-0.017,10.022
16,1.082,0.141,9.989
16,1.178,-0.024,10.044
16,1.463,0.134,10.005
16,1.293,0.354,10.008
16,1.317,0.654,9.962
16,1.477,0.318,9.991
16,1.302,0.268,9.96
16,1.295,0.357,9.989
16,1.353,0.534,9.979
16,1.226,0.599,9.984
16,1.279,0.685,10.032
16,1.3,0.886,9.998
16,1.29,0.927,9.981
16,1.465,1.166,9.953
16,1.484,1.712,9.95
16,1.381,0.723,9.965
16,1.264,-0.022,10.01
16,1.226,-0.105,10.001
16,1.267,-0.096,9.981
16,1.3,-0.045,9.972
16,1.245,-0.077,9.998
16,1.214,-0.072,10.005
17,1.329,-0.065,10.003
17,1.29,-0.084,10.056
17,1.319,-0.086,9.996
17,1.307,-0.091,9.941
17,1.314,-0.06,9.972
17,1.307,-0.086,10.025
17,1.326,-0.074,9.996
17,1.341,-0.074,10.015
17,1.322,-0.096,9.974
17,1.305,-0.089,10.003
17,1.322,-0.081,9.96
17,1.331,-0.103,10.02
17,1.329,-0.089,9.996
17,1.302,-0.101,10.005
17,1.312,-0.101,10.036
17,0.201,-0.146,10.032
17,-1.894,-0.551,10.774
17,-2.184,-0.792,10.084
17,0.512,-0.328,10.08
17,0.558,-0.352,10.051
17,-0.417,-0.419,10.101
17,0.567,-0.637,10.044
17,0.666,-0.352,9.977
17,-0.225,-0.05,10.197
17,0.244,-0.23,10.068
17,0.986,-0.072,10.015
17,1.652,-0.072,9.919
17,0.11,-0.019,10.123
17,0.807,0.055,9.984
17,1.753,0.297,10.008
17,1.714,0.002,9.936
17,0.115,0.208,10.127
17,2.217,0.048,9.852
17,1.53,0.079,9.979
17,1.992,0.129,9.926
17,0.395,0.019,10.104
17,3.28,-0.256,9.886
17,1.997,-0.077,9.874
17,1.834,-0.005,9.948
17,1.702,-0.117,9.996
17,2.174,-0.158,9.864
17,1.001,0.012,10.056
17,1.87,-0.163,9.969
17,2.239,-0.22,9.878
17,2.157,-0.108,9.905
17,1.47,-0.139,10.01
17,1.846,-0.153,9.955
17,1.856,-0.055,9.96
17,2.377,-0.041,9.845
17,3.079,0,9.864
17,3.962,-0.17,9.718
17,2.878,0.048,9.886
17,2.856,0.045,9.85
17,1.832,0.06,9.953
17,1.484,-0.11,9.96
17,1.353,0.426,10.003
17,1.408,0.807,9.967
17,1.166,1.231,10.01
17,1.216,1.372,9.981
17,1.48,1.738,9.967
17,1.803,1.891,9.914
17,1.913,1.774,9.936
17,1.693,1.621,9.953
17,1.257,1.161,9.972
17,1.444,0.666,9.984
17,1.714,0.321,10.034
17,1.425,0.524,9.965
17,1.202,0.505,10.029
17,1.271,0.251,10.001
17,1.188,0.141,10.02
17,1.599,0.146,9.979
17,1.611,-0.031,9.967
17,1.298,0.026,9.996
17,1.547,0.227,9.969
17,1.365,-0.206,10.001
17,1.35,-0.232,9.967
17,1.329,-0.213,9.962
17,1.326,-0.22,9.941
17,1.149,-0.081,10.056
17,0.967,-0.041,10.025
17,1.279,-0.409,10.032
17,1.341,-0.371,9.969
17,1.573,-0.584,10.008
17,1.542,-0.728,9.991
17,1.556,-0.831,9.981
17,1.267,-0.737,10.008
17,1.209,-0.819,10.046
17,1.343,-0.85,9.984
17,1.13,-0.702,10.032
17,1.228,-0.74,9.996
17,1.221,-0.484,10.013
17,1.262,-0.414,9.991
17,1.211,-0.383,9.991
17,1.353,-0.261,9.996
17,1.235,-0.34,10.025
17,0.986,-0.407,10.013
17,1.214,-0.658,9.936
17,1.211,-0.953,10.003
17,1.324,-1.504,10.025
17,1.336,-1.611,10.005
17,1.41,-1.841,10.02
17,1.348,-1.834,9.979
17,1.128,-1.178,10.008
17,1.3,-0.182,9.996
17,1.276,-0.036,9.993
17,2.162,0.108,9.843
17,2.557,0,9.934
17,2.456,0.072,9.9
17,2.023,-0.077,9.926
17,2.401,-0.251,9.931
17,2.227,-0.421,9.965
17,2.313,-0.345,9.936
17,2.236,-0.103,9.919
17,2.215,-0.165,9.919
17,1.791,-0.232,9.95
17,2.004,-0.294,9.953
17,2.212,-0.175,9.914
17,1.551,-0.184,9.979
17,1.82,-0.208,10.01
17,1.549,-0.06,9.905
17,1.511,-0.062,10.017
17,1.815,-0.199,9.972
17,1.559,0.055,9.957
17,1.384,-0.045,9.938
17,1.396,-0.335,9.969
17,1.25,-0.103,10.015
17,0.797,-0.302,10.032
17,1.082,-0.534,10.058
17,0.532,-0.299,10.07
17,0.697,0.053,10.053
17,0.807,0.273,10.029
17,0.426,0.299,10.058
17,0.622,0.187,10.015
17,0.369,0.16,10.104
17,1.106,0.036,10.041
17,0.567,0.132,10.027
17,0.886,0.053,10.029
17,0.876,-0.244,10.065
17,0.785,-0.093,10.053
17,0.661,0.029,10.051
17,0.603,-0.041,10.027
17,0.941,-0.057,10.032
17,0.397,-0.134,10.027
17,0.048,0.005,10.053
17,0.666,-0.091,10.099
17,-0.165,0.048,10.113
17,0.297,-0.089,10.036
17,0.438,0.024,10.032
17,1.231,-0.079,10.015
17,1.283,-0.091,10.001
17,1.245,-0.084,10.034
17,2.545,-3.067,9.641
17,1.621,-1.149,9.929
17,1.511,-1.068,10.025
17,1.116,-1.207,10.001
17,1.607,-1.353,10.032
17,1.401,-1.149,9.969
17,1.334,-0.953,9.991
17,1.499,-1.159,9.96
17,1.276,-1.101,10.025
17,1.76,-1.171,9.946
17,1.137,-0.984,10.022
17,0.941,-1.039,10.089
17,1.25,-0.991,10.003
17,0.855,-0.982,10.005
17,1.188,-0.362,9.993
17,1.556,-0.081,10.01
17,1.116,0.055,9.986
17,1.034,0.127,10.082
17,1.336,0.045,9.974
17,0.833,0.048,10.072
17,1.008,-0.165,9.989
17,1.049,-0.014,10.01
17,1.106,-0.225,10.058
17,1.3,-0.22,9.993
17,1.724,0.139,10.008
17,1.666,-0.12,9.989
17,0.977,-0.302,10.003
17,1.413,-0.199,9.996
17,1.204,0.005,10.029
17,1.092,0.122,9.998
17,1.441,0.436,9.969
17,1.448,0.208,10.008
17,1.334,0.419,9.996
17,1.228,0.579,10.017
17,1.377,0.371,9.996
17,1.293,0.189,9.974
17,1.41,0.237,9.962
17,1.192,0.072,9.984
17,0.809,0.148,10.075
17,1.425,0.333,10.001
17,1.707,0.397,9.965
17,1.439,0.936,9.946
17,1.427,0.713,9.974
17,1.494,0.615,9.965
17,1.551,1.101,9.969
17,1.164,1.355,10.036
17,1.496,1.42,9.991
17,1.487,1.255,9.946
17,1.422,1.185,9.974
17,1.322,0.062,9.967
17,1.293,-0.16,9.991
17,1.319,-0.134,10.013
17,1.348,-0.043,10.005
17,1.317,-0.122,10.032
18,1.314,-0.077,10.02
18,1.298,-0.091,10.001
18,1.283,-0.098,10.041
18,1.295,-0.12,10.046
18,1.274,-0.074,9.993
18,1.305,-0.103,9.977
18,1.302,-0.098,9.977
18,1.317,-0.096,10.001
18,1.322,-0.069,10.017
18,1.312,-0.098,10.022
18,1.271,-0.086,10.02
18,1.317,-0.057,9.957
18,1.286,0.357,9.941
18,1.063,1.068,9.965
18,0.965,0.848,10.02
18,0.862,1.336,10.06
18,1.686,1.48,9.957
18,1.36,1.568,9.984
18,1.41,1.384,9.986
18,1.81,1.338,9.914
18,1.556,1.089,10.005
18,1.501,0.814,9.979
18,1.243,0.57,9.981
18,1.726,0.508,9.943
18,1.379,0.393,9.986
18,0.977,0.22,10.008
18,1.128,-0.089,10.041
18,1.264,-0.081,10.005
18,0.953,-0.019,9.989
18,1.307,-0.417,9.993
18,1.719,-0.627,9.946
18,1.286,-0.541,10.017
18,1.25,-0.565,10.022
18,1.393,-0.747,10.005
18,1.52,-0.874,9.962
18,1.341,-0.606,10.02
18,1.391,-0.194,9.946
18,1.195,-0.227,10.013
18,1.317,-0.302,9.986
18,1.444,-0.093,9.974
18,1.137,-0.208,10.056
18,1.334,-0.242,10.001
18,1.161,0.151,10.001
18,1.044,0.048,10.039
18,1.556,-0.381,9.955
18,1.24,-0.239,9.984
18,1.417,-0.496,10.022
18,1.343,-0.484,9.977
18,1.149,-0.338,9.981
18,0.879,-0.409,10.015
18,0.888,-1.015,10.053
18,1.259,-0.915,9.969
18,1.697,-0.86,9.96
18,1.808,-1.073,9.934
18,1.334,-0.874,10.041
18,0.934,-1.334,9.969
18,1.046,-1.302,10.015
18,1.073,-1.171,10.034
18,1.369,-1.132,9.967
18,0.929,-0.424,10.022
18,0,-0.005,10.12
18,0.4,-0.254,10.106
18,-0.656,-0.314,10.161
18,-1.688,-0.053,10.092
18,-0.077,-0.46,10.072
18,0.723,-0.417,10.106
18,0.632,-0.187,10.041
18,0.536,-0.022,10.101
18,1.109,-0.235,9.977
18,0.577,-0.105,10.123
18,0.927,-0.247,9.955
18,0.922,-0.093,10.029
18,1.329,-0.086,9.967
18,1.551,0.036,10.027
18,1.489,0.122,9.922
18,1.19,0.175,10.084
18,1.369,0.225,9.943
18,1.59,0.266,10.029
18,1.185,0.026,9.965
18,1.578,-0.005,9.931
18,1.784,0.024,9.95
18,1.956,-0.105,9.979
18,1.561,-0.117,9.946
18,1.611,-0.144,10.013
18,1.465,-0.093,10.005
18,1.779,-0.065,10.001
18,1.733,-0.101,9.962
18,1.7,-0.139,9.962
18,1.681,-0.187,9.989
18,2.203,0.022,9.917
18,1.856,-0.098,9.948
18,1.834,0.019,9.996
18,2.025,0.043,9.924
18,1.827,-0.062,9.953
18,1.925,-0.069,9.926
18,1.259,0.019,9.972
18,1.808,-0.115,9.895
18,1.29,-0.038,10.051
18,1.264,0,9.977
18,1.635,-0.335,9.946
18,1.425,-0.127,10.013
18,1.348,0.043,9.989
18,1.164,0.048,9.962
18,1.281,0.079,9.986
18,1.42,0.045,10.032
18,1.065,-0.041,10.017
18,1.487,-0.163,9.955
18,1.767,-0.158,9.981
18,2.071,-0.23,9.938
18,2.236,-0.235,9.922
18,2.318,-0.122,9.888
18,1.688,0.036,10.001
18,1.312,-0.05,9.977
18,1.235,-0.055,10.015
18,1.238,-0.067,10.003
18,1.247,-0.072,9.993
18,1.226,-0.072,10.07
18,1.245,-0.108,10.008
18,0.943,-1.702,9.965
18,1.453,-1.389,9.998
18,1.24,-1.355,10.02
18,1.391,-1.666,9.946
18,1.369,-1.475,9.998
18,1.214,-0.996,10.008
18,1.216,-0.812,10.027
18,1.472,-0.582,9.967
18,1.233,-0.393,10.044
18,1.444,-0.534,9.962
18,1.343,-0.182,10.003
18,1.231,-0.249,9.984
18,1.544,-0.457,9.941
18,1.434,-0.101,10.005
18,1.338,-0.158,9.979
18,1.343,-0.165,9.967
18,1.166,-0.122,10.058
18,1.35,-0.16,9.986
18,1.317,-0.362,9.967
18,1.398,-0.352,10.013
18,1.276,-0.16,9.981
18,1.334,-0.271,10.013
18,1.216,-0.213,10.005
18,1.372,-0.132,9.996
18,1.279,-0.29,10.005
18,1.202,-0.05,10.01
18,1.276,-0.168,10.005
18,1.487,-0.05,10.001
18,1.367,0.01,9.993
18,1.104,0.072,10.017
18,1.221,-0.007,10.003
18,1.307,0.292,9.986
18,1.391,0.11,9.993
18,1.183,0.057,10.022
18,1.188,-0.074,10.001
18,1.341,-0.081,10.001
18,1.281,-0.045,9.998
18,1.18,-0.057,10.013
18,1.281,-0.067,9.991
18,1.317,0.077,9.979
18,1.166,0.101,9.993
18,1.329,0.294,10.01
18,1.355,0.766,9.974
18,1.42,0.989,9.986
18,1.324,1.336,9.967
18,1.427,1.393,9.974
18,1.475,1.14,9.972
18,1.463,0.752,9.965
18,1.439,0.713,9.998
18,1.331,0.371,10.015
18,1.247,0.184,9.986
18,1.295,0.105,9.984
18,1.233,-0.11,10.025
18,1.336,0.014,9.998
18,1.379,0.12,9.979
18,1.346,0.393,9.984
18,1.365,0.402,9.965
18,1.329,0.457,9.979
18,1.305,0.089,10.015
18,1.288,-0.079,10.005
18,1.269,-0.091,9.991
18,1.293,-0.072,10.008
18,1.283,-0.103,9.991
18,1.298,-0.096,9.989
18,1.281,-0.062,9.984
18,1.343,0.002,10.06
18,3.45,-0.965,9.821
18,2.377,-0.503,9.931
18,2.011,-0.199,9.926
18,2.483,-0.141,9.895
18,2.478,-0.101,9.936
18,2.569,0.017,9.926
18,2.241,-0.074,9.9
18,2.167,-0.196,9.96
18,1.8,-0.158,9.907
18,2.186,-0.225,10.008
18,1.638,0.014,9.957
18,1.46,-0.01,9.986
18,1.381,0.141,9.955
18,1.595,0.168,9.989
18,1.463,0.036,9.984
18,1.573,-0.057,9.981
18,1.255,0.065,9.957
18,1.609,-0.101,10.005
18,1.743,-0.254,9.965
18,1.757,-0.158,9.972
18,1.642,-0.062,10.015
18,1.542,0.055,9.998
18,1.393,0.007,9.95
18,1.513,-0.012,9.979
18,1.346,0.045,10.029
18,1.602,-0.096,9.965
18,1.221,-0.146,10.039
18,1.267,-0.089,9.991
18,0.601,-0.014,10.051
18,1.094,-0.256,9.993
18,0.522,-0.105,10.013
18,0.728,-0.105,10.02
18,0.869,-0.096,10.034
18,1.137,-0.146,10.041
18,0.759,-0.038,10.07
18,0.582,-0.184,10.015
18,0.742,-0.268,10.084
18,1.032,-0.031,10.036
18,0.69,-0.048,10.008
18,0.735,-0.077,10.041
18,1.041,-0.204,10.025
18,0.029,0.177,10.075
18,0.457,-0.132,10.068
18,0.278,-0.019,10.087
18,0.548,-0.12,10.07
18,0.299,-0.177,10.106
18,0.486,-0.113,10.072
18,0.194,-0.12,10.07
18,0.809,-0.124,10.034
18,1.216,-0.134,9.984
18,1.183,-0.144,9.993
18,1.245,-0.069,9.998
18,1.247,-0.079,10.001
18,1.283,-0.086,10.005
18,1.286,-0.108,10.003
18,1.295,-0.096,10.005
19,1.216,-0.057,10.027
19,1.267,-0.077,10.008
19,1.276,-0.072,9.96
19,1.276,-0.06,10.022
19,1.305,-0.103,9.948
19,1.271,-0.089,9.993
19,1.331,-0.079,9.965
19,1.281,-0.079,10.06
19,1.331,-0.129,9.977
19,1.281,-0.098,9.979
19,1.389,-0.431,9.914
19,1.202,-1.48,10.025
19,1.281,-1.358,9.96
19,1.36,-1.032,10.025
19,1.152,-0.939,9.986
19,1.125,-0.517,9.993
19,1.499,-0.582,10.005
19,1.408,-0.388,9.986
19,1.623,-0.297,9.919
19,1.279,-0.493,9.996
19,1.274,-0.275,9.996
19,1.599,-0.378,9.981
19,1.307,-0.364,9.996
19,1.439,-0.287,9.984
19,1.415,-0.369,9.986
19,1.312,-0.67,9.989
19,1.322,-0.45,9.998
19,1.429,-0.34,9.986
19,1.298,-0.259,9.989
19,1.353,-0.318,9.967
19,1.228,-0.318,9.991
19,1.307,-0.393,9.998
19,1.365,-0.572,9.962
19,1.24,-0.735,10.015
19,1.178,-0.979,10.008
19,1.35,-0.771,10.017
19,1.604,-0.472,9.989
19,1.697,0.393,9.938
19,1.439,0.991,9.974
19,1.482,0.816,9.991
19,1.372,1.465,9.912
19,1.199,1.733,10.005
19,1.159,1.98,9.996
19,1.336,1.973,9.972
19,1.25,1.82,10.001
19,1.226,1.516,10.001
19,1.058,0.68,9.998
19,1.25,-0.014,10.025
19,2.583,-0.278,9.998
19,2.94,-0.273,9.871
19,2.737,-0.491,9.859
19,2.356,-0.275,9.867
19,2.495,0.223,9.893
19,2.37,0.067,9.895
19,2.583,-0.299,9.924
19,2.502,-0.081,9.924
19,2.207,-0.141,9.948
19,2.344,-0.204,9.943
19,1.559,0.105,9.965
19,1.58,0.024,9.943
19,1.334,0.235,9.984
19,1.396,-0.06,9.96
19,1.537,-0.227,9.993
19,1.032,0.091,10.01
19,1.245,0.103,9.946
19,1.472,-0.093,9.96
19,1.128,-0.098,10.005
19,1.666,-0.129,9.953
19,1.889,-0.141,9.977
19,1.269,0.122,10.029
19,1.207,-0.069,10.003
19,1.276,-0.141,9.965
19,1.125,-0.045,10.051
19,1.001,0.275,10.027
19,0.273,0.019,10.029
19,0.323,-0.318,10.058
19,-0.055,-0.113,10.072
19,0.496,-0.089,10.034
19,0.994,-0.153,10.032
19,0.867,-0.175,9.967
19,1.322,-0.022,9.991
19,1.305,-0.017,9.962
19,0.757,0.105,10.046
19,1.259,0.141,9.979
19,0.862,-0.213,10.013
19,0.62,-0.326,10.058
19,0.994,-0.364,10.032
19,0.711,-0.16,10.058
19,0.874,-0.098,10.065
19,1.08,-0.134,10.039
19,1.202,-0.029,9.946
19,0.862,0.06,9.998
19,0.857,0.012,10.041
19,0.034,-0.091,10.096
19,-0.084,-0.077,10.13
19,0.388,-0.261,10.12
19,0.986,-0.148,10.046
19,1.204,-0.05,10.005
19,1.271,-0.031,9.96
19,1.587,1.748,9.962
19,0.991,1.104,9.941
19,1.271,0.733,9.936
19,1.3,0.761,9.962
19,1.398,0.881,9.972
19,1.326,0.737,10.029
19,1.398,0.986,10.013
19,1.384,0.56,9.926
19,1.322,0.68,9.957
19,1.276,0.342,9.91
19,1.156,0.395,9.991
19,1.207,0.467,10.003
19,1.166,0.381,10.041
19,1.305,0.302,9.991
19,1.477,0.445,9.986
19,1.255,0.534,10.017
19,1.089,0.189,9.998
19,1.31,-0.077,9.989
19,1.384,0.321,9.974
19,1.396,0.263,10.001
19,1.386,0.215,10.001
19,1.259,0.352,10.02
19,1.307,0.215,9.941
19,1.279,-0.043,9.96
19,1.252,0.16,10.058
19,1.453,-0.247,9.948
19,1.295,-0.213,9.996
19,1.393,-0.271,10.005
19,1.52,-0.206,9.981
19,1.276,-0.402,9.965
19,1.508,-0.306,9.998
19,1.058,-0.302,10.046
19,1.188,0.029,9.974
19,1.489,-0.345,10.046
19,0.833,-0.146,10.02
19,1.516,-0.362,9.946
19,1.829,-0.417,9.981
19,1.52,-0.089,9.993
19,1.006,0.067,10.001
19,1.508,-0.433,9.991
19,1.276,-0.749,9.962
19,1.245,-0.462,10.01
19,1.154,-0.814,10.048
19,1.176,-1.259,9.977
19,1.369,-1.341,9.957
19,1.24,-1.317,9.989
19,1.144,-1.602,10.01
19,1.137,-1.312,10.001
19,1.14,-1.223,10.017
19,1.032,-1.07,9.998
19,1.113,-0.769,10.008
19,1.195,-0.512,10.003
19,1.25,-0.223,9.969
19,1.329,-0.101,10.039
19,1.324,-0.077,9.989
19,1.259,-0.017,10.034
19,1.022,-0.026,10.017
19,0.026,0.062,10.204
19,0.081,0.086,10.068
19,0.424,0.034,10.092
19,1.63,-0.417,9.955
19,-0.199,-0.551,10.075
19,0.354,-0.235,10.07
19,0.97,-0.151,10.065
19,0.773,0.005,10.015
19,0.948,-0.065,10.027
19,1.374,0.043,10.027
19,0.429,0.127,10.041
19,0.417,0.124,10.075
19,1.082,-0.11,10.013
19,1.015,-0.309,10.022
19,0.73,-0.232,10.056
19,1.171,-0.113,10.005
19,1.46,-0.304,10.01
19,1.465,-0.187,9.989
19,0.761,0.034,10.001
19,1.894,0.266,9.929
19,1.506,0.218,10.044
19,1.058,-0.019,10.02
19,1.231,0.029,9.977
19,1.441,0.086,9.998
19,1.429,-0.108,9.972
19,1.571,-0.163,9.95
19,1.832,-0.206,9.938
19,1.812,0.103,9.967
19,1.786,-0.127,9.938
19,1.748,-0.237,9.957
19,1.686,0.117,9.979
19,2.042,-0.067,9.9
19,1.504,0.055,9.969
19,1.494,0.022,9.986
19,1.302,-0.084,9.998
19,1.654,0.103,9.929
19,1.288,0.034,9.979
19,1.544,-0.11,9.986
19,1.276,-0.105,10.029
19,1.046,0.022,10.046
19,1.544,-0.074,9.986
19,1.853,-0.215,9.96
19,2.148,-0.12,9.936
19,2.423,-0.194,9.898
19,2.784,-0.194,9.89
19,3.072,-0.266,9.847
19,2.61,-0.144,9.893
19,1.697,0.029,9.965
19,1.35,-0.105,9.969
19,1.341,-0.069,10.005
19,1.286,-0.079,10.005
19,1.29,-0.072,10.001
19,1.317,-0.062,9.979
19,1.384,-0.132,9.96
19,1.257,-1.312,10.003
19,1.393,-1.604,10.01
19,1.132,-1.053,9.991
19,1.451,-1.279,9.931
19,1.647,-1.02,9.946
19,1.346,-0.702,10.032
19,1.374,-0.395,9.984
19,1.405,-0.357,9.962
19,1.367,-0.175,9.989
19,1.298,-0.192,9.948
19,1.405,-0.11,9.986
19,1.259,-0.086,10.001
19,1.262,-0.038,10.02
19,1.305,-0.091,9.948
19,1.264,0.101,9.981
19,1.317,0.002,10.013
19,1.413,-0.091,9.989
19,1.355,-0.031,10.036
19,1.384,0.012,9.996
19,1.231,0.062,10.015
19,1.355,-0.057,9.996
19,1.274,0.029,9.96
19,1.25,0.065,9.989
19,1.422,0.045,9.989
19,1.295,0.345,9.984
19,1.295,0.057,9.991
19,1.389,0.232,9.991
19,1.329,0.086,10.001
19,1.298,0.247,9.989
19,1.358,0.306,9.996
19,1.302,0.345,10.013
19,1.35,0.52,9.989
19,1.288,0.788,10.001
19,1.346,0.759,9.979
19,1.324,0.905,10.015
19,1.264,1.219,10.005
19,1.288,0.426,9.991
19,1.295,-0.062,9.979
19,1.29,-0.081,10.001
19,1.305,-0.103,9.996
19,1.317,-0.117,9.996
19,1.302,-0.093,10.008
19,1.29,-0.074,10.015
19,1.257,-0.079,9.998
19,1.31,-0.089,10.025
19,1.331,-0.105,9.977
19,1.3,-0.098,9.981
19,1.286,-0.098,10.005
19,1.267,-0.089,10.01
19,1.283,-0.091,10.003
19,1.29,-0.098,10.034
19,1.319,-0.079,10.022
21,1.125,-0.029,10.056
21,1.109,-0.041,10.063
21,1.24,-0.067,9.89
21,1.14,-0.036,10.068
21,1.25,-0.055,9.977
21,1.219,-0.079,9.979
21,1.228,-0.072,10.003
21,1.259,-0.081,9.984
21,1.245,-0.079,10.02
21,1.274,-0.089,9.989
21,1.231,-0.067,10.01
21,1.279,-0.074,9.96
21,1.281,-0.115,9.969
21,1.24,-0.091,10.013
21,1.338,-1.733,9.969
21,1.489,-1.729,9.934
21,1.259,-1.221,9.993
21,1.413,-1.101,9.989
21,1.298,-0.773,9.986
21,1.537,-0.749,10.01
21,1.166,-0.62,10.003
21,1.405,-0.687,9.967
21,1.302,-0.46,10.003
21,1.336,-0.558,10.001
21,1.415,-0.512,9.946
21,1.116,-0.393,10.029
21,1.233,-0.251,9.991
21,1.367,-0.299,9.996
21,1.41,-0.254,9.955
21,1.061,-0.153,10.06
21,1.279,-0.192,10.003
21,1.173,-0.189,9.981
21,1.257,-0.124,9.998
21,1.245,-0.615,10.01
21,1.209,-0.737,9.981
21,1.286,-0.362,10.003
21,1.049,-0.18,9.967
21,1.027,-0.05,10.005
21,1.372,0.491,9.993
21,1.353,0.824,10.068
21,1.425,1.219,9.95
21,1.453,1.762,9.998
21,1.544,1.568,9.962
21,1.19,1.812,9.991
21,1.334,1.681,9.979
21,1.295,1.365,9.984
21,1.152,1.216,9.991
21,1.18,0.512,10.01
21,1.245,-0.022,10.02
21,1.264,-0.124,9.979
21,1.267,-0.086,10.008
21,1.274,-0.031,9.981
21,1.264,-0.065,9.986
21,1.966,-0.139,9.905
21,2.48,-0.283,9.91
21,2.368,-0.23,9.924
21,2.741,-0.192,9.864
21,1.745,0.165,9.965
21,1.518,0.417,9.998
21,1.791,0.091,9.957
21,2.239,-0.093,9.905
21,1.705,0.014,9.95
21,1.645,0.036,9.936
21,2.119,-0.089,9.941
21,1.652,-0.132,9.924
21,1.176,0.031,10.001
21,1.755,-0.122,9.948
21,1.271,0.122,9.953
21,1.47,-0.091,10.005
21,1.535,0.036,9.993
21,1.195,0.081,10.025
21,2.045,-0.259,9.957
21,1.362,-0.302,9.984
21,0.771,0.151,10.017
21,1.585,-0.347,9.981
21,1.221,-0.199,10.001
21,1.355,-0.271,9.984
21,0.721,-0.029,10.027
21,0.749,0.105,10.041
21,1.039,0.091,10.008
21,1.14,-0.002,10.015
21,0.821,0.139,9.974
21,1.156,0.134,9.989
21,1.027,0.069,9.996
21,1.24,-0.165,9.955
21,1.381,-0.309,9.986
21,0.953,-0.029,10.027
21,0.39,0.031,10.046
21,0.955,-0.354,9.986
21,0.783,-0.072,10.022
21,0.299,0.057,10.017
21,0.225,0.081,10.123
21,0.429,-0.144,10.092
21,1.018,-0.206,10.02
21,-0.031,0.129,10.089
21,0.761,-0.268,10.039
21,0.213,-0.148,10.08
21,0.354,-0.156,10.056
21,0.182,-0.038,10.063
21,1.068,-0.096,10.005
21,1.231,-0.069,10.005
21,1.259,-0.072,9.991
21,2.27,1.595,9.898
21,1.839,0.953,9.902
21,1.386,0.654,9.991
21,1.499,0.673,9.957
21,1.616,1.523,9.989
21,1.305,1.279,9.981
21,1.331,0.73,10.008
21,1.209,0.874,9.989
21,1.195,0.977,9.993
21,1.08,0.725,10.032
21,0.919,0.493,10.013
21,1.302,0.335,10.013
21,1.25,0.472,10.039
21,0.824,0.359,10.02
21,1.216,0.199,9.977
21,1.396,0.697,9.955
21,1.113,0.306,10.005
21,1.065,0.335,10.025
21,1.302,0.251,10.025
21,1.231,0.237,9.991
21,1.159,0.311,9.972
21,1.065,0.045,10.003
21,1.336,-0.393,9.953
21,0.931,0.208,10.022
21,1.329,-0.254,10.01
21,1.453,-0.326,10.032
21,1.192,-0.285,9.962
21,1.396,-0.469,9.984
21,1.59,-0.479,10.01
21,1.097,-0.486,9.979
21,1.247,-0.575,10.01
21,1.305,-0.594,9.996
21,1.156,-0.515,10.027
21,1.113,-0.493,10.02
21,1.065,-0.4,10.027
21,1.286,-0.627,10.013
21,1.405,-0.448,10.025
21,1.19,-0.388,9.993
21,1.231,-0.108,10.027
21,1.312,0.019,10.008
21,1.305,0,9.96
21,1.092,-0.043,10.001
21,0.867,-0.153,10.068
21,1.116,0.017,10.001
21,1.484,-0.314,9.991
21,1.362,-0.271,9.984
21,1.085,-0.146,10.015
21,1.463,-0.247,10.015
21,1.346,-0.153,9.989
21,1.231,-0.383,9.977
21,1.508,-0.117,9.991
21,1.413,-0.213,9.996
21,1.161,-0.608,10.02
21,1.295,-0.953,10.008
21,1.099,-0.86,10.027
21,1.293,-1.063,9.986
21,1.35,-1.18,10.032
21,1.221,-0.898,10.025
21,1.211,-0.857,10.01
21,1.142,-1.008,9.998
21,1.19,-0.721,10.013
21,1.262,-0.333,10.015
21,1.262,-0.065,10.008
21,0.876,-0.002,10.017
21,-0.043,-0.192,10.092
21,0.541,-0.263,10.013
21,1.135,-0.108,9.993
21,0.68,-0.057,10.063
21,0.239,0.06,10.041
21,0.026,-0.127,10.094
21,0.5,-0.12,10.015
21,0.541,-0.17,10.048
21,0.539,-0.122,10.075
21,0.474,-0.132,10.096
21,0.33,-0.053,10.06
21,0.299,-0.081,10.058
21,0.534,-0.184,10.099
21,-0.029,-0.062,10.07
21,0.352,-0.077,10.063
21,1.389,-0.196,10.046
21,0.85,-0.129,10.022
21,1.451,0.019,9.948
21,1.568,-0.031,9.993
21,1.166,-0.034,9.989
21,1.817,-0.326,10.008
21,1.257,0.141,9.989
21,1.623,0.11,9.972
21,1.609,-0.124,9.881
21,1.669,0.074,9.914
21,1.731,0.038,10.001
21,0.948,-0.057,10.034
21,1.487,0.115,9.986
21,1.319,0.077,9.941
21,1.539,-0.084,9.95
21,1.123,0.141,10.003
21,1.999,-0.189,9.941
21,1.887,-0.204,9.946
21,1.645,-0.084,9.953
21,1.76,-0.074,9.948
21,2.265,0.007,9.95
21,1.896,0.01,9.91
21,1.729,-0.11,9.946
21,2.119,-0.012,9.957
21,1.997,-0.01,9.912
21,2.349,-0.292,9.962
21,1.499,-0.06,9.938
21,1.657,0.024,9.943
21,1.453,-0.022,10.02
21,1.717,-0.098,9.926
21,1.3,-0.026,9.996
21,1.231,-0.098,9.981
21,1.441,-0.108,10.027
21,1.307,-0.144,9.962
21,1.513,0.005,9.969
21,1.381,0.002,9.977
21,1.405,-0.079,9.981
21,1.415,-0.156,9.96
21,1.231,-0.045,10.02
21,1.463,0.012,9.962
21,1.216,-0.026,9.993
21,1.202,-0.074,10.022
21,1.19,-0.069,9.998
21,1.161,-0.043,9.998
21,1.144,-0.041,10.003
21,1.111,-0.029,10.104
21,1.257,-0.077,9.977
21,1.204,-0.321,9.998
21,1.451,-2.488,10.058
21,1.235,-1.47,10.008
21,0.905,-1.049,10.022
21,1.24,-0.96,10.008
21,1.075,-0.9,9.998
21,1.245,-0.917,9.95
21,1.506,-1.015,9.974
21,1.367,-0.543,10.013
21,1.25,-0.34,9.989
21,1.214,-0.271,10.013
21,1.245,-0.055,10.008
21,1.269,0.204,9.977
21,1.061,-0.18,10.013
21,1.204,-0.098,10.025
21,1.444,-0.091,9.953
21,1.185,-0.259,10.058
21,1.35,-0.05,9.986
21,1.427,0.098,9.984
21,1.329,0.132,9.946
21,1.36,0.144,10.001
21,1.051,0.194,10.022
21,1.401,0.204,9.981
21,1.223,0.342,9.986
21,1.25,0.05,9.977
21,1.142,0.426,9.984
21,1.243,0.244,10.01
21,1.135,0.148,9.984
21,1.269,0.065,10.001
21,1.358,0.215,10.01
21,1.19,0.369,9.996
21,1.235,0.318,9.998
21,1.42,0.342,9.979
21,1.377,0.486,9.996
21,1.216,0.838,9.929
21,1.161,0.929,9.996
21,1.219,0.687,10.001
21,1.235,0.397,9.967
21,1.183,0.543,10.02
21,1.216,0.261,9.981
21,1.195,0.333,9.984
21,1.245,0.223,9.998
21,1.24,-0.026,9.984
21,1.221,-0.098,9.989
21,1.252,-0.093,9.972
21,1.264,-0.072,9.981
21,1.243,-0.081,10.02
21,1.233,-0.057,9.998
21,1.228,-0.057,10.005
21,1.24,-0.074,9.981
21,1.247,-0.086,9.996
21,1.243,-0.062,9.984
21,1.226,-0.057,10.022
21,1.219,-0.062,9.998
21,1.247,-0.065,10.013
21,1.269,-0.096,9.974
22,1.233,-0.069,10.046
22,1.219,-0.045,9.989
22,1.219,-0.101,10.017
22,1.25,-0.06,9.972
22,1.238,-0.034,9.991
22,1.231,-0.062,10.017
22,1.252,-0.065,9.941
22,1.228,-0.074,10.06
22,1.238,-0.067,9.984
22,1.264,-0.055,10.015
22,1.221,-0.067,9.955
22,1.24,-0.079,10.032
22,1.243,-0.081,9.989
22,1.233,-0.081,10.02
22,1.281,-0.067,9.979
22,1.238,-0.084,10.005
22,1.238,-0.086,9.991
22,1.288,-0.074,9.981
22,1.288,-0.065,10.027
22,1.156,1.015,10.048
22,1.185,1.288,9.953
22,1.745,0.163,9.929
22,1.465,0.864,9.998
22,1.35,0.742,9.981
22,1.3,0.646,9.965
22,1.317,0.62,10.001
22,1.262,0.747,9.991
22,1.214,0.792,9.943
22,1.209,0.919,10.039
22,1.025,0.706,9.991
22,1.19,0.326,10.039
22,1.252,0.182,9.996
22,1.271,0.136,10.034
22,1.338,0.072,10.022
22,1.116,-0.297,10.036
22,1.343,-0.065,9.989
22,1.374,-0.215,9.977
22,1.13,0.002,10.013
22,1.372,-0.359,9.929
22,1.338,-0.247,9.965
22,1.245,-0.424,9.977
22,1.326,-0.608,10.017
22,1.269,-0.51,9.967
22,1.283,-0.725,9.953
22,1.075,-0.804,10.013
22,1.207,-0.737,10.015
22,1.001,-0.642,10.02
22,1.207,-0.711,9.989
22,1.13,-0.658,10.022
22,1.132,-0.565,10.017
22,1.132,-0.809,10.039
22,1.109,-0.675,10.008
22,1.204,-0.991,10.032
22,1.216,-0.974,9.962
22,1.245,-0.666,10.032
22,1.31,-0.86,9.972
22,1.286,-0.809,9.969
22,1.173,-0.29,10.005
22,1.207,-0.077,10.01
22,1.185,-0.055,9.977
22,2.875,0.936,9.972
22,1.956,0.462,9.917
22,2.198,0.287,9.941
22,2.181,-0.036,9.934
22,2.418,-0.129,9.924
22,2.236,-0.129,9.926
22,1.824,-0.074,9.936
22,1.865,-0.156,9.95
22,1.791,-0.11,9.95
22,1.705,-0.237,9.953
22,1.616,-0.347,9.965
22,1.367,-0.105,9.972
22,1.693,-0.275,9.989
22,1.329,-0.151,9.984
22,1.429,0.012,10.041
22,1.578,-0.271,9.96
22,1.437,-0.069,9.948
22,1.762,-0.17,10.01
22,1.446,-0.127,9.981
22,1.413,-0.096,9.967
22,1.537,-0.218,9.946
22,1.599,-0.218,9.965
22,1.168,-0.017,10.01
22,1.003,-0.043,9.996
22,0.883,-0.134,10.051
22,0.804,-0.115,10.017
22,1.051,-0.113,10.017
22,0.864,-0.163,10.041
22,0.936,-0.031,10.044
22,0.95,0.017,10.008
22,1.063,-0.105,9.986
22,1.018,-0.072,10.005
22,0.936,-0.01,10.005
22,0.84,-0.053,10.015
22,1.207,0.105,9.989
22,0.807,0.077,10.029
22,1.374,0.022,10.056
22,0.855,0.148,10.01
22,0.84,-0.12,10.068
22,0.955,-0.108,9.991
22,0.594,-0.199,10.056
22,0.977,-0.187,10.034
22,0.927,-0.053,9.989
22,0.785,-0.072,10.003
22,0.922,-0.041,9.974
22,0.445,-0.048,10.072
22,0.668,-0.136,10.013
22,0.565,0.038,10.041
22,0.067,-0.11,10.116
22,0.302,-0.117,10.07
22,0.625,0.034,10.025
22,1.453,-0.919,10.001
22,1.465,-1.137,9.974
22,1.468,-1.46,10.01
22,1.441,-1.379,9.962
22,1.037,-1.233,9.996
22,1.116,-1.223,10.017
22,1.147,-0.728,9.984
22,1.322,-0.464,10.005
22,1.008,-0.012,9.996
22,1.037,-0.184,9.993
22,1.408,-0.441,10.005
22,1.118,-0.115,9.998
22,1.125,-0.201,10.017
22,1.173,-0.326,10.017
22,1.269,-0.373,9.965
22,1.307,-0.026,9.974
22,1.178,-0.012,10.041
22,1.274,-0.283,9.991
22,1.214,-0.175,10.001
22,1.365,-0.16,10.008
22,1.494,-0.156,9.967
22,1.082,-0.134,10.005
22,1.128,-0.23,10.003
22,1.31,-0.146,10.02
22,1.243,-0.278,9.991
22,1.238,0.026,10.036
22,0.996,-0.256,10.02
22,1.384,-0.582,10.022
22,1.302,-0.239,10.015
22,1.07,0.096,10.041
22,1.132,-0.194,10.003
22,1.36,-0.098,9.986
22,1.494,-0.242,9.96
22,1.041,-0.012,10.022
22,1.147,0.172,10.022
22,1.458,0.213,9.941
22,1.575,0.235,10.001
22,1.302,0.321,9.991
22,1.085,0.378,10.008
22,0.958,0.227,10.044
22,1.269,0.168,9.962
22,1.197,0.206,9.972
22,1.341,0.072,10.015
22,1.532,0.244,9.984
22,1.381,0.359,10.003
22,1.24,0.543,9.981
22,1.386,0.448,9.972
22,1.331,0.56,9.993
22,1.298,0.448,9.989
22,1.343,0.486,9.996
22,1.317,0.795,9.979
22,1.302,0.857,9.984
22,1.336,0.855,9.996
22,1.216,1.02,10.027
22,1.123,0.742,9.998
22,0.95,0.56,10.01
22,1.211,0.014,9.993
22,1.267,-0.067,10.025
22,1.25,-0.103,10.003
22,1.288,-0.074,9.998
22,1.295,-0.115,9.965
22,0.692,-0.28,9.998
22,-1.362,0.28,10.175
22,0.038,-0.086,10.12
22,0.189,-0.213,10.123
22,-0.17,0.005,10.099
22,0.433,-0.031,10.082
22,0.57,-0.074,10.02
22,-0.014,0.139,10.084
22,-0.395,0.134,10.106
22,0.275,-0.113,10.08
22,1.264,-0.177,10.02
22,0.986,-0.024,10.036
22,-0.048,0.34,10.048
22,1.48,-0.144,9.993
22,2.512,-0.359,9.874
22,0.888,0.048,10.003
22,1.65,-0.168,9.965
22,1.958,-0.29,9.914
22,1.396,-0.031,9.957
22,1.772,-0.022,9.926
22,1.669,0.022,9.974
22,1.906,-0.175,9.914
22,1.396,-0.012,9.981
22,1.822,-0.096,9.967
22,1.607,-0.189,10.017
22,1.769,-0.263,9.938
22,1.638,-0.165,9.957
22,1.389,-0.201,9.969
22,1.671,-0.151,9.984
22,1.784,-0.189,9.991
22,1.065,-0.019,10.025
22,1.721,-0.254,9.977
22,1.317,-0.055,9.977
22,1.085,-0.053,10.048
22,1.07,0.089,10.013
22,1.458,-0.048,9.998
22,1.496,-0.101,9.986
22,1.932,-0.115,9.917
22,2.028,-0.124,9.955
22,2.387,-0.053,9.922
22,2.495,-0.108,9.898
22,1.913,0.055,9.967
22,2.571,0.007,9.843
22,2.567,-0.084,9.898
22,1.664,0.034,9.967
22,1.29,-0.038,9.993
22,1.245,-0.069,10.02
22,1.264,-0.065,10.025
22,1.25,-0.057,10.022
22,1.245,-0.069,9.986
22,1.219,-0.05,9.974
22,1.233,-0.057,10.02
22,1.24,-0.055,9.969
22,1.259,-0.086,9.977
22,1.221,-0.065,10.005
22,1.238,-0.012,9.991
22,0.965,0.364,9.981
22,1.24,1.092,9.998
22,1.393,0.867,9.972
22,1.362,0.792,9.984
22,1.247,0.582,9.979
22,1.314,0.792,9.957
22,1.185,0.804,9.993
22,1.101,0.627,10.044
22,1.185,0.512,9.989
22,1.161,0.192,9.998
22,1.341,0.177,9.974
22,1.331,-0.096,9.984
22,1.166,-0.108,9.969
22,1.267,-0.101,10.013
22,1.477,-0.22,9.979
22,1.259,-0.306,9.977
22,1.226,-0.589,9.981
22,1.259,-0.457,10.013
22,1.247,-0.4,9.972
22,1.159,-0.524,10.001
22,1.243,-0.488,9.991
22,1.219,-0.622,10.022
22,1.31,-0.541,10.003
22,1.322,-0.761,10.013
22,1.281,-0.496,9.969
22,1.384,-0.654,9.969
22,1.166,-0.836,10.02
22,1.137,-1.176,10.005
22,1.235,-1.566,10.017
22,1.168,-1.427,9.981
22,1.195,-0.204,10.029
22,1.226,-0.077,10.003
22,1.24,-0.024,9.962
22,1.223,-0.077,10.005
22,1.219,-0.079,10.022
22,1.247,-0.067,9.981
22,1.247,-0.067,9.981
22,1.214,-0.072,9.996
22,1.216,-0.062,9.986
22,1.24,-0.074,10.005
22,1.235,-0.067,9.989
22,1.209,-0.067,10.003
22,1.226,-0.077,10.008
22,1.243,-0.045,10.005
24,1.252,-0.081,10.065
24,1.3,-0.072,10.001
24,1.29,-0.105,10.029
24,1.259,-0.089,10.032
24,1.271,-0.077,9.984
24,1.269,-0.06,9.969
24,1.259,-0.103,9.996
24,1.293,-0.129,10.015
24,1.3,-0.11,9.996
24,1.279,-0.043,9.981
24,1.24,-0.074,9.996
24,1.276,-0.067,9.993
24,1.302,-0.093,9.965
24,1.286,-0.098,9.965
24,1.257,-0.081,9.967
24,1.269,-0.036,9.991
24,1.288,-0.091,10.01
24,1.286,-0.101,10.003
24,1.305,-0.091,9.986
24,1.281,-0.077,10.022
24,1.271,-0.074,10.068
24,1.31,-0.057,9.965
24,1.298,-0.098,9.986
24,1.305,-0.072,9.953
24,1.3,-0.057,10.029
24,1.97,7.089,9.828
24,1.077,1.087,10.017
24,1.118,1.274,9.96
24,1.487,0.833,9.974
24,1.439,0.661,9.965
24,1.465,0.498,9.95
24,1.53,0.627,9.965
24,1.36,0.558,10.008
24,1.508,0.45,9.946
24,1.501,0.608,9.953
24,1.484,0.496,9.996
24,1.611,0.728,9.931
24,1.482,0.625,10.005
24,1.13,0.318,9.972
24,1.283,0.129,10.008
24,1.19,0.043,10.034
24,1.317,0.014,10.039
24,1.413,0.223,9.96
24,1.31,0.012,9.974
24,1.413,0.086,9.96
24,1.312,-0.034,10.001
24,1.499,0.062,9.969
24,1.326,0.002,10.034
24,0.95,-0.385,10.034
24,1.29,-0.486,9.969
24,1.204,-0.792,10.017
24,1.128,-1.355,9.998
24,1.154,-1.523,9.989
24,0.996,-1.709,10.013
24,1.075,-2.105,10.005
24,1.403,-2.076,10.003
24,1.446,-1.784,10.032
24,1.346,-0.713,9.977
24,1.305,-0.12,10.005
24,1.283,-0.045,9.972
24,1.267,-0.072,9.996
24,1.235,-0.091,9.984
24,4.125,0.802,9.622
24,2.521,0.283,9.917
24,2.631,0.072,9.895
24,3.019,-0.055,9.91
24,2.909,-0.247,9.859
24,2.737,-0.311,9.867
24,2.873,-0.086,9.804
24,1.954,0.007,9.998
24,2.045,-0.072,9.912
24,1.877,-0.093,9.977
24,1.42,-0.132,10.005
24,1.209,0.041,9.996
24,0.967,-0.244,9.972
24,0.646,-0.328,10.039
24,0.687,-0.146,10.001
24,0.907,-0.223,10.044
24,0.769,-0.215,10.005
24,1.386,0,10.039
24,1.051,-0.019,10.01
24,1.056,-0.182,10.029
24,1.087,-0.211,10.005
24,1.135,-0.326,10.048
24,1.307,-0.16,10.013
24,0.924,-0.093,10.003
24,1.482,-0.022,9.967
24,1.271,-0.067,10.015
24,1.01,-0.029,10.044
24,0.826,-0.153,10.056
24,0.486,-0.077,10.051
24,0.438,-0.007,10.041
24,-0.081,0.074,10.123
24,-0.122,-0.062,10.106
24,-0.869,0.014,10.18
24,-0.117,0.091,10.082
24,0.22,-0.041,10.106
24,0.417,-0.031,10.077
24,0.986,0.01,9.993
24,1.267,-0.074,9.981
24,1.29,-0.072,10.01
24,1.336,-0.069,10.008
24,2.119,-1.834,9.967
24,1.654,-1.307,9.979
24,1.348,-0.943,10.001
24,1.448,-1.642,9.981
24,1.422,-1.401,9.993
24,1.025,-1.276,10.01
24,1.499,-1.446,10.008
24,1.137,-1.204,9.969
24,1.441,-1.125,9.991
24,1.142,-1.137,10.017
24,1.199,-0.816,10.02
24,1.274,-0.898,10.013
24,1.219,-0.666,10.022
24,1.396,-0.321,9.96
24,1.381,0.062,9.993
24,0.836,-0.034,10.008
24,1.772,-0.235,9.996
24,1.223,0.11,9.991
24,1.144,0.012,9.996
24,1.252,0.347,9.962
24,1.211,0.026,10.039
24,1.214,0.096,10.005
24,1.257,0.474,10.046
24,1.006,0.517,9.979
24,1.341,0.244,9.981
24,1.544,0.51,9.962
24,1.235,0.515,10.027
24,1.338,0.467,10.005
24,1.59,0.493,9.957
24,1.367,0.321,10.001
24,1.276,0.184,9.989
24,1.484,0.376,10.015
24,1.29,0.443,9.967
24,1.14,-0.115,9.991
24,1.013,0.06,10.041
24,1.032,-0.002,10.013
24,1.257,0.002,9.965
24,1.331,0.156,9.969
24,1.161,0.39,10.027
24,1.415,-0.024,9.993
24,1.475,0.165,9.998
24,1.504,0.548,9.965
24,1.3,0.5,10.015
24,1.432,0.419,9.974
24,1.3,0.206,9.991
24,1.214,0.022,9.993
24,1.314,0.383,9.941
24,1.171,0.752,10.008
24,1.142,0.646,10.036
24,1.209,1.12,9.981
24,1.235,0.915,9.979
24,1.293,0.318,9.991
24,1.324,0.014,9.981
24,1.279,-0.093,10.029
24,0.867,-0.338,9.9
24,0.907,-0.141,10.053
24,-0.675,-0.532,10.216
24,0.551,-0.259,10.063
24,0.144,-0.134,10.123
24,0.129,-0.065,10.075
24,0.579,-0.096,10.032
24,0.371,-0.136,10.092
24,0.395,-0.034,10.056
24,0.845,-0.17,10.032
24,0.376,-0.091,10.036
24,1.008,-0.067,9.989
24,0.227,0.041,10.027
24,1.106,0.062,9.977
24,0.769,0.055,10.036
24,0.788,0.256,10.068
24,0.388,0.036,10.044
24,1.396,-0.113,9.974
24,1.001,0.263,10.048
24,1.532,-0.117,9.979
24,1.592,-0.069,9.943
24,1.834,-0.115,9.96
24,1.441,-0.074,10.034
24,2.523,-0.484,9.907
24,1.796,-0.105,9.96
24,1.532,0.026,9.948
24,1.415,-0.012,10.005
24,2.006,-0.239,9.912
24,1.204,0.029,9.974
24,1.171,0.098,10.015
24,1.705,-0.081,9.955
24,1.695,0.007,9.96
24,1.037,0.062,9.948
24,1.815,-0.11,9.972
24,1.82,0.038,9.957
24,0.96,0.086,9.998
24,1.35,-0.122,9.993
24,1.271,-0.024,10.005
24,1.535,-0.101,9.998
24,1.432,-0.172,9.955
24,1.762,-0.002,9.969
24,1.587,-0.199,9.998
24,1.429,-0.038,9.977
24,1.736,-0.223,9.965
24,2.26,-0.098,9.922
24,1.908,-0.084,9.929
24,3.098,-0.127,9.862
24,3.002,-0.074,9.857
24,2.856,-0.06,9.869
24,1.487,-0.012,9.998
24,1.264,-0.065,9.991
24,1.25,-0.06,10.013
24,1.279,-0.053,10.017
24,1.252,-0.024,9.993
24,1.247,-0.041,9.996
24,1.228,-0.045,10.068
24,1.283,-0.065,9.998
24,1.192,0.692,10.005
24,1.281,1.322,9.969
24,1.609,0.733,9.981
24,1.465,0.828,9.972
24,1.398,0.599,10.025
24,1.319,0.529,10.017
24,1.264,0.534,9.965
24,1.255,0.235,9.965
24,1.221,0.101,10.029
24,1.195,-0.034,9.989
24,1.302,-0.017,10.01
24,1.41,-0.031,9.962
24,1.233,-0.304,10.005
24,1.401,-0.436,9.989
24,1.355,-0.402,10.039
24,1.128,-0.306,9.979
24,1.302,-0.45,9.979
24,1.283,-0.199,10.001
24,1.3,-0.103,9.979
24,1.255,-0.019,10.022
24,1.209,-0.232,9.984
24,1.178,-0.266,10.005
24,1.228,-0.017,9.998
24,1.259,-0.115,9.996
24,1.298,-0.304,9.986
24,1.326,0.043,10.02
24,1.393,-0.177,10.003
24,1.152,-0.156,10.008
24,1.161,-0.654,9.974
24,1.104,-1.022,10.005
24,1.176,-1.336,9.998
24,1.243,-1.367,9.981
24,1.216,-0.927,10.032
24,1.161,-0.816,10.017
24,1.171,-0.397,10.048
24,1.238,-0.211,10.01
24,1.247,-0.079,9.991
24,1.233,-0.077,9.969
24,1.231,-0.074,10.022
24,1.233,-0.05,10.001
24,1.257,-0.069,9.981
24,1.271,-0.074,9.969
24,1.276,-0.091,10.017
24,1.209,-0.096,10.008
24,1.25,-0.048,10.001
24,1.245,-0.048,10.02
24,1.135,-0.105,10.147
24,1.235,-0.074,9.991
24,1.252,-0.036,9.986
24,1.274,-0.069,9.998
24,1.269,-0.038,9.981
24,1.25,-0.057,9.984
24,1.255,-0.06,10.001
24,1.276,-0.069,9.996
24,1.245,-0.043,9.996
24,1.247,-0.091,9.989
24,1.25,-0.05,9.989
24,1.226,-0.05,9.989
24,1.24,-0.06,10.017
30,1.233,-0.034,9.989
30,1.295,-0.091,9.986
30,1.276,-0.11,10.025
30,1.245,-0.096,10.015
30,1.259,-0.065,10.027
30,1.281,-0.091,9.967
30,1.267,-0.113,10.017
30,1.267,-0.108,10.027
30,1.276,-0.093,10.022
30,1.259,-0.084,9.965
30,1.255,-0.096,10.017
30,1.283,-0.105,9.986
30,1.29,-0.081,9.989
30,1.255,-0.091,10.013
30,1.231,-0.108,9.996
30,1.255,-0.096,9.989
30,1.293,-0.101,10.013
30,1.274,-0.117,10.017
30,1.283,-0.096,9.986
30,1.262,-0.105,9.969
30,1.257,-0.101,10.025
30,1.271,-0.103,9.977
30,1.269,-0.091,10.017
30,1.259,-0.113,10.008
30,1.231,0.146,9.977
30,1.504,-1.341,10.032
30,1.099,-0.766,10.008
30,1.144,-1.132,10.005
30,1.307,-1.03,9.962
30,1.128,-1.037,10.051
30,1.331,-1.015,10.041
30,1.125,-0.673,9.972
30,1.271,-0.967,9.998
30,1.367,-0.862,9.984
30,1.18,-0.39,10.027
30,1.29,-0.362,10.013
30,1.334,0.01,10.029
30,1.226,-0.081,10.003
30,1.211,-0.192,9.986
30,1.317,-0.072,10.015
30,1.312,-0.005,10.015
30,1.257,-0.069,9.967
30,1.36,-0.163,9.962
30,1.513,-0.084,9.991
30,1.135,-0.249,10.025
30,1.413,-0.189,9.95
30,1.48,0.093,9.957
30,1.257,-0.101,9.969
30,1.374,0.302,10.001
30,1.369,0.364,10.015
30,1.135,0.783,9.969
30,1.159,0.766,9.974
30,1.199,0.692,9.979
30,1.223,0.759,9.991
30,1.264,0.848,10.022
30,1.176,1.092,9.989
30,1.437,1.226,9.979
30,1.453,1.276,9.957
30,1.415,1.073,9.991
30,1.298,0.907,9.967
30,1.204,0.12,10.022
30,1.262,-0.072,9.991
30,1.384,-0.072,10.005
30,1.53,0.074,9.977
30,2.155,-0.235,9.95
30,2.614,-0.306,9.936
30,2.318,-0.086,9.931
30,2.222,0.036,9.902
30,2.291,0.108,9.926
30,2.523,-0.017,9.922
30,2.109,-0.294,9.955
30,2.37,0.031,9.965
30,1.901,0.132,9.919
30,1.853,0.002,9.948
30,1.719,-0.057,9.943
30,1.358,-0.005,10.008
30,1.542,-0.022,10.02
30,0.974,0.172,9.984
30,1.18,0.11,10.046
30,0.735,-0.045,10.041
30,0.754,-0.012,10.041
30,1.185,-0.194,10.001
30,0.874,0.057,10.027
30,0.699,0.069,10.041
30,0.855,0.077,10.025
30,1.154,0.139,9.96
30,1.432,0.079,10.008
30,1.609,-0.215,9.965
30,1.645,-0.101,10.015
30,1.384,-0.223,9.965
30,0.599,-0.062,10.039
30,0.728,-0.366,10.025
30,0.572,0.062,10.022
30,0.067,-0.211,10.072
30,0.412,-0.098,10.06
30,0.089,-0.024,10.053
30,1.221,-0.074,9.996
30,1.02,-0.187,9.989
30,0.713,0.043,10.065
30,0.63,-0.062,10.025
30,0.936,-0.084,10.046
30,0.63,-0.115,10.072
30,0.555,-0.12,10.032
30,0.742,-0.122,10.025
30,0.584,-0.115,10.072
30,1.228,-0.199,9.986
30,1.202,-0.235,9.96
30,0.79,-0.084,10.053
30,0.445,-0.067,10.063
30,0.62,0.043,10.025
30,1.53,0.031,9.979
30,1.377,-0.06,10.015
30,0.73,0.053,10.053
30,1.106,-0.089,10.005
30,0.869,-0.05,10.013
30,0.934,-0.043,10.022
30,1.504,0.412,9.993
30,1.544,0.948,10.027
30,1.52,0.929,9.965
30,1.563,1.111,9.946
30,1.386,0.958,9.984
30,1.451,1.405,9.993
30,1.468,0.919,9.948
30,1.118,0.84,9.991
30,1.199,0.594,9.969
30,1.197,0.278,10.001
30,1.243,0.622,10.005
30,1.022,0.651,10.027
30,0.848,0.73,10.034
30,1.051,0.479,10.005
30,1.111,0.551,9.957
30,1.346,0.608,10.01
30,1.144,0.577,10.025
30,1.384,0.572,9.998
30,1.494,0.393,9.996
30,0.702,0.864,10.029
30,0.637,0.45,10.013
30,1.223,0.045,9.962
30,1.489,-0.098,10.027
30,0.632,-0.208,10.015
30,1.233,-0.488,10.032
30,1.657,-0.266,10.01
30,1.109,-0.292,9.967
30,1.458,-0.474,9.948
30,1.216,-0.555,9.95
30,1.379,-0.345,10.008
30,1.456,-0.196,10.015
30,1.434,-0.354,9.969
30,1.161,-0.565,10.015
30,1.037,-0.359,10.027
30,1.255,-0.443,9.931
30,1.039,-0.453,10.01
30,1.269,-0.622,9.984
30,0.955,-0.589,10.02
30,1.518,-0.675,9.986
30,1.219,-0.541,10.008
30,1.068,-0.256,10.008
30,1.089,-0.18,10.015
30,1.123,-0.18,10.025
30,1.171,-0.237,9.984
30,1.343,-0.292,9.957
30,1.12,-0.237,10.005
30,1.046,-0.247,10.022
30,1.403,-0.524,10.02
30,1.274,-0.062,10.056
30,1.14,-0.601,9.974
30,1.35,-0.472,9.981
30,1.415,-0.345,10.008
30,1.008,-0.845,10.034
30,0.977,-0.723,10.003
30,1.08,-0.807,10.051
30,1.231,-0.479,9.996
30,1.425,-0.345,9.957
30,1.231,-0.539,9.986
30,1.08,-0.735,10.058
30,1.221,-0.215,10.005
30,1.228,-0.338,10.013
30,1.144,-0.469,9.962
30,1.223,-0.39,10.034
30,1.147,-0.534,9.998
30,1.207,-0.575,10.005
30,1.228,-0.23,9.977
30,1.199,-0.055,10.058
30,1.144,0.026,10.036
30,0.974,-0.024,9.922
30,-0.316,0.311,10.276
30,-0.239,-0.077,10.12
30,-0.402,0.139,10.063
30,0.23,-0.39,10.051
30,-0.067,-0.342,10.139
30,-0.115,-0.33,10.106
30,-0.28,-0.215,10.099
30,0.369,-0.335,10.116
30,0.271,0.144,10.087
30,0.263,0.113,10.044
30,0.51,-0.024,10.051
30,0.658,-0.01,10.046
30,0.611,-0.062,10.025
30,1.413,-0.347,9.998
30,1.125,-0.18,9.989
30,1.094,0.105,10.01
30,1.132,-0.069,10.017
30,1.42,-0.239,10.044
30,1.966,0.055,9.936
30,1.681,-0.074,9.996
30,1.832,0.012,9.847
30,1.362,-0.031,10.025
30,1.8,-0.146,10.001
30,1.697,0.045,9.955
30,1.535,-0.022,10.025
30,1.939,-0.11,9.957
30,2.176,0.002,9.917
30,1.322,-0.113,10.008
30,2.315,-0.036,9.965
30,1.839,0.103,9.955
30,2.236,-0.007,9.895
30,2.109,-0.124,9.948
30,2.583,0.053,9.902
30,2.16,0.048,9.893
30,2.464,-0.201,9.924
30,2.531,-0.223,9.907
30,2.27,-0.16,9.898
30,2.061,-0.187,9.936
30,1.492,-0.062,10.005
30,1.369,-0.05,10.003
30,1.228,-0.057,9.993
30,1.209,-0.053,10.02
30,1.207,-0.065,9.977
30,1.221,-0.072,9.986
30,1.214,-0.055,10.036
30,1.168,-0.065,10.053
30,1.221,-0.048,9.981
30,1.235,-0.096,9.989
30,1.264,-0.084,10.001
30,1.24,-0.065,10.032
30,1.24,-0.053,9.977
30,0.939,-1.846,9.931
30,1.025,-1.334,10.034
30,0.706,-1.221,10.025
30,0.883,-1.439,9.981
30,1.051,-1.152,10.025
30,1.427,-1.003,10.017
30,1.233,-0.843,10.036
30,1.532,-0.704,9.979
30,1.381,-0.354,9.993
30,1.396,-0.196,9.989
30,1.331,-0.057,9.967
30,1.334,-0.012,10.013
30,1.362,0.278,10.027
30,1.341,0.079,9.969
30,1.508,0.041,9.972
30,1.408,0.302,9.986
30,1.422,0.093,9.986
30,1.348,0.278,10.001
30,1.338,-0.153,9.991
30,1.262,0.096,10.005
30,1.142,0.113,10.027
30,1.164,0.062,10.022
30,1.159,0.079,10.008
30,1.381,-0.002,9.967
30,1.245,0.144,10.025
30,1.202,-0.036,9.989
30,1.195,-0.089,10.013
30,1.286,-0.038,10.02
30,1.252,-0.031,10.003
30,1.226,0.136,9.977
30,1.336,0.302,9.986
30,1.243,0.352,9.984
30,1.336,0.34,10.013
30,1.283,0.472,9.972
30,1.269,0.74,10.003
30,1.353,0.907,9.984
30,1.279,0.498,10.008
30,1.276,0.402,9.974
30,1.312,0.515,9.946
30,1.228,0.314,10.005
30,1.286,0.194,10.001
30,1.307,0.381,9.991
30,1.243,0.132,10.017
30,1.245,0.108,10.02
30,1.262,0.168,10.01
30,1.24,-0.072,9.979
30,1.243,0.316,10.022
30,1.231,0.16,9.996
30,1.231,-0.034,9.986
30,1.219,-0.084,10.01
30,1.233,-0.081,10.008
30,1.25,-0.074,9.972
30,1.223,-0.084,10.013
30,1.231,-0.045,10.01
30,1.226,-0.062,9.967
30,1.233,-0.096,9.989
30,1.233,-0.101,10.036
30,1.221,-0.06,9.993
30,1.231,-0.06,10.029
30,1.238,-0.065,9.996
30,1.231,-0.081,9.993
30,1.233,-0.077,10.005
30,1.238,-0.045,10.001
30,1.223,-0.089,9.991
30,1.233,-0.084,9.986
30,1.228,-0.067,10.005
32,1.999,-0.773,9.989
32,2.179,-0.721,9.938
32,1.86,-0.376,9.924
32,1.961,-0.476,9.974
32,1.827,-0.263,9.953
32,1.621,-0.062,10.036
32,1.772,-0.385,9.984
32,1.427,0.007,9.962
32,1.372,0.067,9.977
32,1.293,0.098,10.015
32,1.154,0.244,9.989
32,1.652,-0.077,9.972
32,1.073,0.204,10.01
32,0.974,0.304,10.017
32,1.211,0.28,10.013
32,1.374,-0.11,10.005
32,1.784,-0.184,9.965
32,1.013,0.192,10.017
32,1.322,-0.268,9.979
32,1.377,-0.079,9.996
32,1.307,-0.055,10.001
32,0.783,0.069,10.032
32,1.104,0.048,10.053
32,1.221,0.139,10.017
32,1.437,-0.201,9.934
32,1.214,0.01,10.036
32,0.843,-0.069,10.044
32,0.886,0.232,10.022
32,1.295,-0.16,9.991
32,1.159,-0.144,10.022
32,0.826,0.146,9.981
32,1.341,-0.043,9.996
32,1.049,-0.115,10.001
32,1.329,-0.096,9.998
32,1.211,0.318,9.998
32,1.24,0.239,9.979
32,0.977,0.129,10.001
32,0.927,0.215,10.017
32,0.948,0.263,10.001
32,0.67,0.204,10.013
32,0.919,-0.074,10.058
32,0.488,0.306,10.07
32,0.45,0.132,10.065
32,0.567,0.254,10.029
32,0.024,0.622,10.046
32,0.601,0.225,10.07
32,0.814,0.18,10.008
32,0.874,0.187,10.048
32,1.13,0.007,10.008
32,1.259,-0.081,9.984
32,1.298,-0.074,10.008
32,1.274,-0.089,9.965
32,1.271,-0.06,9.996
32,1.283,-0.062,10.053
32,1.262,-0.065,9.984
32,1.262,-0.069,9.979
32,1.317,-0.067,10.015
32,1.286,-0.077,9.981
32,1.281,-0.072,10.01
32,1.24,-0.069,10.029
32,1.731,3.768,10.003
32,1.238,-0.383,9.989
32,1.319,0.939,9.981
32,1.427,0.28,10.008
32,1.401,1.041,9.993
32,1.243,0.73,10.003
32,1.35,0.948,9.953
32,1.279,0.895,9.981
32,1.247,0.766,9.974
32,1.168,0.419,10.027
32,1.252,0.445,9.991
32,1.13,0.433,9.984
32,1.214,0.189,10.015
32,1.427,0.144,9.991
32,1.437,0.472,9.948
32,1.425,0.474,9.996
32,1.456,0.199,10.001
32,1.257,0.215,10.017
32,1.46,0.259,9.941
32,1.283,0.156,10.022
32,1.279,0.089,9.993
32,1.544,-0.189,9.941
32,0.867,0.536,10.046
32,1.065,0.101,9.993
32,1.468,0.072,9.979
32,1.226,0.045,9.989
32,0.967,0.017,10.036
32,1.259,-0.704,10.036
32,1.379,-0.364,9.946
32,1.188,-0.091,10.048
32,1.283,-0.345,9.96
32,1.563,-0.397,9.941
32,1.262,-0.01,10.022
32,1.516,-0.01,9.969
32,1.41,-0.072,9.941
32,1.135,-0.043,10.053
32,1.262,-0.079,9.926
32,1.499,-0.534,10.022
32,1.46,0.048,9.946
32,0.989,-0.383,10.02
32,1.065,-0.146,10.039
32,1.243,-0.273,9.998
32,1.365,-0.52,9.948
32,1.199,-0.589,10.01
32,1.501,-0.838,9.986
32,1.31,-0.642,9.993
32,1.283,-0.555,10.022
32,1.298,-0.503,9.998
32,1.221,-0.158,10.034
32,1.453,-0.373,9.998
32,1.544,-0.333,9.979
32,1.326,-0.481,10.005
32,1.348,-0.773,10.032
32,1.245,-0.86,10.017
32,1.463,-0.802,10.01
32,1.305,-1.171,10.01
32,1.293,-0.644,9.972
32,1.441,-0.649,9.984
32,1.221,-0.843,10.017
32,1.286,-0.582,10.027
32,1.204,-0.596,10.003
32,1.274,-0.436,10.022
32,1.319,-0.144,9.965
32,1.302,-0.084,9.996
32,1.295,-0.089,10.001
32,1.298,-0.074,9.984
32,1.288,-0.065,9.996
32,1.286,-0.055,9.996
32,1.326,-0.077,9.948
32,1.293,-0.065,10.001
32,1.283,-0.05,9.979
32,1.288,-0.065,9.991
32,1.267,-0.045,9.957
32,1.279,-0.053,10.02
32,1.257,-0.445,10.08
32,0.929,-0.778,10.051
32,0.857,-0.618,10.034
32,0.541,-0.931,10.039
32,0.565,-0.831,9.998
32,0.769,-0.711,10.089
32,0.515,-0.524,10.036
32,0.654,-0.572,10.048
32,0.836,-0.455,10.022
32,0.668,-0.505,10.065
32,0.895,-0.572,10.044
32,0.967,-0.553,10.005
32,0.895,-0.328,10.072
32,0.745,-0.579,9.986
32,0.754,-0.529,10.063
32,1.135,-0.244,9.993
32,0.845,-0.127,10.01
32,0.943,-0.067,9.965
32,1.286,-0.007,10.072
32,1.135,-0.153,10.029
32,1.348,-0.084,10.005
32,1.463,-0.05,9.986
32,1.3,0.048,10.017
32,1.326,-0.019,9.957
32,1.331,0.017,9.989
32,1.262,0.084,10.013
32,1.226,0.091,9.965
32,1.14,0.05,10.013
32,1.535,-0.048,9.972
32,1.252,0.034,10.008
32,1.25,0.065,10.01
32,1.116,-0.28,10.001
32,1.365,0.038,10.017
32,1.269,0.309,9.957
32,1.425,0.357,9.998
32,1.384,0.256,9.998
32,1.592,0.364,9.974
32,1.623,0.488,9.946
32,1.599,0.306,9.948
32,1.506,0.273,9.934
32,1.477,0.132,9.984
32,1.607,0.079,9.996
32,1.76,0.072,9.965
32,1.46,-0.01,9.917
32,1.686,0.079,9.934
32,1.772,-0.007,9.938
32,1.681,0.091,9.981
32,1.508,0.029,9.977
32,1.365,-0.115,10.013
32,1.523,-0.122,9.962
32,1.425,-0.079,9.974
32,1.52,-0.019,9.993
32,1.396,-0.014,10.01
32,1.65,0.213,9.969
32,1.537,0.156,9.986
32,1.575,0.287,9.934
32,1.676,0.232,9.943
32,1.626,0.146,9.962
32,1.65,0.268,9.986
32,1.585,0.225,9.984
32,1.808,0.503,9.981
32,1.774,0.575,9.962
32,1.618,0.412,9.967
32,1.264,-0.031,9.984
32,1.243,-0.115,9.989
32,1.262,-0.108,9.972
32,1.257,-0.074,9.996
32,1.264,-0.081,10.008
32,1.247,-0.077,9.981
32,1.262,-0.079,10.013
32,1.255,-0.072,9.967
32,1.243,-0.081,10.02
38,1.264,-0.091,10.027
38,1.29,-0.081,10.036
38,1.286,-0.098,10.032
38,1.286,-0.108,9.986
38,1.288,-0.12,9.974
38,1.283,-0.101,10.027
38,1.267,-0.089,10.015
38,1.264,-0.086,10.022
38,1.262,-0.089,9.986
38,1.252,-0.127,9.981
38,1.31,-0.101,9.979
38,1.257,-0.098,9.981
38,1.25,-0.079,10.013
38,1.274,-0.089,9.974
38,1.288,-0.096,9.965
38,1.271,-0.122,9.948
38,1.259,-0.096,10.01
38,1.274,-0.072,9.993
38,1.264,-0.103,10.005
38,1.281,-0.124,9.955
38,1.283,-0.108,10.013
38,1.286,-0.105,10.003
38,1.267,-0.084,9.996
38,1.279,-0.055,10.041
38,1.281,-0.098,9.979
38,3.414,-2.255,10.113
38,1.506,-0.381,10.005
38,1.611,-0.52,9.969
38,1.748,-0.584,9.981
38,2.109,-0.654,9.929
38,1.709,-0.199,9.993
38,1.556,-0.285,9.972
38,1.748,-0.393,9.989
38,1.832,-0.512,9.946
38,1.724,-0.615,9.965
38,1.779,-0.678,9.974
38,1.628,-0.433,9.955
38,1.575,-0.383,9.977
38,1.219,-0.05,10.036
38,1.417,-0.101,9.979
38,1.231,-0.024,9.984
38,1.221,0.041,10.032
38,1.274,-0.153,9.965
38,1.355,0.053,9.986
38,1.051,0.213,9.991
38,1.456,-0.026,10.008
38,1.099,0.079,9.998
38,1.427,-0.153,9.967
38,1.149,0.05,10.008
38,1.417,0.067,10.025
38,1.132,0.074,10.005
38,1.159,0.01,10.008
38,1.377,-0.026,9.984
38,1.293,0.034,9.967
38,1.52,-0.285,9.996
38,1.42,-0.144,10.008
38,1.499,-0.122,9.986
38,1.425,-0.156,9.967
38,1.13,0.098,10.001
38,1.032,0.036,10.036
38,0.905,0.263,9.991
38,0.97,0.187,9.991
38,1.307,-0.184,9.986
38,1.118,0.053,10.022
38,1.111,-0.041,10.027
38,1.365,-0.098,9.984
38,1.228,-0.11,9.993
38,1.195,-0.158,10.025
38,1.403,-0.053,9.955
38,1.267,0.002,10.003
38,1.068,-0.019,9.993
38,1.03,0.194,10.056
38,1.106,-0.05,10.003
38,1.223,-0.072,9.998
38,1.168,0.067,9.969
38,1.307,-0.079,9.981
38,1.3,-0.18,10.003
38,1.657,-0.089,9.946
38,1.247,0.043,10.015
38,1.082,0.105,9.989
38,1.267,-0.034,9.986
38,1.049,0.074,9.979
38,0.924,0.124,10.034
38,0.663,0.22,10.032
38,0.881,0.12,10.022
38,0.95,-0.055,10.013
38,0.852,0.048,10.032
38,1.087,0,10.046
38,0.654,0.309,10.051
38,0.833,0.084,10.022
38,0.816,0.335,9.998
38,0.855,0.271,10.02
38,0.965,0.156,10.022
38,1.293,-0.055,10.022
38,1.18,-0.067,9.998
38,0.953,0.048,10.02
38,0.893,0.192,9.993
38,1.185,-0.005,9.993
38,1.259,-0.043,9.993
38,1.267,-0.079,10.034
38,1.312,-0.079,9.989
38,1.29,-0.113,10.008
38,1.29,-0.091,10.008
38,1.267,-0.036,9.991
38,1.267,-0.055,9.989
38,1.176,-0.045,10.025
38,1.381,1.14,9.981
38,1.341,0.278,9.996
38,1.319,0.69,10.003
38,1.374,0.893,9.957
38,1.513,1.087,9.969
38,1.367,0.876,9.962
38,1.247,0.888,9.986
38,1.283,0.85,10.046
38,1.465,0.57,9.979
38,1.489,0.551,9.972
38,1.448,0.443,9.957
38,1.417,0.438,9.981
38,1.353,-0.005,9.979
38,1.334,-0.187,10.02
38,1.288,-0.218,9.991
38,1.319,-0.168,9.96
38,1.19,-0.089,9.998
38,1.087,0.192,10.02
38,1.178,0.148,9.979
38,1.516,0.01,9.984
38,1.508,0.062,10.02
38,1.31,-0.034,10.017
38,1.331,0.069,9.979
38,1.279,-0.285,9.998
38,1.238,-0.182,10.008
38,1.398,-0.098,10.013
38,1.429,-0.206,9.996
38,1.389,-0.156,9.984
38,1.312,-0.208,9.991
38,1.307,-0.271,10.01
38,1.312,-0.165,9.979
38,1.075,-0.105,9.962
38,1.152,-0.429,10.025
38,1.137,-0.261,9.96
38,1.228,-0.256,10.01
38,1.113,-0.156,10.008
38,1.192,0.024,10.025
38,1.199,-0.402,9.974
38,1.226,-0.196,9.996
38,1.338,-0.089,9.991
38,1.425,-0.283,9.984
38,1.049,0.01,10.02
38,1.453,-0.287,9.977
38,1.358,-0.048,9.998
38,1.221,-0.16,10.013
38,1.362,-0.309,10.02
38,1.049,-0.17,9.984
38,1.039,-0.239,10.02
38,1.24,-0.467,10.001
38,1.267,-0.493,10.017
38,1.341,-0.204,10.025
38,1.106,-0.273,10.01
38,1.386,-0.287,10.022
38,1.377,-0.151,10.046
38,1.24,-0.249,9.977
38,1.439,-0.251,9.984
38,1.271,-0.278,9.984
38,1.396,-0.555,9.972
38,1.456,-0.666,9.989
38,1.425,-0.615,9.991
38,1.403,-0.491,9.998
38,1.472,-0.551,9.974
38,1.314,-0.589,10.025
38,1.29,-1.123,10.01
38,1.326,-1.185,9.955
38,1.417,-0.508,10.008
38,1.398,-0.663,10.015
38,1.281,-0.697,9.981
38,1.307,-0.266,10.022
38,1.255,-0.072,9.946
38,1.264,-0.043,10.022
38,1.324,-0.053,9.969
38,1.312,-0.101,10.029
38,1.274,-0.077,10.008
38,1.276,-0.074,9.981
38,1.305,-0.077,9.95
38,1.302,-0.091,10.034
38,0.785,-0.874,10.053
38,0.946,-0.95,9.981
38,0.29,-0.553,10.451
38,0.606,-0.864,10.041
38,0.481,-0.773,10.087
38,0.709,-0.596,9.998
38,0.491,-0.723,10.092
38,0.589,-0.824,9.96
38,0.867,-0.632,10.113
38,0.977,-0.393,10.034
38,0.694,-0.362,10.087
38,1.164,-0.448,9.96
38,1.48,0.053,10.027
38,1.475,0.062,9.948
38,1.226,0.031,10.06
38,1.451,0.249,9.989
38,1.176,0.012,9.967
38,1.247,-0.065,9.984
38,1.295,-0.237,9.974
38,1.142,-0.168,9.993
38,1.29,-0.211,9.989
38,1.31,-0.045,10.058
38,1.235,-0.165,10.013
38,1.238,-0.139,10.003
38,1.022,-0.134,10.053
38,1.006,-0.187,10.013
38,1.293,-0.364,9.998
38,1.434,-0.189,9.95
38,1.097,-0.189,9.989
38,1.353,-0.074,9.981
38,1.288,-0.093,9.977
38,1.358,-0.024,9.981
38,1.566,0.096,9.986
38,1.314,0.153,9.962
38,1.269,0.101,9.974
38,1.231,0.045,10.015
38,1.18,0.002,9.979
38,1.621,-0.048,9.929
38,1.381,-0.086,9.979
38,1.623,-0.019,9.969
38,1.475,0.113,9.979
38,1.456,0.23,9.914
38,1.671,0.117,9.989
38,1.618,0.012,9.948
38,1.384,0.196,10.017
38,1.484,0.328,9.955
38,1.559,0.175,9.986
38,1.528,0.093,9.972
38,1.374,0.318,9.981
38,1.506,0.237,9.974
38,1.264,0.045,10.02
38,1.439,0.086,9.955
38,1.408,0.072,9.974
38,1.585,0.022,9.936
38,1.456,-0.045,9.993
38,1.221,0.005,9.991
38,1.628,0.091,9.929
38,1.324,-0.12,9.977
38,1.247,0.055,9.986
38,1.369,0.086,9.965
38,1.48,0.06,9.965
38,1.329,0.065,9.991
38,1.401,0.165,9.984
38,1.362,0.12,10.015
38,1.511,0.132,9.955
38,1.607,0.153,9.89
38,1.745,0.347,9.957
38,1.595,0.316,9.929
38,1.561,0.16,9.979
38,1.767,0.299,9.924
38,1.583,0.244,9.993
38,1.25,-0.043,9.991
38,1.214,-0.101,10.013
38,1.252,-0.093,10.003
38,1.283,-0.103,10.003
38,1.247,-0.103,9.979
38,1.214,-0.067,10.01
38,1.257,-0.079,9.979
38,1.257,-0.103,9.981
45,1.259,-0.098,10.044
45,1.293,-0.101,9.998
45,1.276,-0.065,9.967
45,1.271,-0.036,10.094
45,1.276,-0.11,9.998
45,1.257,-0.101,10.001
45,1.288,-0.084,10.015
45,1.295,-0.077,10.003
45,1.25,-0.096,10.01
45,1.274,-0.079,9.989
45,1.3,-0.084,9.996
45,1.283,-0.098,9.993
45,1.255,-0.122,10.013
45,1.3,-0.084,10.005
45,1.264,-0.06,9.981
45,1.252,-0.091,9.977
45,1.264,-0.074,9.962
45,1.281,-0.053,10.041
45,1.269,-0.096,10.02
45,1.295,-0.098,9.972
45,1.298,-0.065,9.998
45,1.288,-0.089,9.965
45,1.243,-0.089,9.998
45,1.305,-0.072,9.981
45,1.319,-0.067,9.965
45,1.243,-0.081,9.934
45,1.238,-0.103,10.001
45,1.776,0.716,9.996
45,1.676,0.613,9.89
45,1.489,-0.026,10.008
45,2.021,0.453,9.948
45,1.738,0.251,9.95
45,1.817,0.328,9.979
45,1.489,0.326,10.01
45,1.429,0.093,9.979
45,1.597,0.065,9.946
45,1.65,0.232,9.934
45,1.415,0.136,10.001
45,1.302,0.175,9.981
45,1.384,-0.16,9.967
45,1.475,-0.031,9.986
45,1.463,-0.057,9.981
45,1.116,-0.069,10.01
45,1.662,0.062,9.965
45,1.535,-0.014,9.986
45,1.547,0.204,10.001
45,1.446,-0.024,9.998
45,1.362,0.022,9.955
45,1.233,-0.048,9.977
45,1.334,-0.11,9.989
45,1.326,-0.002,9.993
45,1.3,-0.093,9.967
45,1.322,-0.129,9.991
45,1.302,-0.041,10.017
45,1.271,0.017,10.029
45,1.516,-0.031,9.957
45,1.549,0.06,10.003
45,1.489,-0.005,10.008
45,1.477,0.01,9.998
45,1.324,-0.065,10.027
45,1.226,-0.184,9.965
45,1.267,-0.151,10.005
45,1.233,-0.266,10.027
45,1.307,-0.158,9.979
45,1.082,-0.041,10.001
45,1.094,-0.34,10.087
45,1.085,-0.39,9.986
45,1.425,-0.225,9.967
45,1.252,-0.151,10.003
45,1.405,-0.074,9.965
45,1.29,-0.16,9.953
45,1.341,-0.034,10.017
45,1.245,-0.156,10.003
45,1.298,-0.103,9.962
45,1.12,-0.096,10.015
45,1.137,-0.261,10.022
45,1.243,-0.294,9.986
45,1.25,-0.196,9.972
45,1.202,-0.39,10.029
45,1.152,-0.321,9.981
45,1.104,-0.395,10.01
45,0.996,-0.412,10.001
45,1.279,-0.294,9.984
45,0.991,-0.292,10.029
45,1.221,-0.156,10.003
45,1.417,-0.127,10.005
45,1.142,-0.302,10.032
45,1.262,-0.215,9.977
45,1.3,-0.048,9.996
45,1.233,0.036,10.017
45,1.001,-0.105,10.005
45,0.996,-0.407,10.027
45,0.998,-0.364,10.044
45,0.821,-0.18,10.02
45,1.101,0.036,10.07
45,0.934,-0.333,10.032
45,0.702,-0.491,10.039
45,0.441,-0.661,10.048
45,1.274,-0.168,10.032
45,1.195,-0.199,9.979
45,1.101,-0.182,10.003
45,1.812,0.098,9.953
45,0.922,-0.268,10.005
45,0.85,-0.364,10.027
45,1.164,-0.316,9.991
45,1.389,-0.065,10.039
45,1.111,-0.136,9.998
45,1.324,-0.036,10.02
45,1.35,-0.012,9.998
45,0.991,-0.206,10.036
45,0.675,-0.543,10.034
45,1.034,-0.299,10.027
45,1.269,-0.093,10.001
45,1.329,-0.086,9.991
45,1.31,-0.079,9.993
45,1.29,-0.096,10.008
45,1.29,-0.11,9.998
45,1.295,-0.089,9.996
45,1.295,-0.065,10.02
45,1.293,-0.072,9.967
45,1.307,-0.086,10.02
45,1.547,-1.573,10.015
45,1.386,-0.824,9.967
45,1.398,-0.752,9.979
45,1.231,-0.668,10.005
45,1.487,-1.003,9.96
45,1.267,-0.764,10.008
45,1.176,-0.785,9.993
45,1.401,-0.709,9.993
45,1.118,-0.721,10.025
45,1.223,-0.91,9.993
45,1.154,-0.565,9.979
45,1.226,-0.788,10.013
45,1.288,-0.833,10.008
45,1.487,-0.68,9.977
45,1.267,-0.682,9.984
45,1.192,-1.171,10.013
45,1.638,-0.778,9.957
45,1.12,-0.536,10.005
45,1.566,-0.551,10.001
45,1.413,-0.304,10.001
45,1.295,-0.271,10.036
45,1.118,-0.05,10.008
45,1.137,-0.089,10.07
45,1.506,-0.141,9.914
45,1.226,0.247,9.993
45,1.302,0.038,10.001
45,1.24,-0.014,10.048
45,1.267,0.069,10.015
45,1.389,0.122,9.984
45,1.271,-0.077,10.027
45,1.274,0.079,9.984
45,1.36,-0.132,9.938
45,1.164,0.34,10.013
45,1.257,0.345,9.998
45,1.183,0.093,9.979
45,1.319,0.201,10.008
45,1.128,0.373,10.027
45,1.106,0.081,10.025
45,1.147,0.318,9.989
45,1.199,0.584,9.989
45,1.475,0.582,9.979
45,1.386,0.251,9.981
45,1.274,0.038,9.993
45,1.432,0.005,9.977
45,1.271,-0.036,9.986
45,1.3,-0.031,9.991
45,1.489,0.041,9.984
45,1.36,0.204,9.953
45,1.492,0.304,9.972
45,1.319,-0.019,9.979
45,1.219,0.247,10.008
45,1.269,0.036,9.967
45,1.422,0.168,9.993
45,1.104,0.184,9.986
45,1.149,0.352,9.96
45,1.132,0.33,9.977
45,1.307,0.5,9.989
45,1.231,0.362,9.998
45,1.302,0.194,10.001
45,1.307,0.488,9.989
45,1.19,0.414,9.977
45,1.305,0.227,9.986
45,1.401,0.194,9.989
45,1.255,0.692,10.017
45,1.25,1.032,9.957
45,1.211,0.747,9.989
45,1.255,0.225,9.974
45,1.233,-0.019,9.993
45,1.264,-0.113,9.998
45,1.259,-0.122,9.998
45,1.269,-0.067,10.008
45,1.252,-0.074,9.984
45,1.247,-0.093,10.01
45,1.288,-0.074,9.984
45,1.274,-0.084,10.001
45,1.247,-0.079,9.986
45,1.231,-0.079,10.015
45,1.25,-0.079,10.032
45,1.295,-0.081,9.977
45,1.056,-0.328,9.957
45,0.881,0.043,9.981
45,0.39,0.373,10.094
45,0.438,0.347,10.017
45,0.888,0.105,9.991
45,1.305,-0.101,10.005
45,0.515,0.302,10.07
45,0.5,0.381,10.056
45,0.12,0.634,10.07
45,0.644,0.388,10.051
45,0.864,0.259,10.025
45,0.96,0.103,10.005
45,1.044,0.187,10.01
45,0.95,0.079,10.017
45,0.848,0.309,10.036
45,0.821,0.249,10.01
45,1.013,0.108,9.989
45,1.08,0.213,10.025
45,0.943,0.33,10.025
45,0.826,0.304,10.046
45,1.065,0.177,10.02
45,1.381,-0.098,9.972
45,1.535,-0.247,9.955
45,1.156,-0.168,9.993
45,1.233,-0.239,10.01
45,1.214,-0.136,10.008
45,1.118,0.048,9.977
45,0.946,0.12,10.022
45,1.516,-0.055,9.972
45,1.549,0.034,9.996
45,1.262,-0.057,9.991
45,1.377,-0.148,9.977
45,1.525,-0.328,9.969
45,1.441,-0.299,9.977
45,1.482,-0.235,9.972
45,1.501,-0.33,9.989
45,1.978,-0.34,9.974
45,1.322,0.005,10.039
45,1.741,-0.213,9.979
45,1.444,-0.122,9.996
45,1.528,0.029,9.981
45,1.386,-0.086,9.979
45,1.279,-0.019,9.977
45,1.822,-0.395,9.943
45,1.554,-0.189,9.993
45,1.539,-0.11,9.984
45,1.324,-0.048,9.996
45,1.487,-0.144,9.986
45,1.712,-0.283,9.969
45,1.432,-0.144,9.984
45,1.35,-0.146,9.984
45,1.671,-0.362,9.957
45,1.494,-0.328,9.95
45,1.267,-0.146,9.991
45,1.544,-0.35,9.962
45,1.676,-0.453,9.986
45,1.635,-0.345,9.965
45,1.815,-0.467,9.941
45,1.616,-0.419,9.986
45,1.884,-0.702,9.926
45,1.935,-0.706,9.922
45,1.678,-0.445,9.957
45,1.477,-0.235,9.946
45,1.369,-0.139,9.998
45,1.312,-0.132,9.981
45,1.29,-0.101,9.981
45,1.267,-0.074,9.998
45,1.243,-0.093,10.015
45,1.245,-0.069,10.01
45,1.245,-0.065,9.974
45,1.24,-0.065,10.008
45,1.262,-0.062,10.017
45,1.235,-0.077,10.003
45,1.252,-0.089,10.015
45,1.243,-0.081,9.972
45,1.252,-0.077,9.989
45,1.255,-0.069,9.993
45,1.25,-0.06,9.953
45,1.216,-0.065,9.989
46,1.199,-0.06,10.075
46,1.283,-0.084,9.989
46,1.274,-0.081,9.972
46,1.274,-0.055,9.984
46,1.271,-0.057,10.003
46,1.25,-0.079,10.003
46,1.255,-0.077,10.015
46,1.267,-0.089,10.001
46,1.264,-0.057,9.998
46,1.238,-0.084,10.025
46,1.238,-0.069,10.005
46,1.281,-0.055,9.998
46,1.252,-0.069,10.02
46,1.276,-0.096,9.991
46,1.259,-0.072,10.001
46,1.267,-0.089,9.981
46,1.243,-0.067,9.986
46,1.247,-0.057,9.996
46,1.259,-0.065,9.981
46,1.271,-0.06,9.972
46,1.281,-0.065,10.017
46,1.283,-0.074,9.957
46,1.3,-0.053,9.986
46,1.252,-0.065,10.005
46,1.305,0.366,9.89
46,1.343,0.201,9.96
46,1.705,0.184,9.948
46,2.002,0.589,9.931
46,1.702,0.402,9.957
46,1.726,0.395,9.929
46,1.719,0.254,9.941
46,1.712,0.412,9.972
46,1.63,0.156,9.969
46,1.607,0.297,9.922
46,1.547,0.103,10.005
46,1.75,0.259,9.984
46,1.765,0.383,9.96
46,1.662,0.249,9.977
46,1.664,0.177,9.977
46,1.753,0.297,9.924
46,1.367,-0.11,9.993
46,1.472,-0.057,9.931
46,1.561,-0.045,10.015
46,1.674,-0.199,9.922
46,1.623,-0.11,9.931
46,1.556,0.098,9.946
46,1.504,0.007,9.989
46,1.307,-0.034,10.013
46,1.355,-0.057,9.996
46,1.238,-0.359,10.027
46,1.223,-0.424,9.953
46,1.221,-0.292,9.967
46,1.094,-0.318,10.008
46,1.173,-0.215,10.029
46,1.214,-0.01,9.957
46,1.24,-0.23,10.017
46,1.02,-0.335,10.056
46,1.228,-0.218,10.003
46,1.401,-0.084,9.962
46,1.209,-0.232,10.044
46,1.274,-0.338,9.955
46,1.439,-0.249,9.984
46,1.654,-0.278,9.972
46,1.214,-0.297,9.969
46,1.322,-0.266,9.969
46,1.377,-0.084,10.02
46,1.123,-0.062,9.998
46,1.044,-0.045,9.953
46,1.295,0.031,10.01
46,1.161,-0.141,9.955
46,1.367,-0.024,10.005
46,1.314,0.043,9.972
46,1.128,-0.084,9.986
46,1.336,-0.218,9.979
46,1.235,-0.251,10.008
46,1.053,-0.17,9.989
46,0.989,-0.424,9.998
46,1.044,-0.187,10.046
46,0.977,-0.357,10.02
46,0.953,-0.424,10.025
46,0.867,-0.412,10.036
46,0.575,-0.338,10.07
46,0.888,-0.326,10.01
46,0.9,-0.136,10.053
46,0.613,-0.345,10.044
46,0.658,-0.419,10.027
46,0.929,-0.378,10.013
46,0.807,-0.414,10.08
46,0.484,-0.565,10.036
46,1.135,-0.283,10.017
46,1.279,-0.12,9.955
46,1.159,-0.153,10.013
46,1.276,-0.113,10.005
46,0.749,-0.273,10.032
46,0.958,-0.256,10.013
46,1.271,-0.096,10.013
46,1.247,-0.062,10.001
46,1.267,-0.081,9.986
46,1.283,-0.081,9.996
46,1.286,-0.069,9.989
46,1.312,-0.093,10.01
46,1.276,-0.077,9.981
46,1.302,-0.019,10.013
46,1.29,-0.057,9.981
46,1.458,-0.941,10.041
46,1.733,-1.204,9.821
46,1.377,-0.974,10.036
46,1.235,-0.678,10.001
46,1.283,-0.955,10.036
46,1.381,-1.001,9.953
46,1.269,-0.917,10.013
46,1.326,-0.85,9.967
46,1.384,-0.745,9.991
46,1.377,-0.812,10.008
46,1.482,-0.819,9.974
46,1.255,-0.627,10.001
46,1.247,-0.5,9.981
46,1.362,-0.579,10.003
46,1.367,-0.407,9.965
46,1.501,-0.402,9.955
46,1.35,-0.414,10.015
46,1.063,-0.381,10.027
46,1.372,-0.227,9.953
46,1.29,-0.199,9.989
46,1.353,-0.409,10.013
46,1.279,-0.129,10.025
46,1.216,-0.062,9.993
46,1.128,0.496,10.008
46,0.986,0.192,10.029
46,1.12,0.347,9.986
46,1.097,0.409,10.02
46,1.314,-0.017,10.02
46,1.458,-0.01,9.969
46,1.195,0.235,9.998
46,1.046,0.223,10.008
46,1.262,-0.194,9.965
46,1.233,-0.373,9.957
46,1.257,0.05,10.025
46,1.19,-0.022,10.025
46,1.082,-0.002,9.974
46,1.259,-0.002,10.001
46,1.298,-0.014,10.001
46,1.037,0.33,10.036
46,1.226,0.091,10.027
46,1.451,-0.072,9.993
46,1.314,0.034,9.998
46,1.346,0.031,9.972
46,1.338,-0.014,9.965
46,1.271,0.036,9.996
46,1.322,0.062,9.974
46,1.214,0.187,10.02
46,1.319,0.036,9.996
46,1.329,0.211,9.986
46,1.288,0.093,9.984
46,1.25,0.144,10.003
46,1.334,0.326,9.979
46,1.276,0.481,9.977
46,1.24,0.548,9.957
46,1.259,0.378,9.977
46,1.257,0.527,10.003
46,1.31,0.453,9.989
46,1.362,0.409,10.001
46,1.348,0.139,9.974
46,1.31,0.113,10.008
46,1.286,0.074,10.001
46,1.305,0.05,9.996
46,1.267,0.469,10.001
46,1.197,0.661,10.029
46,1.31,0.68,9.981
46,1.31,0.687,9.981
46,1.29,0.369,9.981
46,1.274,0.065,10.01
46,1.252,-0.079,10.02
46,1.257,-0.089,9.998
46,1.271,-0.06,10.005
46,1.262,-0.067,10.005
46,1.245,-0.067,10.02
46,1.259,-0.057,10.015
46,1.247,-0.065,10.044
46,1.271,-0.062,10.005
46,1.302,-0.062,9.955
46,1.274,-0.086,9.977
46,1.264,-0.103,10.003
46,1.286,-0.067,9.986
46,-0.433,0.572,9.969
46,0.316,0.781,10.072
46,1.386,-0.057,9.974
46,0.725,0.239,10.036
46,0.85,0.4,9.969
46,1.044,0.239,10.044
46,0.843,0.314,10.036
46,0.848,0.342,10.025
46,0.723,0.357,10.029
46,0.96,0.23,10.048
46,0.536,0.46,10.015
46,0.869,0.237,10.013
46,1.281,-0.163,9.969
46,0.752,0.132,10.017
46,1.109,0.136,10.027
46,0.86,0.215,10.034
46,1.166,0.084,9.977
46,1.156,-0.062,10.005
46,0.97,-0.05,10.044
46,1.168,-0.261,10.029
46,0.85,-0.213,10.005
46,1.444,-0.438,10.013
46,1.051,-0.132,10.022
46,0.8,0.199,9.986
46,1.207,0.141,9.993
46,1.24,0.089,10.013
46,1.214,0.072,10.032
46,1.298,-0.043,10.008
46,1.094,-0.01,9.991
46,1.652,-0.146,10.034
46,1.209,-0.208,9.991
46,1.08,-0.022,10.005
46,1.216,-0.043,10.008
46,1.702,-0.383,9.967
46,1.389,-0.383,9.974
46,1.99,-0.591,9.938
46,1.42,-0.464,9.986
46,1.149,-0.05,9.953
46,1.465,-0.22,9.984
46,1.681,-0.268,9.974
46,1.472,-0.007,9.984
46,1.302,0.06,9.974
46,1.25,0,10.017
46,1.717,-0.249,9.974
46,1.654,-0.227,9.957
46,1.666,-0.239,9.938
46,1.623,-0.318,9.957
46,1.314,-0.079,10.02
46,1.324,-0.235,9.953
46,1.563,-0.273,9.993
46,1.729,-0.438,9.946
46,1.176,-0.242,10.044
46,1.417,-0.17,9.974
46,1.781,-0.268,9.953
46,1.358,-0.11,9.991
46,1.597,-0.22,9.929
46,1.556,-0.148,9.991
46,2.167,-0.646,9.938
46,1.875,-0.397,9.967
46,2.121,-0.488,9.938
46,2.234,-0.565,9.931
46,1.851,-0.373,9.95
46,1.456,-0.115,10.003
46,1.286,-0.096,9.977
46,1.25,-0.057,9.95
46,1.259,-0.067,10.02
46,1.274,-0.065,9.957
46,1.259,-0.079,9.996
46,1.267,-0.062,10.003
46,1.267,-0.06,10.008
46,1.25,-0.057,10.01
46,1.247,-0.091,9.996
47,1.25,-0.072,10.036
47,1.25,-0.072,10.015
47,1.255,-0.077,9.989
47,1.271,-0.081,9.948
47,1.276,-0.041,9.974
47,1.274,-0.053,10.01
47,1.271,-0.074,10.001
47,1.274,-0.081,10.032
47,1.283,-0.065,9.96
47,1.271,-0.079,9.996
47,1.264,-0.077,10.01
47,1.269,-0.053,9.989
47,1.269,-0.084,10.015
47,1.279,-0.077,10.008
47,1.293,-0.043,9.974
47,1.243,-0.079,9.979
47,1.29,-0.062,9.972
47,1.307,-0.077,10.005
47,1.288,-0.096,10.017
47,1.274,-0.108,9.967
47,1.281,-0.067,10.034
47,1.281,-0.062,10.003
47,1.307,-0.077,9.981
47,1.314,-0.081,9.986
47,1.314,-0.079,10.005
47,1.29,-0.057,9.972
47,-2.54,0.328,10.956
47,1.245,0.373,10.013
47,0.409,0.488,10.041
47,0.785,0.194,10.068
47,-0.065,0.481,10.089
47,0.304,0.445,10.044
47,0.512,0.342,10.044
47,1.12,0.163,10.058
47,0.582,0.158,10.087
47,0.632,0.4,9.979
47,0.845,0.283,9.998
47,0.764,0.311,10.008
47,0.893,0.251,10.058
47,1.405,0.136,9.977
47,1.432,0.045,9.957
47,1.492,-0.196,9.974
47,0.991,-0.01,10.058
47,1.171,-0.026,9.938
47,1.386,-0.055,10.013
47,0.622,-0.026,10.06
47,0.505,0.017,10.051
47,2.167,-0.354,9.912
47,1.07,-0.194,10.027
47,1.219,-0.158,9.974
47,1.125,-0.196,10.053
47,1.99,-0.342,9.96
47,1.554,-0.285,9.934
47,0.153,0.103,10.111
47,2.289,-0.314,9.888
47,2.057,-0.685,9.912
47,1.369,-0.414,10.02
47,2.203,-0.467,9.895
47,1.508,-0.469,9.91
47,1.664,-0.438,9.974
47,1.738,-0.268,9.957
47,2.184,-0.433,9.878
47,1.101,-0.103,9.996
47,1.733,-0.019,9.996
47,1.207,-0.017,10.039
47,1.702,-0.105,9.943
47,1.444,-0.024,9.977
47,1.532,0.072,10.008
47,1.235,-0.081,9.998
47,1.578,-0.172,9.946
47,1.717,-0.263,9.993
47,2.31,-0.517,9.902
47,2.085,-0.532,9.917
47,2.081,-0.438,9.926
47,3.007,-1.075,9.905
47,1.796,-0.35,9.953
47,1.578,-0.156,9.974
47,1.358,-0.091,9.972
47,1.288,-0.077,9.981
47,1.279,-0.086,10.001
47,1.274,-0.05,10.013
47,1.3,-0.093,9.969
47,1.279,-0.081,9.998
47,1.283,-0.084,10.013
47,1.259,-0.091,9.974
47,1.269,-0.053,9.991
47,1.903,0.79,10.259
47,1.827,0.929,9.91
47,1.618,0.402,9.929
47,1.413,0.136,9.989
47,1.626,0.481,9.96
47,1.75,0.57,9.977
47,1.982,0.316,9.914
47,1.839,0.232,9.934
47,1.776,0.192,9.972
47,1.745,0.172,10.008
47,1.805,0.022,9.977
47,1.705,0.019,9.957
47,1.808,-0.05,9.977
47,1.63,0.134,9.95
47,1.87,0.163,9.924
47,1.484,0.024,9.967
47,1.92,-0.041,9.955
47,1.628,0.271,9.96
47,1.463,0.364,9.974
47,1.183,-0.048,10.003
47,1.429,-0.117,9.967
47,1.69,0.067,9.953
47,1.489,-0.175,9.972
47,1.288,-0.139,9.95
47,1.425,0.077,10.022
47,1.305,-0.215,9.953
47,1.3,-0.254,9.993
47,1.264,-0.127,9.991
47,1.243,-0.189,9.996
47,1.331,-0.294,10.015
47,1.31,-0.309,10.032
47,1.116,-0.35,10.01
47,1.41,-0.366,9.981
47,1.109,-0.16,10.017
47,1.106,-0.199,10.039
47,1.063,0.017,9.965
47,1.516,-0.086,10.036
47,0.982,-0.189,9.986
47,0.888,-0.345,9.993
47,1.12,-0.225,10.001
47,1.185,-0.158,9.989
47,1.494,-0.113,9.962
47,1.154,-0.194,10.036
47,1.609,-0.189,9.962
47,1.264,-0.206,10.027
47,0.984,-0.35,10.013
47,0.991,-0.393,10.027
47,1.245,-0.321,10.01
47,0.668,-0.381,10.039
47,1.161,-0.127,10.017
47,0.989,-0.192,10.039
47,0.486,-0.18,10.034
47,0.704,-0.206,10.034
47,1.295,-0.275,10.027
47,0.606,-0.208,10.003
47,0.795,-0.283,10.029
47,1.025,-0.378,10.036
47,0.141,-0.503,10.068
47,0.467,-0.534,10.036
47,0.857,-0.304,10.048
47,0.826,-0.158,10.034
47,0.97,-0.17,9.957
47,0.824,-0.156,10.01
47,0.587,-0.373,10.015
47,1.159,-0.18,10.008
47,1.243,-0.069,9.965
47,1.279,-0.041,10.001
47,1.288,-0.098,9.998
47,1.281,-0.065,9.986
47,1.264,-0.06,9.974
47,1.314,-0.101,10.022
47,1.283,-0.045,9.979
47,2.535,-4.769,10.297
47,1.425,-1.326,9.955
47,1.322,-0.929,10.022
47,1.274,-0.962,9.974
47,1.47,-1.595,10.01
47,1.46,-1.386,9.972
47,1.094,-1.056,10.041
47,1.235,-0.812,9.986
47,1.362,-0.783,10.003
47,1.539,-1.099,9.979
47,1.374,-0.905,9.974
47,1.69,-0.572,9.95
47,1.504,-0.22,9.974
47,1.779,-0.29,9.96
47,1.738,-0.223,9.969
47,1.252,0.136,10.017
47,0.757,0.139,10.039
47,0.721,-0.067,10.039
47,1.106,-0.311,9.993
47,1.097,-0.247,10.027
47,1.271,0.096,9.979
47,1.214,-0.345,10.013
47,1.195,0.141,9.984
47,1.422,0.151,9.989
47,1.446,0.01,9.95
47,1.353,0.187,9.993
47,1.041,0.297,9.989
47,1.08,0.158,9.993
47,1.152,0.168,9.991
47,1.041,0.182,10.001
47,1.001,0.132,9.972
47,1.271,0.153,10.027
47,1.281,0.136,9.989
47,1.195,0.077,10.003
47,1.458,-0.038,10.01
47,1.338,0.249,9.977
47,1.125,0.062,9.996
47,1.101,0.074,10.022
47,1.3,0.156,9.943
47,1.147,0.11,10.003
47,1.128,-0.263,10.027
47,1.156,-0.057,9.979
47,1.353,0.091,9.979
47,1.417,-0.196,10.022
47,1.243,0.177,10.015
47,1.087,0.46,9.981
47,1.319,0.314,10.003
47,1.484,0.692,10.001
47,1.257,0.936,9.943
47,1.381,0.919,10.005
47,1.398,0.56,9.972
47,1.257,0.769,9.969
47,1.274,0.711,10.01
47,1.484,0.713,9.991
47,1.401,0.764,9.984
47,1.379,0.766,9.967
47,1.355,0.472,10.02
47,1.3,0.081,10.003
47,1.257,-0.072,10.003
47,1.271,-0.096,10.005
47,1.322,-0.093,9.967
47,1.317,-0.084,9.984
47,1.264,-0.081,10.034
47,1.255,-0.053,10.001
47,1.283,-0.093,9.986
47,1.295,-0.108,9.991
47,1.302,-0.108,9.981
58,1.264,-0.074,10.008
58,1.283,-0.065,10.053
58,1.341,-0.086,9.996
58,1.264,-0.105,9.972
58,1.25,-0.077,10.01
58,1.252,-0.084,10.001
58,1.295,-0.148,9.941
58,1.331,-0.105,9.996
58,1.283,-0.089,10.013
58,1.202,-0.072,10.022
58,1.25,-0.089,9.967
58,1.305,-0.117,9.941
58,1.331,-0.115,9.967
58,1.274,-0.11,10.017
58,1.243,-0.113,9.965
58,1.264,-0.038,10.063
58,1.307,-0.115,9.984
58,1.286,-0.127,10.017
58,1.288,-0.053,10.008
58,1.288,-0.096,9.979
58,1.228,-0.091,10.015
58,1.286,-0.062,10.034
58,1.288,-0.098,9.941
58,0.333,0.577,9.967
58,0.328,0.227,10.075
58,0.397,0.407,10.013
58,0.718,0.366,10.053
58,0.22,0.311,10.089
58,0.577,0.505,10.046
58,0.67,0.498,10.051
58,1.561,-0.28,10.02
58,0.577,0.065,10.084
58,0.294,0.287,10.075
58,0.761,0.158,10.046
58,0.804,0.213,10.01
58,0.984,-0.005,9.974
58,1.633,-0.117,9.957
58,0.5,0.041,10.051
58,1.106,-0.089,10.013
58,0.95,0.148,10.01
58,1.36,0.062,9.998
58,1.099,0.132,10.015
58,0.472,0.11,10.072
58,1.829,-0.031,9.914
58,1.812,-0.311,9.912
58,0.941,0.113,10.084
58,1.221,-0.16,10.003
58,1.786,-0.103,9.955
58,1.228,0.129,10.01
58,1.07,0.019,9.953
58,1.561,-0.16,9.974
58,1.314,-0.05,10.036
58,1.168,-0.041,9.962
58,1.384,-0.029,9.984
58,1.448,-0.024,10.036
58,0.749,0.091,10.053
58,1.877,-0.16,9.898
58,1.736,-0.074,9.955
58,1.647,-0.235,9.979
58,1.597,-0.215,9.998
58,1.604,-0.127,9.965
58,1.726,-0.371,9.946
58,1.154,-0.132,10.005
58,1.494,-0.115,9.967
58,1.044,0.019,10.029
58,1.209,0.05,10.013
58,1.427,-0.232,9.957
58,1.915,-0.496,9.91
58,1.496,-0.385,9.95
58,1.729,-0.302,9.955
58,1.508,-0.16,9.998
58,2.047,-0.491,9.95
58,2.373,-0.613,9.924
58,1.463,-0.256,9.991
58,1.848,-0.431,9.929
58,1.602,-0.383,9.934
58,3.515,-1.52,9.821
58,1.99,-0.639,9.953
58,1.52,-0.168,9.993
58,1.556,-0.086,9.974
58,1.525,-0.122,9.979
58,1.539,-0.127,9.946
58,1.374,-0.105,9.996
58,1.338,-0.129,10.005
58,1.322,-0.081,9.981
58,1.252,-0.034,10.029
58,1.3,-0.084,9.974
58,1.329,0.002,10.001
58,1.35,-0.139,10.003
58,1.336,-0.084,9.979
58,1.707,0.321,10.005
58,1.678,0.314,9.991
58,1.542,0.168,10.027
58,1.597,0.045,9.993
58,2.105,0.333,9.946
58,1.721,0.041,9.955
58,1.937,0.338,9.969
58,2.006,0.283,9.962
58,1.75,0.297,9.989
58,1.846,0.098,9.953
58,1.879,-0.041,9.955
58,1.858,0.273,9.91
58,1.458,0.302,9.955
58,1.738,0.29,9.943
58,1.666,0.22,9.981
58,1.635,0.019,9.979
58,1.516,0.012,9.972
58,1.932,0.024,9.924
58,1.29,0.213,9.974
58,1.719,0.026,9.979
58,1.501,-0.022,9.979
58,1.923,0.029,9.962
58,1.532,0.077,10.003
58,1.425,0.098,9.962
58,1.559,0.275,9.986
58,1.535,0.103,10.001
58,1.305,-0.105,9.981
58,1.367,-0.086,10.005
58,1.463,-0.141,9.962
58,1.398,-0.01,10.039
58,1.302,-0.208,9.993
58,1.219,-0.081,9.967
58,1.123,-0.069,10.015
58,1.12,-0.376,9.991
58,1.336,-0.23,9.974
58,0.994,-0.117,10.027
58,1.159,-0.294,10.046
58,0.907,-0.405,10.013
58,0.869,-0.362,10.034
58,1.049,-0.256,10.017
58,1.228,-0.175,9.981
58,0.776,-0.278,10.051
58,1.109,-0.34,10.005
58,1.381,-0.151,10.022
58,0.783,-0.287,10.036
58,0.953,-0.208,10.01
58,1.142,-0.077,10.022
58,1.137,-0.12,10.032
58,0.876,-0.304,10.008
58,1.073,-0.201,9.969
58,0.977,-0.148,9.989
58,0.857,-0.354,10.063
58,1.089,-0.395,10.058
58,1.097,-0.187,10.017
58,1.216,-0.297,10.022
58,1.18,-0.204,10.01
58,1.027,-0.271,9.965
58,0.802,-0.218,10.048
58,0.723,-0.369,10.051
58,1.166,-0.33,10.017
58,0.754,-0.273,10.015
58,1.482,-0.034,9.996
58,1.312,0.034,9.924
58,0.783,-0.261,10.025
58,0.905,-0.498,10.032
58,0.622,-0.462,10.084
58,0.673,-0.421,10.065
58,1.398,-0.16,9.969
58,0.883,-0.275,10.027
58,0.936,-0.23,10.032
58,2.198,0.196,9.917
58,0.929,-0.084,10.046
58,0.527,-0.433,10.053
58,1.211,-0.182,10.013
58,1.305,-0.043,9.981
58,1.355,-0.031,9.969
58,1.317,-0.129,9.981
58,1.269,-0.06,10.034
58,1.276,-0.055,10.02
58,1.358,-0.11,10.005
58,1.302,-0.081,9.936
58,1.305,-0.108,10.06
58,1.279,-0.639,9.955
58,1.386,-0.73,9.981
58,1.348,-0.658,10.013
58,1.374,-1.049,10.008
58,0.994,-1.192,10.032
58,1.125,-1.152,9.991
58,1.41,-1.269,10.001
58,1.437,-1.312,10.01
58,1.434,-1.276,9.943
58,1.302,-0.764,10.082
58,1.247,-0.816,9.996
58,1.307,-1.034,9.953
58,1.367,-0.63,10.013
58,1.331,-0.505,10.015
58,1.252,-0.517,9.95
58,1.135,-0.038,10.013
58,1.887,0.045,9.984
58,1.228,0.026,9.984
58,1.034,0.007,10.008
58,1.25,0.273,9.996
58,1.226,0.347,10.001
58,1.389,-0.347,9.957
58,0.917,0.213,10.015
58,1.654,-0.146,9.95
58,1.542,0.306,9.974
58,1.226,-0.192,9.981
58,1.451,0.045,10.001
58,1.259,0.115,9.972
58,1.003,-0.098,10.003
58,1.065,-0.165,10.015
58,1.01,-0.187,9.998
58,0.986,-0.273,9.996
58,1.192,-0.328,9.955
58,1.154,0.168,10.01
58,1.238,0.074,9.981
58,1.358,-0.129,9.991
58,1.123,0.508,9.998
58,1.262,0.496,9.96
58,1.262,0.515,9.981
58,1.566,0.014,10.003
58,1.369,0.235,10.01
58,1.032,0.548,10.013
58,1.293,-0.18,9.953
58,1.329,0.232,9.984
58,1.245,0.218,9.986
58,1.219,-0.127,9.974
58,1.41,0.06,9.974
58,1.329,0.254,9.979
58,1.199,0.273,10.005
58,1.226,0.16,10.032
58,1.587,0.261,9.974
58,1.334,0.192,9.948
58,1.432,0.115,9.969
58,1.571,0.017,9.967
58,1.343,-0.163,9.977
58,1.226,0.541,9.998
58,1.274,0.455,9.981
58,1.255,0.457,9.962
58,1.36,0.943,9.957
58,1.211,0.867,10.01
58,1.295,1.245,9.962
58,1.417,0.962,9.965
58,1.336,0.366,9.989
58,1.288,-0.038,10.036
58,1.245,-0.096,10.013
58,1.269,-0.072,9.962
58,1.307,-0.065,9.95
58,1.3,-0.074,9.981
58,1.238,-0.072,9.989
58,1.25,-0.041,9.996
58,1.267,-0.084,10.036
58,1.259,-0.089,9.989
58,1.271,-0.072,10.015
58,1.271,-0.048,10.005
58,1.255,-0.065,9.986
58,1.262,-0.079,9.967
58,1.29,-0.072,10.01
58,1.281,-0.067,9.991
58,1.24,-0.079,10.041
58,1.264,-0.053,10.008
67,1.274,-0.029,10.017
67,1.247,-0.105,10.032
67,1.288,-0.11,9.962
67,1.317,-0.06,9.974
67,1.267,-0.081,10.003
67,1.25,-0.079,9.998
67,1.295,-0.053,9.986
67,1.3,-0.093,9.989
67,1.288,-0.103,9.977
67,1.298,-0.05,9.989
67,1.267,-0.084,9.979
67,1.293,-0.084,10.022
67,1.29,-0.067,9.991
67,1.269,-0.117,9.969
67,1.276,-0.077,9.979
67,1.281,-0.06,10.022
67,1.271,-0.132,9.998
67,1.298,-0.089,10.029
67,1.305,-0.081,10.025
67,1.276,-0.101,10.048
67,1.283,-0.093,9.993
67,1.293,-0.053,9.986
67,1.255,-0.101,9.989
67,1.283,-0.086,9.972
67,1.31,-0.074,10.027
67,1.274,-0.101,10.005
67,1.252,-0.079,10.01
67,1.286,-0.034,9.998
67,1.271,-0.12,10.025
67,1.317,-0.115,10.008
67,-1.192,0.589,10.216
67,-0.644,0.62,10.24
67,1.276,-0.05,9.967
67,1.034,0.438,10.111
67,0.28,0.441,10.036
67,0.809,0.271,9.998
67,0.895,0.182,10.039
67,0.831,0.347,10.053
67,0.532,0.448,10.089
67,0.869,0.235,10.058
67,0.496,0.306,10.092
67,1.295,0.18,10.025
67,0.836,0.158,10.032
67,1.003,0.045,10.058
67,0.704,0.18,10.044
67,0.694,0.196,10.015
67,1.484,-0.182,10.015
67,1.207,-0.038,10.06
67,1.343,-0.024,10.032
67,0.984,-0.074,10.039
67,2.021,-0.266,9.95
67,1.733,0.043,9.953
67,1.243,-0.012,10.032
67,0.642,0.134,10.017
67,1.118,0.077,9.996
67,1.875,-0.299,9.984
67,1.626,-0.476,9.946
67,0.929,-0.239,10.068
67,1.97,-0.347,9.919
67,1.302,0.002,9.977
67,1.769,-0.484,9.957
67,1.784,-0.39,9.981
67,1.678,-0.237,9.95
67,0.994,-0.043,10.013
67,1.738,-0.448,9.96
67,2.289,-0.517,9.943
67,1.437,-0.493,9.967
67,1.58,-0.263,9.993
67,1.367,-0.309,9.984
67,1.614,-0.268,9.926
67,2.193,-0.761,9.883
67,1.58,-0.474,9.977
67,1.867,-0.354,9.905
67,1.52,-0.366,10.027
67,1.913,-0.488,9.977
67,1.944,-0.354,9.919
67,1.686,-0.486,9.974
67,1.903,-0.371,9.955
67,1.465,-0.153,9.981
67,1.578,-0.211,9.914
67,1.647,-0.127,9.977
67,1.231,-0.026,10.022
67,2.155,-0.508,9.941
67,1.307,-0.18,10.022
67,1.477,-0.235,10.015
67,1.647,-0.251,9.938
67,1.214,-0.036,9.998
67,1.437,-0.156,10.015
67,1.616,-0.235,9.969
67,1.274,-0.065,10.003
67,1.568,-0.194,9.972
67,1.35,-0.098,9.986
67,1.417,-0.156,9.991
67,1.338,-0.096,9.981
67,1.305,-0.077,9.993
67,1.295,-0.077,9.986
67,1.302,-0.081,9.969
67,1.295,-0.093,9.989
67,1.942,0.469,9.948
67,1.911,0.886,9.914
67,2.107,0.824,9.922
67,1.796,0.472,9.926
67,2.15,0.5,9.953
67,2.095,0.359,9.972
67,1.808,0.294,9.967
67,1.595,0.139,9.974
67,1.645,0.333,9.974
67,1.42,0.266,9.979
67,1.714,0,9.957
67,1.539,0.062,9.967
67,1.549,-0.036,9.972
67,1.528,-0.172,9.957
67,1.635,-0.124,9.974
67,1.389,-0.182,9.972
67,1.41,-0.01,9.989
67,1.468,-0.06,9.979
67,1.549,-0.184,9.977
67,1.523,-0.259,9.979
67,1.566,-0.074,9.996
67,1.384,0.022,9.962
67,1.216,-0.108,9.993
67,1.405,-0.271,10.022
67,1.022,-0.213,9.998
67,1.35,-0.127,10.017
67,1.25,-0.129,10.017
67,1.288,-0.141,9.996
67,1.032,-0.117,10.032
67,1.391,-0.192,9.957
67,1.48,-0.129,10.01
67,1.537,-0.139,9.953
67,1.446,0.132,10.001
67,1.542,-0.038,9.965
67,1.427,-0.23,9.957
67,1.08,-0.057,10.065
67,1.235,-0.273,10.02
67,1.073,-0.316,10.001
67,1.188,-0.239,10.025
67,1.25,-0.163,10.027
67,0.812,-0.06,10.015
67,1.46,-0.158,9.972
67,1.092,-0.122,10.044
67,1.219,-0.136,10.003
67,1.36,-0.266,10.001
67,1.053,-0.194,10.039
67,1.137,-0.302,10.008
67,1.056,-0.354,10.01
67,0.891,-0.242,10.027
67,1.01,-0.237,9.998
67,0.852,-0.283,10.036
67,0.828,-0.211,10.068
67,0.991,-0.285,10.048
67,0.702,-0.278,10.02
67,0.888,-0.354,10.022
67,1.07,-0.239,9.998
67,1.13,-0.156,10.013
67,1.085,-0.079,10.013
67,1.003,-0.108,10.029
67,1.31,-0.156,10.005
67,1.003,-0.189,10.032
67,0.979,-0.33,10.017
67,1.001,-0.139,9.977
67,0.871,-0.266,10.02
67,1.061,-0.158,9.979
67,1.008,-0.134,10.013
67,1.14,-0.165,10.034
67,1.156,-0.177,10.036
67,1.018,-0.177,9.984
67,0.998,-0.283,10.003
67,1.085,-0.223,10.01
67,0.74,-0.407,10.036
67,1.161,-0.129,10.051
67,1.269,-0.079,10.001
67,0.898,-0.215,10.003
67,1.053,-0.247,9.986
67,1.355,-0.077,10.008
67,1.326,-0.014,9.986
67,1.566,0.074,10.003
67,1.293,-0.002,9.996
67,0.974,-0.208,10.022
67,1.065,-0.273,9.996
67,1.14,-0.165,10.005
67,1.255,-0.062,10.017
67,1.279,-0.065,9.993
67,1.298,-0.093,9.986
67,1.29,-0.096,9.996
67,1.281,-0.091,10.032
67,1.281,-0.045,9.95
67,1.262,-0.048,10.02
67,1.302,-0.069,9.957
67,1.81,-4.781,9.867
67,1.456,-1.097,9.989
67,1.367,-1.01,10.022
67,0.898,-1.018,9.998
67,1.132,-1.183,10.02
67,0.883,-1.046,9.991
67,1.298,-1.209,10.01
67,1.573,-0.965,9.926
67,1.188,-0.673,10.063
67,1.616,-0.431,9.974
67,1.451,-0.256,9.953
67,1.369,-0.412,9.967
67,1.369,-0.084,9.998
67,1.453,-0.306,9.981
67,1.513,-0.101,9.984
67,1.736,-0.17,9.941
67,1.221,-0.156,10.046
67,1.097,0.019,10.01
67,1.125,-0.062,9.972
67,1.343,-0.206,9.972
67,1.113,-0.424,9.979
67,1.001,-0.555,10.005
67,1.041,-0.644,10.027
67,1.128,-0.407,10.056
67,1.338,-0.357,10.02
67,1.319,-0.184,9.965
67,1.137,-0.318,10.01
67,1.202,-0.594,10.022
67,1.18,0.057,9.969
67,1.015,0.151,9.984
67,1.302,0.196,10.051
67,1.085,0.192,10.017
67,1.324,0.17,9.986
67,1.293,0.373,9.969
67,1.341,0.678,10.008
67,1.36,0.838,9.965
67,1.432,0.661,10.013
67,1.425,0.656,9.991
67,1.293,0.651,9.996
67,1.322,-0.014,9.986
67,1.226,-0.136,10.008
67,1.154,-0.637,10.032
67,1.068,-0.409,10.01
67,1.279,-0.268,10.003
67,1.247,-0.01,10.005
67,1.439,0.156,10.003
67,1.219,0.026,9.993
67,1.63,-0.103,9.957
67,1.487,0.105,10.005
67,1.226,0.244,10.005
67,1.307,-0.086,9.989
67,1.185,0.323,10.008
67,0.941,0.393,10.005
67,1.276,0.024,9.962
67,1.197,-0.098,10.029
67,1.164,0.093,10.015
67,1.12,0.314,10.01
67,0.962,0.034,10.046
67,1.161,0.177,9.986
67,1.494,0.168,9.981
67,1.362,0.625,9.977
67,1.288,0.321,9.981
67,1.338,0.297,10.013
67,1.358,0.467,9.991
67,1.243,0.215,10.015
67,1.324,0.271,9.993
67,1.319,0.206,9.998
67,1.276,0.476,10.01
67,1.264,0.532,9.979
67,1.24,0.421,9.977
67,1.286,0.4,9.974
67,1.274,0.177,9.993
67,1.283,-0.029,10.005
67,1.231,-0.101,10.02
67,1.264,-0.084,9.998
67,1.271,-0.062,9.977
67,1.276,-0.108,10.001
67,1.247,-0.067,10.005
67,1.228,-0.06,10.008
67,1.267,-0.077,9.981
67,1.281,-0.057,9.991
67,1.267,-0.079,9.993
67,1.231,-0.081,10.015
67,1.252,-0.038,9.974
81,1.132,0.022,9.989
81,1.334,-0.096,9.946
81,1.288,-0.062,10.017
81,1.276,-0.132,9.993
81,1.295,-0.06,9.965
81,1.288,-0.055,9.993
81,1.24,-0.12,10.027
81,1.257,-0.081,9.996
81,1.302,-0.096,9.972
81,1.293,-0.038,9.989
81,1.245,-0.062,10.025
81,1.231,-0.11,10.015
81,1.302,-0.038,10.005
81,1.314,-0.05,9.96
81,1.247,-0.086,9.998
81,1.235,-0.062,9.974
81,1.271,-0.017,10.005
81,1.29,-0.172,10.032
81,1.12,0.596,10.053
81,1.295,-0.206,10.051
81,1.422,0.18,9.917
81,1.393,0.493,9.931
81,1.3,0.678,9.974
81,1.334,0.769,9.986
81,1.355,0.366,10.039
81,1.161,0.433,10.02
81,1.231,0.508,10.005
81,1.3,0.723,9.931
81,1.159,0.62,10.003
81,1.31,0.488,9.962
81,1.322,0.548,9.981
81,1.29,0.496,10.001
81,1.358,0.405,9.962
81,1.518,0.215,9.965
81,1.197,0.163,9.972
81,1.489,0.309,9.998
81,1.523,0.294,9.955
81,1.204,0.215,10.015
81,1.202,0.548,9.974
81,1.274,-0.017,10.025
81,1.542,0.057,9.962
81,1.362,0.012,9.979
81,1.561,-0.072,9.969
81,1.654,-0.029,9.998
81,1.353,0.134,9.938
81,1.611,-0.093,9.969
81,1.094,0.079,10.025
81,1.607,-0.141,9.96
81,1.666,0.043,9.979
81,1.185,0.4,10.017
81,1.298,-0.093,9.957
81,1.525,-0.764,10.041
81,1.041,-0.539,10.013
81,1.271,-0.797,10.039
81,1.413,-0.927,9.979
81,1.353,-0.723,9.946
81,1.214,-0.486,9.993
81,1.389,-0.402,10.015
81,1.142,-0.397,9.979
81,1.298,-0.508,9.965
81,1.188,-0.476,10.003
81,1.228,-0.575,9.993
81,1.408,-0.436,9.984
81,1.082,-0.548,10.027
81,1.307,-0.498,9.962
81,1.346,-0.189,9.996
81,1.42,-0.136,9.977
81,1.276,-0.108,9.989
81,1.255,-0.421,9.998
81,1.25,-0.168,10.039
81,1.24,-0.23,10.025
81,1.214,-0.263,10.058
81,1.355,-0.508,9.974
81,1.353,-0.555,10.01
81,1.362,-0.491,9.979
81,1.405,-0.464,10.003
81,1.348,-0.17,9.996
81,1.259,-0.455,9.998
81,1.293,-0.098,9.974
81,1.367,-0.014,10.008
81,1.226,-0.211,10.02
81,1.381,-0.534,9.967
81,1.396,-0.414,9.979
81,1.276,-0.754,9.993
81,1.293,-0.611,9.996
81,1.36,-0.503,9.993
81,1.317,-0.476,9.967
81,1.274,-0.184,9.991
81,1.298,-0.062,10.01
81,1.293,-0.038,10.008
81,1.279,-0.067,10.013
81,1.286,-0.065,10.025
81,1.281,-0.055,9.989
81,1.092,-0.4,9.986
81,0.637,-0.192,10.209
81,1.032,-0.639,10.001
81,0.761,-0.79,10.068
81,1.02,-0.675,10.01
81,0.733,-0.646,10.001
81,0.587,-1.087,10.072
81,0.776,-0.881,10.022
81,0.893,-0.807,9.984
81,0.697,-0.704,10.044
81,0.589,-0.919,10.027
81,0.862,-0.855,10.015
81,1.001,-0.543,9.969
81,1.02,-0.481,10.039
81,1.025,-0.433,10.005
81,1.305,-0.175,10.015
81,0.962,-0.388,10.015
81,1.578,-0.129,10.001
81,1.132,-0.017,9.938
81,1.415,0.072,9.969
81,1.437,0.072,10.005
81,1.156,-0.031,9.981
81,1.458,-0.084,9.981
81,1.477,0.151,10.027
81,1.408,0.244,10.013
81,1.31,0.081,10.02
81,1.171,-0.096,9.948
81,1.585,0.079,9.991
81,1.463,0.249,9.955
81,1.693,0.144,9.929
81,1.48,0.239,10.034
81,1.738,0.273,9.948
81,1.518,0.321,9.931
81,1.434,0.01,9.957
81,1.561,0.136,9.95
81,1.652,0.175,9.979
81,1.659,0.22,9.957
81,1.595,0.175,9.953
81,1.422,0.208,10.001
81,1.532,0.175,9.96
81,1.458,0.093,9.986
81,1.508,0.168,10.001
81,1.516,0.182,9.989
81,1.295,0.081,9.989
81,1.159,0.014,10.003
81,1.429,-0.01,9.967
81,1.168,-0.182,9.967
81,1.448,-0.117,9.974
81,1.355,0.127,10.001
81,1.283,0.163,10.015
81,1.508,0.115,9.974
81,1.453,0.127,9.965
81,1.525,0.124,9.989
81,1.432,0.124,9.955
81,1.549,0.129,9.96
81,1.362,0.055,9.993
81,1.626,0.18,9.996
81,1.176,0.141,10.039
81,1.192,-0.081,10.003
81,1.561,0.089,9.989
81,1.674,0.122,9.972
81,1.765,0.256,9.979
81,1.654,0.211,9.979
81,1.267,-0.045,9.998
81,1.501,0.081,9.979
81,1.544,0.12,9.962
81,1.446,0.022,10.02
81,1.492,0.093,10.005
81,1.298,-0.029,9.998
81,1.25,-0.077,10.001
81,1.247,-0.06,9.977
81,1.245,-0.062,10.015
81,1.243,-0.077,10.017
81,1.25,-0.084,9.981
81,1.269,-0.091,10.01
81,1.274,-0.079,9.993
81,1.226,-0.06,10.013
81,1.233,-0.069,10.001
81,1.267,-0.05,9.996
81,1.434,-0.251,10.048
81,1.176,-0.05,10.029
81,1.705,-0.443,9.948
81,1.377,-0.266,9.948
81,1.52,-0.278,9.979
81,1.528,-0.244,9.957
81,1.595,-0.239,9.962
81,1.884,-0.551,9.943
81,1.858,-0.479,9.989
81,1.537,-0.273,9.967
81,1.504,-0.153,9.969
81,1.403,-0.136,9.979
81,1.729,-0.268,9.95
81,1.525,-0.103,9.943
81,1.769,-0.223,9.969
81,1.604,-0.091,9.986
81,1.499,-0.163,9.965
81,1.504,-0.39,10.01
81,1.25,-0.33,10.013
81,1.35,-0.158,10.02
81,1.3,-0.029,10.027
81,1.288,0.019,9.974
81,1.654,-0.294,9.984
81,0.953,0.124,9.996
81,1.401,-0.177,9.977
81,0.922,0.12,9.986
81,1.487,-0.177,9.969
81,1.317,0.06,10.005
81,1.006,0,9.989
81,0.915,0.129,10.041
81,1.307,-0.093,9.965
81,1.717,-0.352,9.955
81,0.749,0.225,10.048
81,0.757,0.175,10.017
81,0.666,0.342,9.998
81,1.549,-0.352,9.95
81,1.221,-0.089,9.957
81,1.329,-0.172,9.991
81,1.283,0.036,9.977
81,1.089,0.055,9.998
81,1.058,-0.024,10.041
81,0.836,0.074,10.065
81,1.425,-0.223,9.965
81,1.142,-0.057,10.003
81,1.166,0.084,9.981
81,1.264,-0.014,10.001
81,0.788,0.247,10.051
81,0.888,0.168,10.003
81,0.845,0.146,10.053
81,1.233,0.055,10.005
81,0.711,0.077,10.075
81,0.871,0.151,9.998
81,1.384,-0.139,10.008
81,0.761,0.266,10.036
81,0.848,0.199,10.048
81,0.505,0.285,10.01
81,1.274,-0.108,10.008
81,0.931,0.163,10.017
81,0.905,0.127,10.034
81,0.915,0.113,9.996
81,1.041,-0.036,9.984
81,0.551,0.283,10.008
81,1.147,0.029,10.036
81,0.833,0.275,10.034
81,0.723,0.132,9.989
81,0.867,0.113,10.039
81,1.19,0.01,10.003
81,1.185,-0.101,10.008
81,1.293,-0.108,10.001
81,1.154,0.026,9.991
81,1.247,-0.062,9.991
81,1.25,-0.062,9.986
81,1.267,-0.077,9.998
81,1.257,-0.077,10.008
81,1.247,-0.038,10.005
81,1.269,-0.067,10.005
81,1.245,-0.096,9.991
81,1.252,-0.05,9.998
81,1.247,-0.072,10.001
81,1.25,-0.084,9.974
83,1.276,-0.036,9.984
83,1.307,-0.053,9.972
83,1.283,-0.084,9.984
83,1.262,-0.005,9.986
83,1.235,-0.091,9.96
83,1.305,0.065,9.972
83,1.276,0.704,9.979
83,1.226,0.687,9.974
83,1.223,0.146,10.015
83,1.267,0.342,9.969
83,1.223,0.759,10.015
83,1.12,0.788,9.969
83,1.123,0.675,9.998
83,1.451,0.357,9.984
83,1.401,0.491,9.969
83,1.207,0.462,10.001
83,1.269,0.285,9.998
83,1.226,0.218,9.972
83,1.156,0.077,10.001
83,1.338,0.292,9.993
83,1.24,0.069,9.998
83,1.24,0.034,9.972
83,1.331,0.057,9.991
83,1.456,-0.115,9.981
83,1.319,0.175,9.965
83,1.116,0.235,9.991
83,1.276,0.206,9.998
83,1.338,0.357,9.998
83,1.413,0.172,9.984
83,1.255,0.287,9.989
83,1.427,0.105,10.008
83,1.267,0.172,9.941
83,1.386,0.081,9.965
83,1.413,0.096,9.972
83,1.427,0.136,9.977
83,1.128,0.232,10.005
83,1.109,0.139,10.015
83,1.226,0.089,9.977
83,1.65,0.026,9.96
83,1.053,0.136,10.044
83,1.152,-0.079,9.993
83,1.35,0.105,10.008
83,1.437,0.031,9.957
83,1.276,0.096,10.022
83,1.104,-0.093,10.056
83,1.159,-0.096,10.051
83,1.494,-0.136,9.955
83,1.492,-0.314,10.029
83,1.48,-0.247,10.017
83,1.207,-0.321,10.029
83,1.154,0.034,10.013
83,1.516,-0.426,9.965
83,1.269,-0.297,10.025
83,1.228,-0.333,9.943
83,0.96,-0.385,10.048
83,1.355,-0.4,9.967
83,1.037,-0.354,10.022
83,1.35,-0.196,9.996
83,1.298,-0.206,9.96
83,1.188,-0.005,10.025
83,1.223,-0.132,10.015
83,1.166,-0.321,10.008
83,1.104,-0.433,9.962
83,1.338,-0.503,10.001
83,1.525,-0.481,9.991
83,1.324,-0.62,9.957
83,1.324,-0.575,9.972
83,1.379,-0.352,10.005
83,1.393,-0.46,9.984
83,1.355,-0.304,10.015
83,1.317,-0.364,9.95
83,1.331,-0.285,9.993
83,1.295,-0.18,9.989
83,1.231,-0.237,10.017
83,1.355,-0.237,9.998
83,1.487,-0.383,9.977
83,1.379,-0.244,9.953
83,1.08,-0.558,10.01
83,1.271,-0.57,10.02
83,1.204,-0.508,9.991
83,1.199,-0.682,9.986
83,1.25,-0.551,10.032
83,1.322,-0.249,9.996
83,1.262,-0.041,9.993
83,1.231,-0.225,9.998
83,1.267,-0.254,10.001
83,1.267,-0.065,9.955
83,1.262,-0.065,10.032
83,1.271,-0.06,9.998
83,1.269,-0.045,9.969
83,1.274,-0.036,9.977
83,1.269,-0.055,10.008
83,0.965,-0.33,9.981
83,1.058,-0.438,10.015
83,1.02,-0.692,10.015
83,0.943,-0.632,10.029
83,0.318,-0.936,10.034
83,0.611,-0.855,10.022
83,0.699,-0.881,10.108
83,0.723,-0.615,10.015
83,0.395,-0.639,10.051
83,0.723,-0.558,10.022
83,0.936,-0.278,10.075
83,0.548,-0.328,10.022
83,0.9,-0.448,10.008
83,0.907,-0.285,10.068
83,0.881,-0.381,10.051
83,0.96,-0.383,10.003
83,1.025,-0.235,9.984
83,1.075,-0.285,10.025
83,1.259,-0.283,9.996
83,1.439,-0.101,10.005
83,1.101,-0.041,9.984
83,1.257,-0.022,9.969
83,1.398,-0.074,10.032
83,1.207,-0.022,10.005
83,1.188,-0.11,10.005
83,1.365,-0.242,10.008
83,1.041,-0.206,10.034
83,1.099,-0.139,9.998
83,1.41,-0.115,9.996
83,1.132,0.043,10.005
83,1.07,0.091,10.003
83,1.19,0.113,10.005
83,1.544,0.151,9.941
83,1.528,0.172,9.905
83,1.221,0.127,9.941
83,1.518,0.139,9.948
83,1.623,0.122,9.972
83,1.788,0.29,9.924
83,1.415,0.309,9.969
83,1.346,0.273,9.984
83,1.544,0.218,9.998
83,1.52,0.39,9.95
83,1.492,0.17,9.979
83,1.82,0.261,9.938
83,1.468,0.127,9.941
83,1.379,0.239,9.977
83,1.559,0.127,9.969
83,1.41,0.072,9.965
83,1.451,0.096,9.998
83,1.358,0.048,9.989
83,1.415,0.081,9.974
83,1.425,0.156,9.993
83,1.403,0.127,9.989
83,1.64,0.187,10.01
83,1.496,0.211,9.965
83,1.489,0.115,9.941
83,1.762,0.048,9.967
83,1.889,0.294,9.938
83,1.803,0.34,9.974
83,1.832,0.378,9.95
83,1.705,0.247,9.965
83,1.607,0.153,9.984
83,1.595,0.151,9.974
83,1.346,0.005,9.993
83,1.295,-0.065,9.991
83,1.259,-0.084,10.022
83,1.233,-0.096,9.993
83,1.678,-0.505,10.084
83,2.607,-1.372,9.823
83,2.006,-0.795,9.974
83,2.057,-0.606,9.912
83,1.537,-0.201,9.95
83,1.755,-0.227,9.96
83,1.97,-0.431,9.955
83,1.504,-0.395,9.996
83,1.731,-0.414,9.989
83,1.583,-0.261,9.936
83,1.468,-0.201,9.969
83,1.451,-0.168,9.938
83,1.451,-0.189,10.008
83,1.693,-0.215,9.953
83,1.549,-0.232,9.998
83,1.669,-0.294,9.934
83,1.398,-0.136,10.017
83,1.319,-0.096,9.981
83,1.516,-0.297,10.005
83,1.384,-0.196,9.991
83,1.472,-0.287,9.962
83,1.341,-0.091,10.01
83,1.29,0.091,9.989
83,1.31,0.031,9.984
83,1.185,0.024,10.034
83,1.441,-0.069,10.017
83,1.314,0.115,9.989
83,1.262,0.034,9.993
83,1.307,-0.019,9.95
83,1.463,0,9.979
83,1.384,-0.139,9.984
83,1.518,-0.223,9.931
83,1.056,0.105,10.02
83,1.041,-0.026,10.001
83,1.36,-0.127,9.972
83,1.3,-0.098,10.008
83,1.427,-0.22,9.926
83,1.334,-0.101,9.991
83,1.01,0.057,10.02
83,1.166,0.057,9.991
83,1.35,0.026,9.969
83,0.769,0.326,10.034
83,0.898,0.045,10.027
83,1.429,-0.093,10.008
83,1.025,-0.017,9.993
83,0.625,0.182,10.06
83,1.3,-0.029,10.02
83,1.195,-0.041,9.989
83,0.915,0.124,10.003
83,1.233,0.103,10.034
83,1.142,0.014,9.996
83,0.824,0.105,9.972
83,0.534,0.204,10.08
83,0.747,0.199,10.01
83,0.97,0.156,10.056
83,0.728,0.213,10.056
83,1.355,-0.096,10.001
83,0.807,0.101,10.029
83,1.135,-0.038,9.955
83,0.893,0.124,10.036
83,0.709,0.069,10.046
83,1.144,-0.177,9.998
83,0.654,0.12,10.036
83,0.979,0.06,10.048
83,0.613,0.223,10.058
83,0.934,0.05,9.998
83,1.587,-0.091,9.979
83,1.168,-0.103,9.998
83,1.343,-0.11,9.941
83,1.039,-0.072,10.013
83,0.895,0.031,10.051
83,1.233,-0.05,10.02
83,1.199,-0.067,9.984
83,1.255,-0.045,9.979
83,1.233,-0.067,10.003
83,1.259,-0.079,10.001
83,1.267,-0.072,9.986
83,1.288,-0.098,10.025
83,1.271,-0.091,9.974
83,1.274,-0.038,10.02
84,1.147,-0.005,10.053
84,1.166,-0.022,10.022
84,1.269,-0.081,9.979
84,1.25,-0.026,9.998
84,1.271,-0.055,9.946
84,1.255,-0.079,10.001
84,1.245,-0.079,10.032
84,1.271,-0.024,9.989
84,1.267,-0.048,9.984
84,1.252,-0.096,9.989
84,1.25,-0.065,10.015
84,1.24,-0.05,10.02
84,1.255,-0.072,9.998
84,1.238,-0.065,10.008
84,1.276,-0.05,10.001
84,1.264,-0.062,10.025
84,1.257,-0.034,9.989
84,1.226,-0.062,9.991
84,1.259,-0.045,9.965
84,1.298,-0.055,9.991
84,1.257,-0.067,9.984
84,1.247,-0.062,9.996
84,1.247,-0.045,9.991
84,1.233,-0.045,10.005
84,1.264,-0.057,10.008
84,1.245,-0.05,9.993
84,1.245,-0.048,10.008
84,1.259,-0.017,10.025
84,1.288,-0.036,9.989
84,1.195,-0.297,9.991
84,1.109,0.8,10.001
84,1.173,0.484,9.984
84,1.221,0.381,9.991
84,1.322,0.474,9.977
84,1.221,0.74,10.015
84,1.176,0.95,9.957
84,1.12,0.824,9.981
84,1.154,0.874,10.013
84,1.046,1.015,9.998
84,1.01,1.252,9.981
84,1.087,1.123,10.015
84,1.219,0.986,9.996
84,1.614,0.5,9.926
84,0.56,0.529,10.027
84,0.637,0.124,10.058
84,1.53,0.287,9.991
84,1.858,-0.074,9.931
84,1.25,0.115,10.02
84,1.257,-0.225,9.991
84,1.556,-0.326,9.924
84,1.559,-0.232,9.96
84,1.456,-0.45,10.001
84,1.585,-0.551,10.005
84,1.441,-0.515,9.991
84,1.499,-0.555,9.953
84,1.46,-0.524,10.022
84,1.202,-0.239,10.022
84,1.633,0,9.989
84,1.599,0.122,9.938
84,1.616,0.184,9.984
84,1.207,0.192,10.001
84,1.185,-0.101,9.977
84,1.123,-0.165,10.027
84,1.504,-0.326,10.005
84,1.12,-0.591,10.034
84,1.147,-0.397,9.969
84,1.417,-0.838,9.969
84,1.484,-0.821,9.965
84,1.496,-0.558,9.967
84,1.59,-0.409,10.015
84,1.35,-0.587,9.96
84,1.3,-0.491,10.003
84,1.274,-0.606,10.032
84,1.305,-0.778,9.969
84,1.271,-0.867,10.036
84,1.305,-0.622,9.993
84,1.243,-0.572,9.989
84,1.346,-0.441,9.989
84,1.298,-0.407,9.989
84,1.307,-0.385,9.979
84,1.226,-0.481,9.96
84,1.312,-0.407,10.003
84,1.221,-0.476,10.005
84,1.171,-0.536,9.981
84,1.176,-0.563,10.027
84,1.185,-0.515,10.015
84,1.247,-0.266,10.015
84,1.312,-0.091,10.017
84,1.271,-0.06,10.027
84,1.259,-0.081,9.998
84,1.274,-0.067,10.034
84,0.108,-0.072,9.967
84,0.795,-1.111,10.005
84,0.699,-0.625,10.178
84,0.984,-0.754,10.001
84,0.706,-0.994,10.02
84,0.833,-0.687,10.005
84,0.63,-0.778,10.039
84,0.903,-0.469,10.039
84,0.702,-0.654,10.039
84,0.785,-0.505,9.986
84,1.087,-0.429,10.01
84,0.783,-0.527,10.092
84,0.828,-0.414,10.07
84,1.228,-0.352,9.974
84,1.276,-0.062,10.032
84,1.149,-0.218,9.981
84,1.583,-0.038,10.022
84,1.343,0.01,9.981
84,1.575,0.098,9.96
84,1.384,0.005,9.96
84,1.257,0.038,9.962
84,1.384,0.036,9.991
84,1.228,-0.057,10.015
84,1.219,-0.204,10.025
84,1.348,-0.038,9.993
84,1.209,0.005,9.974
84,1.365,0.091,9.974
84,1.271,-0.014,9.991
84,0.941,-0.405,10.029
84,1.396,-0.201,9.96
84,1.738,-0.029,9.934
84,2.133,0.412,9.96
84,1.779,0.362,9.984
84,1.307,0.314,9.991
84,1.207,0.01,9.979
84,1.166,-0.084,9.969
84,1.125,-0.031,9.986
84,1.221,-0.127,10.005
84,1.58,0.192,10.01
84,1.549,0.077,9.953
84,1.439,0.146,9.957
84,1.516,0.151,9.965
84,1.523,0.263,9.969
84,1.262,0.163,9.972
84,1.48,0.18,9.967
84,1.592,0.146,9.998
84,1.348,0.11,9.943
84,1.477,0.132,9.948
84,1.585,0.211,9.919
84,1.358,0.06,9.967
84,1.437,0.165,9.936
84,1.47,0.122,9.946
84,1.25,0.062,9.977
84,1.492,0.23,9.991
84,1.322,0.091,9.998
84,1.389,0.038,9.965
84,1.42,0.043,9.984
84,1.561,0.043,9.989
84,1.702,0.187,9.936
84,1.599,0.077,9.934
84,1.587,0.043,9.998
84,1.618,0.22,9.948
84,1.635,0.225,9.965
84,1.63,0.175,9.984
84,1.628,0.172,9.96
84,1.573,0.158,9.955
84,1.314,-0.026,10.008
84,1.25,-0.069,10.013
84,1.24,-0.05,9.965
84,1.267,-0.086,9.986
84,1.262,-0.048,9.993
84,1.243,-0.074,10.013
84,1.228,-0.067,9.974
84,1.247,-0.069,9.991
84,1.269,-0.069,9.989
84,1.264,-0.074,9.998
84,1.233,-0.072,9.991
84,1.243,-0.045,10.01
84,1.235,-0.06,10.01
84,1.235,-0.077,9.991
84,1.259,-0.031,9.993
84,1.616,0.287,9.979
84,1.626,-0.438,9.962
84,1.745,-0.582,9.957
84,1.161,-0.136,10.005
84,1.561,-0.22,9.967
84,1.482,-0.136,9.996
84,1.523,-0.182,9.953
84,1.753,-0.34,9.926
84,1.59,-0.244,10.013
84,1.748,-0.311,9.979
84,1.602,-0.302,9.948
84,1.477,-0.268,9.977
84,1.556,-0.371,10.032
84,1.269,-0.141,9.993
84,1.3,-0.038,9.984
84,1.219,0.139,10.025
84,1.417,-0.002,9.941
84,1.362,-0.041,9.962
84,1.48,-0.117,9.974
84,1.774,-0.558,9.969
84,1.281,-0.11,10.01
84,1.36,-0.014,9.998
84,1.269,-0.086,10.008
84,1.302,0.069,9.996
84,1.015,0.105,9.993
84,1.504,-0.079,10.01
84,1.334,0.005,9.989
84,1.484,-0.249,9.953
84,1.472,-0.232,9.969
84,1.499,-0.218,9.967
84,1.231,0.06,9.979
84,1.52,-0.151,9.967
84,1.453,-0.431,10.01
84,0.907,0.249,10.02
84,1.08,-0.029,10.025
84,1.255,-0.136,9.977
84,1.288,-0.045,9.991
84,0.455,0.426,10.06
84,0.915,0.103,10.036
84,1.257,-0.239,10.01
84,1.058,-0.101,10.022
84,0.898,0.117,9.996
84,1.053,0.153,10.029
84,0.85,0.124,10.034
84,1.092,-0.012,9.974
84,1.331,-0.278,9.989
84,0.764,0.371,10.005
84,0.833,0.235,10.046
84,1.147,-0.034,10.001
84,1.504,-0.261,9.967
84,1.441,-0.268,10.005
84,1.106,-0.098,10.01
84,0.527,0.189,10.029
84,0.752,0.165,10.039
84,1.599,-0.254,9.986
84,0.943,0.069,10.022
84,0.797,0.294,9.986
84,0.517,0.405,10.041
84,0.855,0.12,10.034
84,0.903,0.098,10.029
84,1.159,0.065,10.005
84,0.943,0.18,9.986
84,1.149,-0.062,10.025
84,1.087,-0.034,10.001
84,1.516,-0.17,9.948
84,1.264,-0.115,10.022
84,1.458,-0.18,9.991
84,0.618,0.239,10.044
84,0.342,0.352,10.06
84,0.826,0.206,10.025
84,1.223,-0.022,10.013
84,1.245,-0.081,9.977
84,1.233,-0.043,10.022
84,1.202,-0.05,10.01
84,1.226,-0.048,10.001
84,1.228,-0.034,9.986
84,1.238,-0.072,10.008
84,1.247,-0.072,9.996
84,1.243,-0.041,10.005
84,1.207,-0.067,9.984
84,1.235,-0.036,9.977
84,1.271,-0.053,9.991
84,1.231,-0.053,9.993
84,1.243,-0.067,10.01
84,1.219,-0.043,9.989
84,1.209,-0.043,9.979
84,1.228,-0.05,10.003
84,1.219,-0.067,10.025
86,1.312,-0.057,10.01
86,1.307,-0.065,10.041
86,1.293,-0.072,10.005
86,1.31,-0.043,9.984
86,1.274,-0.057,10.029
86,1.269,-0.06,10.001
86,1.295,-0.053,9.955
86,1.322,-0.069,10.015
86,1.307,-0.062,10.003
86,1.29,-0.053,9.953
86,1.293,-0.06,10.005
86,1.29,-0.081,10.036
86,1.286,-0.062,10.001
86,1.341,-0.067,9.965
86,1.3,-0.067,10.053
86,1.252,-0.014,10.008
86,0.953,-0.848,10.218
86,1.03,-0.515,10.063
86,0.745,-0.639,10.08
86,0.536,-0.891,10.013
86,0.857,-0.804,10.063
86,0.725,-0.749,10.06
86,0.371,-0.563,10.051
86,0.268,-0.364,10.053
86,0.579,-0.405,10.046
86,0.546,-0.376,10.06
86,1.058,-0.438,10.084
86,0.62,-0.383,10.015
86,0.582,-0.5,10.001
86,0.883,-0.34,10.025
86,1.003,-0.079,10.046
86,0.651,-0.093,10.017
86,0.637,-0.213,10.072
86,1.08,-0.053,10.06
86,0.721,-0.225,9.972
86,0.998,-0.086,9.955
86,1.573,0.132,10.01
86,1.669,-0.048,9.934
86,1.599,0.321,9.965
86,1.899,0.275,9.991
86,1.954,0.256,9.907
86,1.992,0.163,9.986
86,1.228,0.299,9.974
86,1.741,0.045,9.924
86,1.489,0.024,9.993
86,1.724,0.096,9.965
86,1.578,-0.014,9.917
86,1.717,0.256,9.977
86,1.504,0.132,9.969
86,1.654,0.148,9.979
86,1.719,0.271,9.967
86,1.578,0.369,9.962
86,1.381,0.074,9.919
86,1.628,0.06,9.922
86,1.75,0.165,9.962
86,1.262,0.263,9.984
86,1.822,0.026,9.974
86,2.073,0.239,9.907
86,2.291,0.424,9.871
86,2.306,0.594,9.938
86,1.915,0.362,9.979
86,1.887,0.206,9.957
86,1.894,0.235,9.919
86,1.779,0.271,9.929
86,1.542,0.158,9.986
86,1.298,-0.053,9.969
86,1.295,-0.079,9.986
86,1.269,-0.086,9.989
86,1.271,-0.057,9.996
86,1.267,-0.065,10.01
86,1.053,0.105,9.955
86,1.812,-0.649,9.969
86,1.891,-0.761,9.957
86,1.499,-0.512,9.977
86,1.896,-0.603,9.95
86,1.796,-0.244,10.01
86,2.1,-0.524,9.926
86,1.987,-0.476,9.977
86,2.425,-0.591,9.881
86,1.894,-0.362,9.907
86,1.872,-0.414,9.941
86,1.336,0.036,9.953
86,1.932,-0.46,10.013
86,1.87,-0.441,9.977
86,1.626,-0.28,9.96
86,1.707,-0.335,9.986
86,1.7,-0.345,10.001
86,1.669,-0.297,9.926
86,1.616,-0.244,9.977
86,1.59,-0.206,9.984
86,1.659,-0.333,9.984
86,1.516,-0.103,9.931
86,1.283,0.268,10.036
86,1.815,-0.168,9.943
86,1.317,-0.239,9.967
86,1.614,-0.108,9.996
86,0.644,0.469,10.063
86,0.239,0.397,10.072
86,1.65,-0.359,9.941
86,0.761,0.273,10.015
86,0.972,0.158,10.044
86,0.86,0.189,10.046
86,1.013,0.079,9.998
86,0.97,0.16,10.017
86,0.615,0.371,10.087
86,0.546,0.373,10.01
86,1.341,-0.165,9.96
86,0.783,0.127,10.044
86,0.587,0.354,10.039
86,0.606,0.402,10.022
86,0.651,0.184,10.029
86,0.816,0.187,10.029
86,0.57,0.383,10.039
86,1.135,-0.017,10.008
86,0.505,0.278,10.082
86,0.893,0.163,10.013
86,0.824,0.294,10.041
86,0.752,0.292,10.058
86,1.204,0.01,9.989
86,1.118,0.103,9.984
86,1.089,-0.034,9.996
86,1.267,-0.079,9.965
86,0.596,0.316,10.065
86,0.922,0.122,10.046
86,1.808,-0.28,9.934
86,1.65,-0.345,9.986
86,1.58,-0.199,9.934
86,0.869,0.148,10.013
86,0.886,0.06,10.036
86,0.529,0.402,10.065
86,0.62,0.28,10.065
86,1.001,0.067,10.029
86,1.204,-0.048,10.001
86,1.243,-0.045,10.025
86,1.235,-0.05,9.996
86,1.231,-0.038,10.017
86,1.25,-0.055,9.953
86,1.259,-0.053,10.008
86,1.238,-0.043,10.008
86,1.247,-0.034,9.981
86,1.281,-0.055,9.993
86,1.276,-0.062,10.001
86,1.262,-0.048,10.015
86,1.032,0.939,10.08
86,0.986,1.156,9.974
86,1.221,0.718,9.962
86,1.188,1.111,10.027
86,1.202,0.965,10.015
86,1.417,0.819,9.969
86,1.154,1.089,10.001
86,1.209,0.735,10.005
86,1.161,0.895,9.993
86,1.061,0.958,10.003
86,1.204,0.898,9.953
86,1.247,0.567,9.957
86,1.015,0.893,10.013
86,1.24,0.364,9.977
86,1.537,0.251,9.938
86,1.219,0.333,9.95
86,1.611,-0.007,9.957
86,1.726,-0.275,10.041
86,1.422,-0.06,9.912
86,1.214,0.208,9.993
86,1.336,-0.034,10.008
86,1.018,0.074,10.044
86,1.144,0.189,10.041
86,0.931,0.45,10.034
86,1.106,0.175,10.001
86,1.243,0.014,10.027
86,1.551,-0.268,9.962
86,1.745,-0.654,9.993
86,1.358,-0.673,10.048
86,1.839,-0.857,9.996
86,1.535,-0.651,10.003
86,1.319,-0.548,9.972
86,1.14,-0.204,10.022
86,1.554,-0.383,9.974
86,1.877,-0.575,9.922
86,1.341,-0.613,9.981
86,1.338,-0.613,9.972
86,1.705,-0.656,9.962
86,1.142,-0.443,10.003
86,1.269,-0.481,9.974
86,1.279,-0.211,10.032
86,1.381,-0.105,9.981
86,1.341,-0.39,10.034
86,1.209,-0.402,10.008
86,1.156,-0.421,10.034
86,1.326,-0.532,10.039
86,1.312,-0.649,9.996
86,1.228,-0.424,9.95
86,1.365,-0.62,10.001
86,1.647,-0.845,10.003
86,1.58,-0.596,9.957
86,1.341,-1.025,9.979
86,1.463,-1.12,10.008
86,1.415,-1.039,9.977
86,1.413,-0.998,10.01
86,1.358,-0.357,10.032
86,1.281,0.043,9.969
86,1.317,-0.153,9.946
86,1.302,-0.067,10.003
86,1.334,-0.139,9.962
86,1.302,-0.103,10.01
86,1.281,-0.062,9.981
86,1.317,-0.074,10.01
86,1.286,-0.041,10.02
86,1.269,-0.048,9.996
86,1.288,-0.053,9.986
86,1.264,-0.034,9.991
86,1.302,-0.062,9.989
86,1.29,-0.084,10.017
86,1.288,-0.057,9.981
86,1.274,-0.074,10.005
86,1.293,-0.072,9.993
87,1.216,0.007,9.957
87,1.14,0.026,10.06
87,1.233,-0.019,10.02
87,1.197,-0.024,10.02
87,1.252,-0.036,10.029
87,1.25,-0.057,9.914
87,1.223,-0.005,10.025
87,1.24,-0.048,9.981
87,1.271,-0.038,9.989
87,1.269,-0.029,9.996
87,1.25,-0.019,10.013
87,1.245,-0.053,10.008
87,1.235,-0.043,9.981
87,1.243,-0.048,9.996
87,1.264,-0.045,10.005
87,1.247,-0.05,9.989
87,1.257,-0.053,10.005
87,1.257,-0.05,9.977
87,1.279,-0.055,10.032
87,1.25,-0.048,10.039
87,1.274,-0.045,9.996
87,1.252,-0.05,9.986
87,1.288,-0.057,9.969
87,1.286,-0.067,10.003
87,1.257,-0.024,10.02
87,1.293,-0.05,9.972
87,1.283,-0.067,10.051
87,0.517,-0.29,9.855
87,0.225,-1.18,10.101
87,0.515,-1.025,10.07
87,0.486,-0.845,10.058
87,0.204,-0.898,10.094
87,0.864,-0.204,10.089
87,0.769,-0.409,9.986
87,0.713,-0.953,9.957
87,0.378,-1.003,10.123
87,0.517,-0.405,10.08
87,0.692,-0.536,9.981
87,0.673,-0.606,10.07
87,0.699,-0.419,10.094
87,0.984,-0.22,10.032
87,0.915,-0.333,10.005
87,1.317,-0.201,9.969
87,1.106,-0.081,10.089
87,0.927,-0.041,10.003
87,1.604,0.057,9.965
87,1.434,0.175,9.991
87,1.434,0.045,9.972
87,1.561,0.086,9.922
87,1.329,0.057,10.017
87,1.535,-0.017,9.941
87,1.417,0.136,10.013
87,1.25,-0.031,9.957
87,1.274,0.141,10.032
87,1.276,0.165,9.957
87,1.147,0.067,9.981
87,1.077,0.086,10.039
87,1.29,-0.189,9.962
87,1.173,-0.251,10.017
87,1.686,-0.148,9.953
87,1.322,0.062,9.96
87,1.683,0.419,9.986
87,1.676,0.215,9.924
87,1.884,0.273,9.95
87,1.753,0.357,9.955
87,2.339,0.883,9.886
87,1.547,0.431,9.984
87,1.595,0.352,10.003
87,1.647,0.39,9.972
87,2.047,0.304,9.962
87,2.009,0.309,9.936
87,1.717,0.414,9.934
87,1.81,0.261,9.938
87,2.057,0.266,9.917
87,2.049,0.278,9.929
87,1.872,0.278,9.936
87,1.779,0.18,9.938
87,1.35,-0.01,9.998
87,1.293,-0.062,9.972
87,1.24,-0.077,10.013
87,1.279,-0.067,9.989
87,1.295,-0.055,9.986
87,1.238,-0.06,9.986
87,3.057,-0.613,10.142
87,1.604,-0.515,9.953
87,2.157,-0.927,9.946
87,2.456,-0.948,9.931
87,2.346,-0.699,9.926
87,2.277,-0.431,9.948
87,2.488,-0.709,9.855
87,2.236,-0.802,9.953
87,2.231,-0.709,9.941
87,1.992,-0.491,9.993
87,1.623,-0.529,9.979
87,2.085,-0.86,9.914
87,1.336,-0.266,10.022
87,0.611,0.462,10.089
87,1.293,0.139,9.953
87,1.18,0.136,9.972
87,1.211,0.17,10.065
87,0.986,0.287,10.044
87,1.336,-0.007,10.001
87,0.713,0.089,10.056
87,1.111,-0.084,9.996
87,1.18,-0.01,10.015
87,1.484,-0.194,9.967
87,1.044,0.041,10.048
87,1.003,0.239,10.02
87,1.142,0.251,9.979
87,1.583,-0.194,9.969
87,1.056,0.091,10.048
87,0.56,0.352,10.044
87,1.259,-0.029,9.965
87,1.137,-0.043,9.969
87,0.539,0.297,10.041
87,0.946,0.218,9.989
87,0.532,0.414,10.029
87,1.185,0.16,9.969
87,0.359,0.441,10.041
87,0.852,0.122,10.02
87,1.243,0.019,10.001
87,0.414,0.345,10.075
87,0.912,0.12,9.996
87,1.166,-0.026,10.005
87,1.077,0.127,10.029
87,0.412,0.484,10.106
87,0.642,0.206,10.051
87,0.788,0.134,10.029
87,0.718,0.496,10.025
87,0.986,0.251,9.948
87,0.725,0.29,10.039
87,0.441,0.199,10.025
87,0.412,0.357,10.039
87,0.536,0.441,10.032
87,0.91,0.175,9.993
87,1.152,0.022,10.003
87,1.233,-0.002,9.998
87,1.262,-0.05,9.984
87,1.279,-0.067,9.986
87,1.267,-0.026,9.984
87,1.243,-0.048,10.032
87,1.255,-0.022,9.977
87,1.252,-0.014,9.993
87,1.252,-0.065,10.003
87,1.271,-0.036,10.015
87,1.571,1.456,9.993
87,1.195,0.57,10.005
87,1.18,0.412,10.013
87,1.152,0.673,9.998
87,1.094,1.195,10.044
87,1.101,1.116,10.02
87,1.281,0.946,9.991
87,1.176,0.953,9.96
87,1.353,1.077,9.969
87,1.025,1.111,10.015
87,1.135,0.984,10.001
87,1.063,0.472,9.96
87,1.135,0.532,10.051
87,1.231,0.797,9.957
87,1.405,0.201,10.015
87,1.482,0.113,10.015
87,1.516,0.077,9.91
87,0.632,0.663,10.034
87,1.52,0.115,9.965
87,1.556,-0.158,9.969
87,1.118,0.091,9.972
87,1.405,-0.223,9.977
87,1.279,0.081,10.015
87,1.281,0.103,9.986
87,1.252,-0.213,10.015
87,1.554,0.163,9.919
87,1.053,0.026,10.041
87,1.35,-0.199,10.008
87,1.389,-0.184,9.967
87,1.211,-0.385,10.005
87,1.482,-0.553,10.008
87,1.463,-0.421,10.003
87,1.214,-0.314,10.001
87,1.365,-0.565,10.017
87,1.484,-0.338,9.989
87,1.326,-0.474,9.96
87,1.365,-0.457,9.979
87,1.283,-0.611,9.989
87,0.991,-0.347,10.003
87,0.994,-0.625,10.053
87,1.219,-0.409,9.948
87,1.178,-0.223,9.965
87,1.3,-0.548,9.996
87,0.9,-0.232,10.036
87,1.338,-0.306,9.989
87,1.128,-0.587,9.986
87,1.154,-0.409,10.001
87,1.372,-0.527,10.005
87,1.338,-0.302,10.015
87,1.405,-0.366,9.993
87,1.47,-0.421,9.986
87,1.319,-0.091,10.003
87,1.274,-0.227,9.989
87,1.135,-0.256,10.022
87,1.135,-0.218,10.013
87,1.243,-0.498,9.991
87,1.477,-0.553,10.029
87,1.472,-0.314,9.979
87,1.372,-0.795,9.974
87,1.336,-0.69,10.017
87,1.348,-0.769,9.969
87,1.353,-0.472,10.013
87,1.274,-0.136,10.041
87,1.221,-0.022,9.981
87,1.195,0.012,9.977
87,1.199,-0.019,10.022
87,1.24,-0.002,9.998
87,1.233,-0.026,9.996
87,1.211,-0.024,9.984
87,1.214,-0.017,10.015
87,1.207,-0.012,10.005
87,1.231,-0.041,9.967
87,1.228,-0.029,10.008
87,1.216,-0.029,10.034
87,1.171,-0.017,10.022
88,1.219,0.024,10.044
88,1.185,0.007,10.005
88,1.197,-0.007,10.077
88,1.231,-0.01,10.036
88,1.235,-0.038,10.02
88,1.238,-0.007,10.003
88,1.238,-0.014,9.938
88,1.245,-0.031,9.979
88,1.216,-0.031,10.001
88,1.257,-0.014,10.005
88,1.24,-0.002,9.969
88,1.204,-0.007,9.998
88,1.197,-0.012,9.989
88,1.238,-0.026,9.967
88,1.24,-0.019,9.981
88,1.247,-0.029,10.013
88,1.235,-0.007,10.013
88,1.233,-0.01,9.967
88,1.219,-0.031,9.986
88,1.24,-0.017,10.017
88,1.243,-0.05,9.938
88,1.221,-0.034,9.991
88,1.243,-0.029,9.969
88,1.238,-0.038,9.981
88,1.25,-0.045,9.989
88,1.271,-0.036,9.993
88,1.25,-0.036,9.977
88,1.255,-0.043,10.032
88,1.259,-0.031,9.984
88,1.257,-0.048,10.025
88,1.307,-0.057,10.003
88,1.31,-0.041,10.008
88,2.03,0.642,10.017
88,0.725,-0.462,9.965
88,1.199,-0.5,10.051
88,1.034,-0.51,10.092
88,0.541,-0.764,10.017
88,0.67,-0.596,10.058
88,1.219,-0.278,10.039
88,0.836,-0.223,10.051
88,0.742,-0.749,10.027
88,0.721,-0.723,10.032
88,0.8,-0.589,10.048
88,0.716,-0.529,9.991
88,1.171,-0.51,10.063
88,0.895,-0.481,10.02
88,0.998,-0.419,10.084
88,1.314,-0.429,9.953
88,0.852,-0.237,10.065
88,0.874,-0.409,9.943
88,1.346,-0.579,10.02
88,1.31,-0.141,10.01
88,1.398,-0.144,9.981
88,1.271,-0.278,10.005
88,1.393,0.038,9.969
88,1.324,0.014,9.969
88,1.334,0.211,10.02
88,1.379,-0.122,9.965
88,1.302,0.311,10.068
88,1.221,0.081,9.924
88,1.657,0.182,9.977
88,1.642,0.311,9.967
88,1.563,0.297,9.912
88,1.425,0.469,9.984
88,1.623,0.12,9.943
88,1.487,0.352,10.003
88,1.322,0.007,9.974
88,1.609,0.196,9.941
88,1.616,0.213,9.969
88,1.705,0.297,9.965
88,1.662,0.476,9.967
88,1.247,0.237,9.986
88,1.468,0.072,10.017
88,1.64,0.105,9.965
88,1.63,0.163,9.948
88,1.568,0.302,9.929
88,1.705,0.345,9.957
88,1.709,0.366,9.948
88,1.721,0.254,9.998
88,2.186,0.373,9.917
88,2.105,0.443,9.881
88,1.918,0.443,9.936
88,1.913,0.479,9.938
88,1.709,0.29,9.931
88,1.326,-0.05,9.965
88,1.286,-0.081,9.984
88,1.267,-0.065,10.005
88,1.286,-0.06,9.981
88,1.293,-0.055,10.015
88,1.259,-0.067,10.015
88,1.231,-0.029,9.912
88,1.8,-0.407,9.96
88,1.448,-0.273,9.957
88,1.767,-0.484,9.965
88,1.496,-0.129,9.989
88,2.076,-0.381,9.902
88,2.037,-0.304,9.946
88,1.942,-0.335,9.986
88,1.76,-0.366,9.946
88,1.463,-0.086,9.989
88,1.786,-0.316,9.986
88,1.875,-0.39,9.936
88,1.417,0.024,9.946
88,1.697,-0.11,9.986
88,1.334,0.108,10.008
88,1.607,-0.218,9.957
88,1.274,-0.081,9.996
88,1.334,-0.074,9.989
88,1.35,-0.065,9.955
88,1.104,-0.062,10.01
88,1.188,-0.139,9.957
88,1.238,-0.091,10.017
88,1.013,-0.038,9.977
88,1.307,-0.101,10.013
88,0.821,0.206,9.991
88,1.47,-0.22,9.969
88,0.974,0.005,9.998
88,1.02,-0.026,10.022
88,1.195,-0.038,10.017
88,1.396,-0.342,9.991
88,0.888,0.072,10.032
88,0.948,0.163,10.058
88,1.221,-0.232,9.977
88,1.259,-0.17,9.998
88,0.864,0.244,10.029
88,1.267,-0.103,10.003
88,0.874,0.113,10.017
88,1.166,-0.122,10.032
88,1.209,-0.017,10.017
88,1.487,-0.237,9.981
88,1.456,-0.184,9.979
88,0.867,0.213,10.034
88,1.322,-0.086,9.955
88,1.214,-0.014,10.022
88,0.881,0.06,9.989
88,1.099,0.069,10.013
88,1.482,-0.187,10.005
88,0.713,0.364,10.048
88,1.013,0.129,10.001
88,1.149,0.05,10.01
88,1.274,-0.019,10.022
88,0.915,0.048,10.022
88,1.47,-0.237,9.979
88,1.116,0.093,10.029
88,1.049,0.029,10.034
88,1.144,-0.041,9.986
88,0.5,0.388,10.044
88,1.202,0.057,10.048
88,0.572,0.414,10.08
88,1.188,-0.029,10.06
88,0.706,0.304,10.01
88,1.085,0.055,10.008
88,1.089,0.002,9.991
88,0.785,0.251,10.029
88,0.481,0.4,10.056
88,0.797,0.23,10.025
88,0.991,0.141,10.005
88,1.142,-0.002,10.013
88,1.238,-0.055,10.001
88,1.279,-0.034,10.008
88,1.252,-0.072,10.01
88,1.271,-0.06,9.979
88,1.257,-0.034,9.986
88,1.233,-0.057,10.015
88,1.262,-0.065,10.013
88,1.267,-0.053,10.015
88,1.982,2.306,9.883
88,1.015,-0.445,9.979
88,1.226,0.196,10.008
88,1.271,0.11,10.003
88,1.214,0.639,10.013
88,1.245,0.543,10.022
88,1.144,0.642,9.989
88,1.18,0.673,9.993
88,1.226,0.694,9.969
88,1.164,0.572,10.044
88,1.238,0.654,9.974
88,1.336,0.474,9.998
88,1.257,0.469,10.003
88,1.216,0.484,9.991
88,1.302,0.323,9.979
88,1.199,0.168,9.977
88,1.207,0.29,9.993
88,1.281,0.189,10.053
88,1.563,0.129,9.965
88,1.286,0.347,10.036
88,1.238,0.28,9.991
88,1.377,0.053,9.998
88,1.595,0.16,9.981
88,1.209,0.144,9.977
88,1.147,-0.038,10.051
88,1.269,-0.096,10.025
88,1.269,-0.113,10.017
88,1.307,-0.134,9.989
88,1.255,0.007,10.005
88,1.53,-0.101,9.919
88,1.544,-0.06,9.974
88,1.41,-0.132,10.01
88,1.336,-0.208,9.955
88,1.465,0.201,9.953
88,1.487,-0.024,9.981
88,1.331,0.026,10.01
88,1.384,0.141,9.974
88,1.41,-0.199,10.003
88,1.408,-0.029,10.003
88,1.262,-0.151,9.991
88,1.235,-0.304,9.991
88,1.547,-0.321,10.044
88,1.444,-0.218,9.941
88,1.168,-0.084,9.936
88,1.484,-0.584,9.981
88,1.142,-0.606,9.979
88,0.754,-0.711,10.02
88,1.183,-0.613,9.986
88,1.542,-0.919,9.979
88,1.659,-0.728,9.965
88,1.377,-0.268,9.962
88,1.415,-0.306,9.993
88,1.235,0.012,9.989
88,1.176,-0.01,9.998
88,1.267,-0.287,9.962
88,1.326,-0.215,10.013
88,1.219,-0.223,9.943
88,1.516,-0.493,9.948
88,1.568,-1.367,9.967
88,1.559,-1.221,9.974
88,1.59,-1.006,10.022
88,1.403,-0.709,9.998
88,1.338,-0.333,9.977
88,1.341,-0.103,9.967
88,1.334,-0.036,10.001
88,1.322,-0.055,9.979
88,1.274,-0.055,10.017
88,1.322,-0.069,9.981
88,1.324,-0.079,9.974
88,1.293,-0.038,9.989
88,1.302,-0.069,9.984
88,1.307,-0.041,10.008
88,1.307,-0.024,9.969
89,1.171,0.024,10.065
89,1.281,-0.05,9.969
89,1.166,-0.031,9.984
89,1.25,-0.055,9.967
89,1.243,-0.057,10.051
89,1.199,-0.017,10.025
89,1.238,-0.026,9.993
89,1.24,-0.06,10.029
89,1.209,-0.034,10.017
89,1.223,-0.041,9.979
89,1.298,-0.06,9.967
89,1.243,-0.041,9.998
89,1.24,-0.062,9.984
89,1.274,-0.067,9.993
89,1.247,-0.045,9.96
89,1.226,-0.029,9.981
89,1.271,-0.067,10.003
89,1.264,-0.055,9.969
89,1.259,-0.048,9.998
89,1.274,-0.077,10.022
89,1.271,-0.053,9.965
89,1.267,-0.05,10.025
89,1.257,-0.086,9.977
89,1.288,-0.05,9.998
89,1.286,-0.062,9.962
89,1.252,-0.062,10.053
89,1.279,-0.096,10.022
89,1.381,-1.034,9.977
89,1.484,-0.773,9.989
89,1.099,-0.867,10.008
89,1.255,-1.207,9.974
89,1.425,-1.288,9.965
89,1.317,-1.161,10.034
89,1.508,-1.362,9.914
89,1.338,-1.152,9.986
89,1.393,-0.795,10.001
89,1.358,-1.063,10.008
89,1.192,-0.927,9.974
89,1.559,-1.077,10.003
89,1.302,-1.03,9.991
89,1.372,-0.706,10.005
89,1.331,-0.577,9.957
89,1.36,-0.606,10.01
89,1.132,-0.366,10.058
89,1.53,-0.642,10.022
89,1.085,-0.297,9.931
89,1.575,-0.448,10.034
89,1.216,0.153,9.998
89,1.209,0.103,9.974
89,1.468,-0.038,9.989
89,1.125,-0.065,10.046
89,1.18,0.156,9.926
89,1.336,0.175,10.039
89,1.137,0.352,10.07
89,1.123,0.553,10.029
89,1.283,0.666,9.924
89,1.448,0.441,9.907
89,1.496,0.474,9.962
89,0.912,0.498,10.015
89,1.211,0.113,9.986
89,0.848,0.402,10.029
89,1.264,0.151,10.025
89,1.286,0.354,9.969
89,1.338,0.306,10.013
89,1.638,0.51,9.957
89,1.42,0.455,9.955
89,1.281,0.627,9.998
89,1.358,0.632,9.986
89,1.099,0.656,10.017
89,1.07,0.527,10.015
89,1.307,0.534,9.974
89,1.125,0.697,10.034
89,1.324,0.251,9.95
89,1.372,0.867,10.001
89,1.171,0.895,9.981
89,1.211,0.883,10.027
89,1.257,0.804,9.962
89,1.178,0.824,9.967
89,1.231,0.479,9.96
89,1.262,0.072,9.965
89,1.231,-0.117,10.005
89,1.274,-0.026,10.01
89,1.274,-0.053,9.993
89,1.235,-0.074,10.017
89,1.245,-0.05,10.02
89,1.264,-0.05,10.003
89,1.235,-0.086,10.036
89,1.269,-0.038,9.955
89,0.654,0.438,10.015
89,-0.967,1.281,10.264
89,-0.996,1.334,10.142
89,0.601,0.625,10.111
89,0.821,0.378,10.036
89,-0.043,0.812,10.07
89,0.012,0.654,10.087
89,1.07,0.711,10.063
89,0.316,0.943,10.104
89,0.615,0.594,10.075
89,1.197,0.462,9.943
89,0.795,0.74,10.015
89,0.304,0.613,10.084
89,0.807,0.287,10.096
89,1.573,-0.213,9.986
89,0.893,0.283,10.075
89,1.506,0.034,9.886
89,1.918,-0.306,9.905
89,1.262,0.034,10.053
89,2.289,-0.792,9.929
89,2.243,-0.812,9.924
89,0.476,0.294,10.089
89,1.827,-0.589,9.95
89,2.162,-0.778,9.912
89,2.157,-0.757,9.902
89,1.923,-0.572,9.941
89,1.932,-0.467,9.902
89,2.095,-0.606,9.969
89,1.846,-0.543,9.938
89,1.985,-0.505,9.95
89,1.82,-0.69,9.929
89,1.595,-0.405,9.902
89,1.731,-0.412,9.912
89,1.719,-0.508,9.948
89,1.556,-0.314,9.957
89,1.111,0,10.058
89,1.887,-0.273,9.934
89,1.528,-0.271,9.874
89,1.856,-0.385,9.979
89,2.416,-0.63,9.886
89,2.179,-0.371,9.912
89,2.404,-0.577,9.9
89,2.028,-0.316,9.977
89,1.645,-0.141,9.974
89,1.312,-0.057,10.013
89,1.29,-0.053,9.969
89,1.279,-0.062,9.972
89,1.319,-0.084,10.022
89,1.331,-0.069,9.989
89,1.31,-0.053,10.013
89,1.279,-0.062,9.984
89,1.288,-0.043,9.957
89,1.302,-0.055,10.005
89,1.283,-0.069,9.981
89,1.298,-0.074,9.977
89,1.235,-0.053,10.015
89,1.269,0.007,9.996
89,0.692,-0.709,10.034
89,1.748,0.395,9.926
89,1.93,0.484,9.929
89,2.09,0.634,9.878
89,2.1,0.589,9.957
89,2.076,0.721,9.902
89,1.776,0.582,9.946
89,1.772,0.271,9.938
89,1.822,0.036,9.984
89,1.841,0.141,9.965
89,1.389,0.134,10.022
89,1.578,0.283,9.986
89,1.578,0.067,9.967
89,1.468,0.031,9.974
89,1.365,0.043,9.996
89,1.506,0.239,9.979
89,1.472,0.309,9.989
89,1.173,0.086,9.967
89,1.422,0.041,9.965
89,1.499,-0.311,9.993
89,1.372,-0.271,9.979
89,1.52,-0.397,9.926
89,1.413,-0.18,10.039
89,1.597,-0.103,9.996
89,1.226,-0.201,10.022
89,1.334,-0.213,9.979
89,1.204,-0.309,9.991
89,1.214,-0.043,10.008
89,1.185,-0.038,10.015
89,1.082,-0.283,10.025
89,1.02,-0.259,10.022
89,1.132,-0.359,9.991
89,1.109,-0.144,9.984
89,0.919,-0.287,10.036
89,0.745,-0.517,10.063
89,0.728,-0.608,10.025
89,0.663,-0.429,10.056
89,1.24,-0.402,10.022
89,0.819,-0.158,10.072
89,0.601,-0.357,10.001
89,0.73,-0.316,10.029
89,1.022,-0.333,10.034
89,0.769,-0.438,10.029
89,1.144,-0.184,9.979
89,1.207,-0.134,9.962
89,1.061,-0.098,10.02
89,1.384,-0.053,10.015
89,1.353,-0.06,9.993
89,1.058,-0.048,10.02
89,1.015,-0.175,9.969
89,1.259,-0.017,9.996
89,1.022,-0.139,10.032
89,1.006,-0.182,10.032
89,0.989,-0.122,9.998
89,1.061,-0.271,10.036
89,0.622,-0.309,10.044
89,1.223,-0.189,10.02
89,1.307,-0.124,9.996
89,0.505,-0.328,10.029
89,0.886,-0.34,10.029
89,1.365,-0.101,10.032
89,1.058,-0.127,9.972
89,1.082,-0.163,9.991
89,1.599,0.055,9.984
89,1.185,-0.074,9.965
89,1.439,0.045,9.967
89,1.396,-0.05,9.972
89,0.812,-0.211,10.017
89,1.161,-0.18,10.001
89,1.307,-0.057,10.025
89,1.288,-0.002,9.955
89,1.29,-0.072,10.017
89,1.293,-0.086,9.96
89,1.288,-0.022,10.017
89,1.264,-0.065,10.001
89,1.274,-0.05,9.993
89,1.288,-0.007,9.979
89,1.326,-0.06,9.981
89,1.302,-0.057,9.986
89,1.286,-0.014,9.984
89,1.29,-0.06,9.969
89,1.276,-0.036,10.029
89,1.288,-0.055,9.991
89,1.283,-0.055,10.013
90,1.31,-0.026,9.943
90,1.293,-0.036,10.044
90,1.267,-0.069,9.957
90,1.283,-0.036,10.029
90,1.319,-0.048,9.974
90,1.286,-0.05,10.022
90,1.281,-0.031,9.977
90,1.295,-0.045,10.039
90,1.271,-0.053,9.957
90,1.314,-0.043,10.015
90,1.274,-0.062,10.013
90,1.307,-0.038,10.01
90,1.276,-0.05,9.96
90,1.281,-0.031,9.998
90,1.298,-0.053,9.996
90,1.3,-0.06,10.022
90,1.295,-0.045,10.005
90,1.274,-0.065,10.022
90,1.307,-0.041,9.981
90,1.31,-0.057,9.989
90,1.295,-0.079,10.02
90,1.31,-0.048,9.924
90,1.324,-0.053,10.08
90,1.056,-1.166,9.996
90,1.353,-1.082,10.032
90,1.326,-0.737,9.974
90,1.223,-0.802,9.962
90,1.595,-1.355,9.919
90,1.425,-1.386,9.981
90,1.355,-1.295,9.998
90,1.41,-0.883,9.996
90,1.269,-0.869,10.025
90,1.501,-1.065,9.929
90,1.786,-0.752,9.986
90,1.391,-0.603,9.965
90,1.188,-0.4,9.996
90,1.499,-0.05,9.972
90,1.317,-0.139,10.003
90,1.398,-0.381,9.967
90,1.18,-0.024,10.001
90,1.231,0.079,10.005
90,1.322,0.101,10.001
90,0.931,0.074,10.051
90,1.353,-0.165,9.924
90,1.279,0.129,9.974
90,0.943,0.067,10.041
90,1.259,-0.187,9.929
90,1.477,-0.129,9.967
90,1.113,0.017,9.998
90,1.439,-0.041,9.991
90,1.353,0.369,9.972
90,1.113,0.306,10.044
90,1.089,0.271,10.001
90,1.496,0.172,9.972
90,1.489,0.005,9.941
90,1.168,0.098,10.015
90,1.314,0.192,9.95
90,1.235,0.369,10.053
90,1.398,-0.151,9.993
90,1.302,0.026,9.986
90,1.494,0.055,9.938
90,1.518,0.129,9.986
90,1.211,0.065,9.979
90,1.159,-0.4,10.015
90,1.355,0.002,10.025
90,1.219,0.283,10.015
90,1.298,0.124,9.953
90,1.508,0.244,10.01
90,1.511,0.321,9.957
90,1.252,0.201,9.962
90,1.405,0.227,9.969
90,1.209,0.582,9.977
90,1.125,0.534,9.974
90,1.343,0.124,9.979
90,1.506,0.306,9.962
90,1.353,0.239,9.998
90,1.341,0.172,9.946
90,1.513,0.306,9.979
90,1.472,0.314,9.989
90,1.3,0.414,9.95
90,1.317,0.419,9.984
90,1.24,0.476,9.993
90,1.403,0.476,9.986
90,1.453,0.486,9.969
90,1.324,0.335,10.025
90,1.257,0.309,9.989
90,1.235,0.294,10.029
90,1.226,0.187,10.013
90,1.279,0.127,10.003
90,1.252,0.263,9.998
90,1.274,0.041,9.974
90,1.314,-0.038,9.996
90,1.31,-0.06,10.005
90,1.281,-0.096,10.02
90,1.298,-0.048,9.989
90,1.298,-0.086,10.01
90,1.283,-0.077,9.993
90,1.331,-0.041,10.003
90,1.341,-0.072,9.969
90,1.331,-0.055,9.95
90,-0.362,0.364,10.132
90,0.177,0.991,10.106
90,0.965,0.314,9.974
90,0.395,0.601,10.015
90,0.577,0.426,10.001
90,0.747,0.453,9.996
90,0.352,0.56,10.036
90,0.68,0.443,10.056
90,0.895,0.776,10.041
90,0.907,0.491,10.034
90,0.804,0.582,10.032
90,1.276,0.108,9.998
90,0.927,0.294,10.005
90,1.075,0.043,9.969
90,1.264,0.199,10.039
90,1.559,-0.136,9.957
90,1.058,0.158,9.95
90,1.46,0.091,9.941
90,1.693,-0.168,9.984
90,1.492,-0.01,10.003
90,1.544,-0.16,9.962
90,1.695,-0.294,9.996
90,1.791,-0.254,9.965
90,1.25,-0.192,9.965
90,1.374,-0.297,10.072
90,1.561,-0.402,9.919
90,1.516,-0.397,9.989
90,1.549,-0.227,9.965
90,1.377,-0.244,10.036
90,1.453,-0.244,9.977
90,1.223,-0.079,10.036
90,1.448,-0.342,9.979
90,1.724,-0.393,9.991
90,1.465,-0.364,9.991
90,1.381,-0.225,9.993
90,1.676,-0.369,9.969
90,1.597,-0.268,9.969
90,1.518,-0.33,9.977
90,1.563,-0.225,10.008
90,1.583,-0.151,9.989
90,1.463,-0.144,9.986
90,1.642,-0.182,9.946
90,1.415,0.045,9.972
90,1.439,-0.022,10.005
90,1.547,0.007,10.005
90,1.686,-0.165,9.953
90,1.47,-0.144,9.991
90,1.741,-0.39,9.972
90,1.314,-0.273,9.962
90,1.221,0.041,9.993
90,1.396,-0.156,9.969
90,1.444,-0.096,9.979
90,1.516,-0.206,10.003
90,1.523,-0.038,9.981
90,1.65,-0.266,9.977
90,1.607,-0.28,9.955
90,1.779,-0.419,9.972
90,1.676,-0.371,9.977
90,1.726,-0.464,9.981
90,1.769,-0.39,9.931
90,1.824,-0.441,9.936
90,1.721,-0.314,9.953
90,1.516,-0.113,9.991
90,1.393,-0.086,9.981
90,1.365,-0.096,9.998
90,1.302,-0.055,10.008
90,1.324,-0.055,9.986
90,1.314,-0.067,9.967
90,1.329,-0.055,9.969
90,1.329,-0.055,9.986
90,1.326,-0.048,9.977
90,1.267,-0.062,9.991
90,1.293,-0.043,9.965
90,1.29,-0.062,10.034
90,1.494,-0.057,10.003
90,1.437,0.139,9.986
90,1.674,0.249,9.957
90,1.652,0.5,9.953
90,2.014,0.524,9.953
90,1.688,0.479,9.96
90,1.547,0.072,9.938
90,1.824,-0.069,9.946
90,1.798,0.237,9.957
90,1.69,0.335,9.977
90,1.413,0.16,9.943
90,1.458,-0.129,9.993
90,1.322,-0.113,10.01
90,1.305,0.175,9.934
90,1.255,0.089,10.032
90,1.384,0.086,9.989
90,1.444,0.043,10.005
90,1.559,-0.113,9.972
90,1.602,0.048,9.96
90,1.556,-0.093,9.96
90,1.516,-0.175,9.955
90,1.741,-0.177,9.967
90,1.774,0.007,9.955
90,1.247,0.096,9.957
90,1.463,0.232,9.955
90,1.372,0.204,9.957
90,1.401,-0.077,10.032
90,1.501,-0.151,9.969
90,1.41,0.079,9.996
90,1.362,0.043,9.981
90,1.417,-0.048,9.934
90,1.381,-0.124,10.034
90,1.348,-0.124,10.077
90,1.42,-0.294,9.96
90,1.286,-0.041,9.993
90,1.307,0.175,9.984
90,1.365,0.002,9.941
90,1.207,-0.278,9.984
90,1.334,-0.192,10.044
90,1.542,-0.158,9.965
90,1.369,-0.208,10.01
90,1.269,-0.508,10.01
90,1.063,-0.326,10.044
90,1.231,-0.225,10.001
90,1.216,-0.038,10.065
90,1.132,-0.175,10.003
90,0.977,-0.215,10.008
90,1.365,0.053,10.008
90,0.972,-0.048,10.048
90,1.037,-0.189,10.001
90,1.137,-0.194,10.027
90,1.202,-0.034,10.015
90,1.149,0.057,9.989
90,1.247,0.019,10.034
90,1.003,-0.323,10.008
90,1.077,-0.333,9.998
90,1.36,-0.091,9.986
90,1.209,-0.235,9.962
90,1.286,-0.184,10.001
90,1.185,-0.187,9.993
90,1.24,-0.156,10.01
90,1.393,-0.192,9.965
90,1.25,-0.237,9.991
90,1.199,-0.254,9.984
90,1.255,-0.184,10.034
90,1.111,-0.182,9.979
90,1.132,-0.122,9.965
90,1.269,-0.223,10.003
90,1.233,-0.124,9.965
90,1.132,-0.098,10.044
90,1.243,-0.077,9.989
90,0.891,-0.165,10.036
90,0.857,-0.206,9.981
90,0.697,-0.424,10.058
90,0.563,-0.448,10.068
90,0.848,-0.292,10.046
90,1.152,-0.199,10.017
90,1.29,-0.057,10.001
90,1.35,-0.067,9.993
90,1.343,-0.069,10.029
90,1.324,-0.062,9.979
90,1.322,-0.055,10.003
90,1.346,-0.048,10.017
90,1.334,-0.05,10.003
90,1.343,-0.074,9.974
90,1.331,-0.048,10.072
90,1.322,-0.038,9.955
91,1.25,-0.072,10.063
91,1.247,-0.069,9.993
91,1.271,-0.074,9.965
91,1.279,-0.084,9.979
91,1.288,-0.077,10.02
91,1.243,-0.086,10.027
91,1.279,-0.077,10.005
91,1.257,-0.055,9.993
91,1.262,-0.096,9.991
91,1.302,-0.069,9.998
91,1.271,-0.079,10.005
91,1.286,-0.069,9.991
91,1.247,-0.069,9.962
91,1.228,-0.05,10.048
91,1.276,-0.093,9.989
91,1.274,-0.081,9.996
91,1.247,-0.05,9.984
91,1.25,-0.074,10.017
91,1.255,-0.084,10.022
91,1.276,-0.079,9.981
91,1.286,-0.069,9.996
91,1.279,-0.072,9.984
91,1.25,-0.072,10.005
91,1.286,-0.093,9.996
91,1.3,-0.098,10.022
91,1.283,-0.079,9.989
91,1.25,-0.074,9.986
91,0.838,-1.803,9.986
91,1.389,-0.86,9.981
91,1.185,-0.591,10.001
91,1.492,-0.776,9.984
91,1.58,-0.259,9.998
91,1.484,-0.156,10.017
91,1.472,-0.012,9.972
91,1.65,-0.256,9.969
91,1.487,-0.429,9.96
91,1.417,-0.414,9.979
91,1.369,-0.527,9.953
91,1.463,-0.555,10.001
91,1.642,-0.254,9.979
91,1.571,-0.237,9.969
91,1.573,-0.055,10.001
91,1.358,0.115,9.974
91,1.563,-0.019,9.996
91,1.496,-0.036,9.969
91,1.516,-0.187,9.96
91,1.726,-0.189,9.969
91,1.472,-0.06,10.022
91,1.487,0.089,9.943
91,1.587,0.192,9.919
91,1.554,0.043,9.996
91,1.391,0.283,9.998
91,1.614,0.057,9.941
91,1.568,0.266,9.929
91,1.676,0.043,9.984
91,1.566,0.129,10.025
91,1.633,0.156,9.991
91,1.693,0.117,9.969
91,1.425,0.304,9.969
91,1.611,0.072,9.977
91,1.53,0.148,10.025
91,1.832,0.074,9.965
91,1.765,0.036,9.967
91,1.398,0.34,9.965
91,1.705,0.115,9.946
91,1.465,0.333,9.972
91,1.231,0.362,9.95
91,1.652,0.208,10.008
91,1.369,0.342,9.967
91,1.302,0.29,9.979
91,1.247,0.316,10.015
91,1.578,0.259,9.936
91,1.063,0.51,9.996
91,1.144,0.57,10.008
91,0.697,0.239,10.029
91,1.523,0.017,9.993
91,1.379,0.091,10.005
91,0.986,0.354,10.032
91,1.211,0.388,9.998
91,1.173,0.666,10.003
91,1.077,0.579,10.015
91,1.195,0.575,9.984
91,1.104,0.476,10.015
91,1.389,0.68,9.943
91,1.142,0.491,10.015
91,1.197,0.57,9.996
91,1.118,0.407,9.998
91,0.711,0.642,10.063
91,0.395,0.433,10.001
91,0.79,0.388,10.032
91,0.852,0.543,10.025
91,0.891,0.096,9.977
91,1.211,0.271,10.025
91,1.156,0.316,10.013
91,1.195,0.448,10.01
91,1.267,0.462,9.981
91,1.269,0.201,10.015
91,1.142,0.479,9.981
91,0.948,0.007,9.955
91,1.044,0.158,9.998
91,1.037,0.098,10.005
91,0.472,-0.254,10.096
91,0.646,-0.247,10.058
91,1.19,-0.098,10.003
91,0.781,0.014,10.036
91,0.931,0.417,10.027
91,1.221,0.17,10.025
91,1.274,-0.11,9.998
91,1.195,-0.134,10.008
91,0.816,-0.115,10.046
91,0.776,-0.443,10.034
91,0.79,-0.433,10.032
91,0.874,-0.371,10.056
91,0.697,-0.591,10.027
91,0.8,-0.752,10.029
91,1.001,-0.618,10.065
91,0.733,-0.622,10.068
91,0.833,-0.711,9.989
91,0.915,-0.73,10.015
91,1.087,-0.663,10.036
91,0.725,-0.694,10.02
91,0.723,-0.419,10.058
91,1.073,-0.591,10.017
91,0.733,-0.297,10.075
91,1.262,-0.62,9.996
91,1.159,-0.565,9.998
91,1.312,-0.608,9.984
91,0.735,-0.505,10.005
91,0.555,-0.376,10.053
91,1.314,-0.558,9.977
91,1.209,-0.579,9.993
91,0.826,-0.45,10.044
91,0.761,-0.429,10.034
91,1.013,-0.34,9.986
91,1.396,-0.405,10.034
91,0.888,-0.591,10.027
91,1.132,-0.441,10.001
91,1.417,-0.433,10.005
91,1.073,-0.476,10.053
91,1.188,-0.462,9.962
91,1.324,-0.342,9.986
91,1.369,-0.462,9.962
91,1.228,-0.302,10.015
91,1.391,-0.29,9.972
91,1.329,-0.292,9.955
91,1.348,-0.373,10.003
91,1.453,-0.273,10.001
91,1.183,-0.235,10.001
91,1.329,-0.342,10.02
91,1.417,-0.45,9.967
91,1.595,-0.407,9.96
91,1.769,-0.206,10.015
91,1.566,-0.309,9.948
91,1.604,-0.273,9.95
91,1.551,-0.278,9.962
91,1.638,-0.316,9.969
91,1.738,-0.275,9.95
91,1.848,-0.275,9.929
91,1.626,-0.172,9.948
91,1.566,-0.16,9.972
91,1.753,-0.127,10.032
91,1.597,-0.069,9.946
91,1.494,-0.079,9.946
91,1.688,-0.311,9.948
91,1.657,-0.189,9.977
91,1.647,-0.22,9.95
91,1.645,-0.194,9.986
91,1.551,-0.199,9.993
91,1.537,-0.105,9.926
91,1.456,0.069,10.013
91,1.537,-0.081,9.974
91,1.599,0.024,9.955
91,1.693,-0.079,9.986
91,1.626,0.117,9.941
91,1.566,0.069,9.974
91,1.525,-0.069,10.022
91,1.511,0.041,10.003
91,1.506,0.156,9.974
91,1.472,-0.043,9.996
91,1.425,0.16,10.005
91,1.377,0.129,9.984
91,1.31,0.156,9.96
91,1.484,-0.072,9.979
91,1.523,0.256,9.977
91,1.439,0.235,9.984
91,1.377,0.419,9.998
91,1.362,0.563,10.003
91,1.379,0.429,9.996
91,1.326,0.455,9.965
91,1.269,0.395,9.989
91,1.288,0.431,10.005
91,1.276,0.362,9.984
91,1.214,0.369,10.01
91,1.24,0.127,9.977
91,1.269,-0.096,10.005
91,1.264,-0.098,10.008
91,1.286,-0.069,10.013
92,1.223,-0.053,10.087
92,1.245,-0.065,9.981
92,1.267,-0.072,10.01
92,1.307,-0.084,9.969
92,1.269,-0.077,10.01
92,1.279,-0.055,9.989
92,1.262,-0.057,10.029
92,1.223,-0.079,10.025
92,1.259,-0.077,9.981
92,1.279,-0.053,9.986
92,1.269,-0.074,9.998
92,1.264,-0.048,10.02
92,0.867,0.283,9.998
92,1.334,-0.11,9.989
92,1.295,-0.029,9.996
92,1.29,0.156,9.979
92,1.271,1.13,9.938
92,1.307,0.824,9.919
92,1.446,0.725,9.957
92,1.341,0.35,9.962
92,1.391,0.376,10.001
92,1.458,0.369,9.993
92,1.472,0.474,9.991
92,1.415,0.273,9.977
92,1.496,0.196,9.984
92,1.621,0.376,9.977
92,1.554,0.326,9.989
92,1.805,0.242,9.948
92,1.465,0.259,9.984
92,1.652,0.065,9.972
92,1.566,0.093,9.998
92,1.621,-0.01,9.912
92,1.856,0.23,9.941
92,1.7,0.139,9.979
92,1.638,-0.038,9.931
92,1.748,0.122,9.926
92,1.872,0.022,9.972
92,1.769,-0.165,9.914
92,1.844,-0.213,9.993
92,1.652,-0.247,9.962
92,1.853,-0.46,9.981
92,1.832,-0.261,9.943
92,1.664,-0.266,9.998
92,1.69,-0.273,9.902
92,1.451,-0.285,10.032
92,1.168,-0.443,10.008
92,1.317,-0.479,10.01
92,1.178,-0.464,9.984
92,1.482,-0.323,9.979
92,1.319,-0.345,10.008
92,1.429,-0.271,10.01
92,1.29,-0.17,9.996
92,1.322,-0.335,9.977
92,1.458,-0.488,10.003
92,1.549,-0.424,10.02
92,1.642,-0.208,10.015
92,1.499,-0.122,9.967
92,0.991,-0.189,10.01
92,1.245,-0.35,10.005
92,1.156,-0.481,10.039
92,1.137,-0.376,9.989
92,0.943,-0.558,9.996
92,1.556,-0.668,9.989
92,1.252,-0.63,10.032
92,1.101,-0.685,9.991
92,1.295,-0.587,9.996
92,1.235,-0.618,10.01
92,1.209,-0.462,10.005
92,1.202,-0.223,10.02
92,1.346,-0.187,9.993
92,1.209,-0.359,10.001
92,1.128,-0.663,10.003
92,1.147,-0.618,10.005
92,1.197,-0.582,10.034
92,1.228,-0.668,10.008
92,1.252,-0.457,10.005
92,0.927,-0.383,10.013
92,0.943,-0.445,10.015
92,1.302,-0.682,10.02
92,0.807,-0.405,10.044
92,0.675,-0.335,10.046
92,1.025,-0.496,10.01
92,0.642,-0.448,10.036
92,0.883,-0.409,10.041
92,0.941,-0.294,10.005
92,1.106,-0.421,10.005
92,0.723,-0.371,10.034
92,0.864,-0.591,10.051
92,0.972,-0.464,9.989
92,1.276,-0.56,10.044
92,1.027,-0.172,10.036
92,0.871,-0.055,10.07
92,0.948,-0.187,9.998
92,0.994,-0.247,10.01
92,0.898,-0.057,10.003
92,0.603,0.084,10.051
92,0.74,-0.093,10.01
92,0.639,-0.292,10.034
92,0.895,0.091,10.053
92,1.31,0.457,9.996
92,1.116,-0.527,10.015
92,1.087,0.043,10.032
92,1.006,0.057,10.044
92,1.08,0,9.993
92,0.881,-0.263,10.027
92,1.109,0.132,9.991
92,0.912,0.292,10.025
92,0.721,0.345,10.048
92,1.204,0.239,10.003
92,0.996,0.378,10.013
92,1.12,0.395,10.02
92,0.922,0.22,10.041
92,0.721,0.002,10.044
92,0.974,0.132,10.051
92,1.068,0.215,10.003
92,0.804,-0.031,10.015
92,0.838,0.081,10.051
92,0.915,-0.055,9.969
92,0.895,0.254,9.998
92,0.974,-0.079,10.032
92,1.02,0.113,10.025
92,1.073,0.357,9.986
92,1.173,0.275,9.981
92,0.917,0.263,9.986
92,0.891,0.402,10.027
92,1.077,0.462,10.003
92,1.166,0.23,9.996
92,0.927,0.287,10.02
92,1.269,0.211,9.962
92,1.539,0.352,9.979
92,1.633,0.172,9.993
92,1.506,0.373,9.946
92,0.936,0.429,10.041
92,0.898,0.268,10.039
92,1.3,0.239,10.027
92,1.501,0.168,9.948
92,1.245,0.165,9.993
92,1.087,0.285,9.989
92,1.468,0.333,9.962
92,1.611,0.354,10.01
92,1.109,0.417,9.993
92,1.063,0.395,9.965
92,1.678,0.132,9.967
92,1.592,0.311,9.967
92,0.852,0.546,10.02
92,1.98,0.084,9.953
92,1.733,0.215,9.967
92,0.773,0.666,10.001
92,1.994,0.06,9.929
92,1.662,0.287,9.946
92,1.858,-0.11,9.979
92,1.556,0.239,9.974
92,1.954,-0.16,9.914
92,1.788,0.041,9.981
92,1.415,0.371,9.989
92,1.678,0.134,9.924
92,1.707,0.057,9.941
92,2.025,-0.194,9.938
92,1.82,-0.065,10.005
92,1.865,-0.017,9.955
92,1.858,-0.144,9.929
92,1.585,0.175,9.965
92,1.666,-0.163,9.931
92,1.741,-0.235,9.967
92,1.413,0.053,9.974
92,1.719,-0.464,9.943
92,1.566,0,9.972
92,1.374,0.043,9.986
92,1.384,-0.321,9.972
92,1.683,-0.395,9.998
92,1.501,-0.852,9.972
92,1.48,-0.843,9.95
92,1.393,-1.149,10.029
92,1.319,-0.421,10.02
92,1.264,-1.135,9.993
92,1.238,-1.312,9.986
92,1.211,-0.905,10.015
92,1.228,-0.661,10.025
92,1.286,-0.158,9.979
92,1.295,-0.089,10.01
92,1.276,-0.045,10.008
92,1.231,-0.086,10.025
92,1.269,-0.101,9.979
97,1.221,-0.067,10.07
97,1.269,-0.062,9.972
97,1.264,-0.053,10.017
97,1.298,-0.065,9.974
97,-4.156,-0.69,10.513
97,-0.002,0.098,10.056
97,0.675,0.072,10.044
97,0.687,-0.043,10.02
97,0.249,0.481,10.036
97,0.974,0.093,9.996
97,1.812,-0.081,9.977
97,0.742,0.34,10.068
97,1.223,0.101,9.972
97,0.421,0.462,10.072
97,0.895,0.333,10.02
97,1.338,0.175,9.996
97,1.032,0.256,10.034
97,1.518,0.148,9.969
97,1.35,0.184,10.01
97,1.444,0.177,9.998
97,1.338,0.225,9.991
97,0.773,0.462,10.027
97,1.295,0.089,10.003
97,1.346,0.105,9.957
97,1.338,0.199,9.986
97,1.41,-0.053,9.993
97,1.156,0.084,10.044
97,1.446,0.048,9.957
97,1.484,0.06,9.972
97,1.358,0.22,9.989
97,1.556,0.105,9.955
97,1.389,0.239,9.993
97,1.836,0.031,9.943
97,1.908,-0.034,9.953
97,2.114,-0.208,9.953
97,1.401,0.251,9.989
97,1.604,-0.041,9.965
97,2.169,-0.069,9.962
97,1.24,0.412,9.998
97,1.448,0.06,9.993
97,1.686,0.074,9.955
97,1.518,0.268,10.001
97,1.755,0.05,9.979
97,1.477,0.204,9.965
97,1.956,-0.019,9.957
97,1.906,0.014,9.917
97,1.647,0.225,9.965
97,1.745,0,9.974
97,1.8,-0.146,9.955
97,1.906,0.105,9.936
97,1.532,0.225,9.972
97,1.602,-0.33,9.929
97,1.686,-0.347,9.974
97,2.004,-0.211,9.938
97,1.657,-0.081,9.969
97,1.707,-0.072,9.974
97,1.748,0.005,9.938
97,1.707,-0.079,9.998
97,1.645,-0.043,9.986
97,1.597,-0.206,9.967
97,1.827,-0.215,9.969
97,1.889,-0.443,9.96
97,1.992,-0.579,9.946
97,1.688,-0.376,9.984
97,1.544,-0.397,9.962
97,1.573,-0.227,9.991
97,1.197,-0.563,10.02
97,1.355,-0.326,9.972
97,1.599,-0.661,10.017
97,1.618,-0.632,9.989
97,1.652,-0.28,9.931
97,1.616,-0.18,9.984
97,1.405,-0.18,9.986
97,1.116,-0.338,9.989
97,1.654,-0.634,9.95
97,1.504,-0.481,9.996
97,1.437,-0.383,9.986
97,1.211,0.055,10.051
97,0.962,-0.249,9.991
97,1.197,-0.565,10.008
97,1.171,-0.474,9.979
97,1.271,-0.503,9.984
97,1.494,-0.297,10.029
97,1.125,-0.409,10.02
97,1.221,-0.433,9.989
97,0.934,-0.311,10.022
97,0.967,-0.261,10.003
97,1.286,-0.354,9.993
97,1.595,-0.208,9.96
97,1.123,0.089,10.068
97,1.659,-0.479,10.039
97,0.658,0.172,9.986
97,1.259,-0.065,10.025
97,1.046,-0.268,10.001
97,0.802,-0.373,10.041
97,1.334,-0.575,9.977
97,1.257,-0.589,9.989
97,1.156,-0.405,9.989
97,1.128,-0.409,10.041
97,0.903,-0.496,9.996
97,0.826,-0.426,10.029
97,1.185,-0.354,10.001
97,0.96,-0.199,10.008
97,0.601,0.017,10.041
97,0.464,-0.077,10.075
97,0.759,-0.261,10.048
97,1.235,-0.639,9.984
97,1.791,-0.517,9.974
97,0.888,-0.194,10.034
97,0.929,-0.654,10.027
97,1.221,-0.747,10.001
97,0.86,-0.764,10.008
97,0.977,-0.57,10.027
97,0.393,-0.51,10.104
97,0.816,-0.476,10.06
97,0.448,-0.22,10.053
97,0.742,-0.309,10.034
97,0.433,-0.034,10.084
97,1.015,0.091,10.008
97,0.867,0.168,10.001
97,0.941,0.098,10.036
97,0.73,-0.096,10.041
97,0.654,-0.754,10.058
97,1.058,-0.814,10.02
97,1.065,-0.642,10.039
97,1.097,-0.201,9.962
97,0.9,0.366,10.013
97,1.338,0.534,10.013
97,0.785,0.424,10.044
97,0.821,0.311,10.053
97,0.781,0.373,10.051
97,0.632,0.39,10.065
97,1.116,0.321,10.013
97,0.848,0.227,10.025
97,0.95,0.091,10.001
97,0.943,0.029,10.022
97,1.132,-0.122,10.008
97,1.425,0.053,9.993
97,1.362,0.117,9.95
97,1.027,0.424,10.02
97,1.219,0.29,9.969
97,1.056,0.371,10.025
97,0.754,0.194,10.015
97,0.749,0.055,10.015
97,0.955,0.074,10.025
97,0.706,0.067,10.022
97,0.986,-0.11,9.993
97,1.149,0.141,10.008
97,1.132,0.22,10.005
97,1.367,0.335,10.001
97,1.477,0.306,10.015
97,1.286,0.323,10.01
97,1.587,0.309,9.948
97,1.456,0.414,9.957
97,1.159,0.196,9.998
97,1.094,0.048,10.046
97,1.056,0.084,9.984
97,1.307,0.038,10.017
97,1.595,0.132,9.993
97,1.346,0.117,9.953
97,1.322,0.06,9.991
97,1.271,-0.005,10.027
97,1.185,0.048,10.027
97,1.322,0.108,10.013
97,1.772,0.026,9.965
97,1.707,0.065,9.953
97,1.393,0.06,9.969
97,1.312,0.057,9.981
97,1.329,0.11,10.013
97,1.173,-0.01,9.996
97,1.372,0.038,9.991
97,1.381,-0.029,10.022
97,1.659,-0.172,9.946
97,0.986,0.062,10.036
97,1.384,-0.146,9.993
97,1.812,-0.144,9.943
97,1.12,0.093,10.01
97,1.346,-0.148,9.989
97,1.815,-0.213,9.981
97,2.049,-0.062,9.979
97,0.558,0.211,10.051
97,1.499,-0.139,9.972
97,1.46,-0.129,9.998
97,1.647,-0.141,9.967
97,1.872,-0.302,9.974
97,1.932,-0.141,9.912
97,1.499,-0.048,10.001
97,1.592,-0.05,9.953
97,1.918,-0.122,9.96
97,1.815,-0.158,9.948
97,1.671,-0.084,9.96
97,1.36,-0.081,9.955
97,1.281,-0.081,9.991
97,1.276,-0.067,10.015
97,1.262,-0.069,9.993
97,1.288,-0.081,10.003
97,1.264,-0.089,9.991
97,1.274,-0.069,9.993
97,1.276,-0.072,9.998
97,1.257,-0.053,10.015
97,1.262,-0.072,10.008
97,1.262,-0.065,10.008
97,1.283,-0.055,10.01
97,1.257,-0.069,10.034
97,1.259,-0.077,9.991
98,1.281,-0.089,9.998
98,1.279,-0.048,9.974
98,1.267,-0.065,10.051
98,1.262,-0.091,10.013
98,1.29,-0.072,9.972
98,1.274,-0.057,10.001
98,1.286,-0.074,9.991
98,1.25,-0.072,10.001
98,1.274,-0.057,10.032
98,1.286,-0.081,9.984
98,1.286,-0.091,9.972
98,1.255,-0.057,10.003
98,1.283,-0.053,10.015
98,1.276,-0.084,9.974
98,1.269,-0.077,9.986
98,1.259,-0.065,9.991
98,3.431,-0.752,9.677
98,1.626,-0.06,9.967
98,1.36,-0.101,10.008
98,1.056,0.01,10.001
98,2.14,-0.132,9.919
98,1.69,0.031,10.013
98,1.853,0.034,9.943
98,1.7,-0.022,9.965
98,1.798,-0.024,10.001
98,1.705,-0.026,10.003
98,1.779,-0.062,9.974
98,1.784,-0.158,9.912
98,1.621,-0.11,9.967
98,1.398,0.273,9.986
98,1.592,0.141,9.981
98,1.69,0.079,9.998
98,1.434,0.184,10.001
98,1.611,-0.007,9.929
98,1.389,0.01,9.965
98,1.226,0.251,9.972
98,1.355,0.223,9.979
98,1.391,0.244,9.991
98,1.35,0.146,9.998
98,1.312,0.266,10.001
98,1.381,0.383,9.979
98,1.367,0.254,10.008
98,1.29,0.081,9.957
98,1.204,0.127,9.991
98,1.235,0.244,9.977
98,1.099,0.227,9.986
98,0.56,0.247,10.096
98,1.161,0.469,9.953
98,1.092,0.294,9.996
98,1.281,0.362,9.993
98,1.135,0.395,9.953
98,1.027,0.278,10.046
98,1.164,0.165,10.003
98,1.367,0.45,9.991
98,1.161,0.275,10.017
98,1.037,0.177,10.022
98,1.058,0.357,9.979
98,0.984,0.369,10.058
98,0.838,0.376,9.981
98,1.008,0.304,10.029
98,0.998,0.335,10.01
98,1.161,0.385,10.02
98,1.022,0.323,10.015
98,1.02,0.333,10.041
98,0.687,0.333,10.044
98,0.584,0.194,10.084
98,0.886,0.029,10.017
98,0.814,0.103,10.07
98,1.185,0.05,9.989
98,1.302,0.201,9.962
98,0.67,0.247,10.041
98,0.862,0.395,10.029
98,1.135,0.069,10.027
98,0.953,-0.172,10.039
98,0.668,-0.146,10.063
98,0.716,-0.144,10.039
98,0.826,-0.469,10.039
98,0.962,-0.649,10.039
98,0.68,-0.675,10.025
98,0.749,-0.582,10.048
98,1.015,-0.694,10.044
98,0.814,-0.563,10.036
98,0.91,-0.891,9.991
98,0.721,-0.694,10.046
98,0.812,-0.69,10.027
98,0.831,-0.888,10.053
98,0.697,-0.601,10.041
98,1.061,-0.754,9.984
98,0.828,-0.491,10.005
98,1.073,-0.536,10.022
98,1.573,-0.594,10.01
98,0.778,-0.412,10.041
98,0.749,-0.35,10.063
98,1.063,-0.28,10.017
98,1.386,-0.283,9.991
98,0.685,-0.184,10.039
98,1.585,-0.239,9.96
98,0.819,-0.306,10.02
98,1.037,-0.393,10.07
98,1.037,-0.223,10.032
98,1.36,-0.057,9.977
98,1.252,-0.311,9.998
98,1.336,-0.218,10.008
98,1.235,-0.12,10.001
98,1.02,-0.249,10.017
98,1.216,-0.122,10.005
98,1.154,-0.127,10.01
98,1.422,-0.393,9.96
98,1.489,-0.373,10.003
98,1.302,-0.227,9.986
98,1.156,-0.397,9.986
98,1.338,-0.299,9.986
98,1.324,-0.29,9.989
98,1.238,-0.287,9.969
98,1.405,-0.254,9.977
98,1.257,-0.271,10.02
98,1.516,-0.402,9.977
98,1.539,-0.33,9.974
98,1.338,-0.261,9.998
98,1.403,-0.359,9.979
98,1.516,-0.223,9.969
98,1.448,-0.211,9.943
98,1.31,-0.146,10.001
98,1.329,-0.256,9.986
98,1.422,-0.165,10.013
98,1.401,-0.192,9.991
98,1.499,-0.321,9.991
98,1.118,-0.309,10.048
98,1.451,-0.215,9.955
98,1.539,-0.247,9.941
98,1.714,-0.263,9.905
98,1.566,-0.304,9.986
98,1.391,-0.347,9.981
98,1.463,-0.201,9.981
98,1.432,-0.388,9.938
98,1.626,-0.271,9.96
98,1.508,-0.249,10.003
98,1.654,-0.06,9.984
98,1.597,-0.117,9.969
98,1.528,-0.043,9.972
98,1.511,-0.067,9.998
98,1.504,-0.237,9.979
98,1.626,-0.086,9.989
98,1.448,-0.172,9.957
98,1.47,-0.089,10.003
98,1.528,-0.096,9.969
98,1.559,-0.072,9.977
98,1.434,-0.177,9.977
98,1.417,-0.084,9.986
98,1.535,-0.153,9.96
98,1.456,-0.124,10.001
98,1.384,-0.122,9.955
98,1.341,-0.287,9.974
98,1.386,-0.28,9.986
98,1.453,-0.326,9.972
98,1.427,-0.235,10.022
98,1.58,-0.136,9.938
98,1.53,0,10.003
98,1.559,-0.036,10.005
98,1.599,-0.077,9.95
98,1.439,-0.053,9.984
98,1.41,-0.101,9.977
98,1.496,-0.077,10.001
98,1.472,-0.041,9.974
98,1.494,-0.12,9.979
98,1.681,-0.292,9.974
98,1.571,-0.136,9.974
98,1.618,-0.108,9.955
98,1.542,-0.057,9.969
98,1.556,-0.204,9.967
98,1.645,-0.225,9.984
98,1.587,-0.187,9.998
98,1.7,-0.182,9.972
98,1.537,-0.062,9.991
98,1.633,-0.146,9.96
98,1.597,-0.163,9.946
98,1.42,0.122,10.005
98,1.523,0.026,9.969
98,1.568,-0.002,9.969
98,1.496,0.239,9.984
98,1.506,0.146,9.986
98,1.647,0.16,9.989
98,1.398,0.263,9.957
98,1.532,0.249,9.984
98,1.616,0.237,9.938
98,1.156,0.299,10.034
98,1.257,0.113,10.008
98,1.47,0.055,9.993
98,1.501,0.055,9.986
98,0.967,0.266,10.015
98,0.862,0.323,10.02
98,0.86,0.134,10.029
98,1.312,0.007,9.998
98,1.19,0.065,10.003
98,1.135,-0.031,10.003
98,1.31,0.002,10.039
98,1.25,-0.005,9.996
98,1.259,-0.024,10.02
98,0.943,0.184,10.01
98,0.967,0.005,10.008
98,1.199,-0.031,10.001
98,1.312,-0.091,10.017
98,0.831,0.268,10.015
98,0.979,0.093,10.015
98,1.176,-0.215,10.005
98,1.056,0.026,10.001
98,0.852,-0.034,10.005
98,1.01,-0.067,9.993
98,1.094,-0.053,10.041
98,1.513,-0.249,9.991
98,0.776,0.151,10.044
98,0.898,-0.055,10.034
98,0.812,0.077,10.058
98,0.802,-0.077,9.996
98,0.591,0.002,10.022
98,0.532,0.065,10.065
98,0.493,0.11,10.044
98,0.831,0.036,10.02
98,1.104,-0.072,10.01
98,1.188,-0.079,9.996
100,1.178,-0.038,10.008
100,1.19,-0.038,10.032
100,1.25,-0.045,9.989
100,1.262,-0.05,10.005
100,1.257,-0.06,10.013
100,1.226,-0.043,10.046
100,1.209,-0.053,9.998
100,1.209,-0.026,9.996
100,1.216,-0.069,10.003
100,1.233,-0.05,10.022
100,1.252,-0.084,9.936
100,1.24,-0.055,10.015
100,1.214,-0.038,10.029
100,1.228,-0.062,10.013
100,1.252,-0.079,10.013
100,1.137,0.05,9.898
100,1.209,-0.5,10.039
100,1.276,-0.644,9.993
100,1.257,-1.025,9.993
100,1.255,-0.905,9.993
100,1.097,-0.675,10.034
100,1.056,-0.855,10.041
100,0.977,-0.934,9.996
100,0.982,-1.008,10.027
100,0.939,-0.749,9.996
100,1.106,-0.57,10.044
100,1.032,-0.488,10.022
100,0.97,-0.632,10.025
100,1.075,-0.524,9.974
100,0.924,-0.101,10.048
100,1.523,0.014,9.984
100,1.425,-0.151,10.029
100,0.876,-0.06,9.974
100,0.474,-0.096,10.06
100,1.02,0.072,9.986
100,0.797,0.026,10.048
100,0.642,0.108,10.046
100,0.637,-0.041,9.977
100,0.941,0.163,10.046
100,0.476,0.553,10.08
100,0.441,0.493,10.056
100,0.675,0.33,10.058
100,0.649,0.453,9.977
100,1.025,0.529,9.986
100,0.871,0.443,10.025
100,0.939,0.345,10.003
100,1.082,0.543,9.974
100,0.927,0.642,10.041
100,0.371,0.675,10.108
100,0.661,0.496,10.027
100,1.384,0.412,9.962
100,1.132,0.728,10.053
100,0.812,0.668,10.003
100,1.441,0.328,9.95
100,1.427,0.338,9.962
100,-0.072,1.061,10.135
100,1.125,0.328,10.017
100,2.112,0.036,9.893
100,2.337,0.01,9.919
100,0.515,0.757,10.094
100,1.839,0.024,9.967
100,1.887,0.136,9.883
100,1.053,0.52,10.02
100,1.3,0.28,9.989
100,1.738,0.211,9.967
100,1.978,0.091,9.955
100,1.413,0.546,9.989
100,1.542,0.385,9.965
100,1.542,0.275,9.95
100,1.034,0.747,10.034
100,1.899,0.127,9.948
100,2.43,0.002,9.905
100,1.247,0.646,9.996
100,2.16,-0.168,9.917
100,1.798,0.237,9.917
100,1.678,0.378,9.984
100,1.781,0.158,9.96
100,1.985,0.141,9.9
100,1.982,0.139,9.936
100,2.394,-0.254,9.924
100,1.755,0.196,9.943
100,1.719,0.055,9.986
100,1.578,0.089,9.977
100,1.678,0.132,10.008
100,1.738,0.055,9.965
100,1.614,0.256,9.974
100,1.391,0.156,9.996
100,1.19,0.737,9.984
100,1.894,0.393,10.003
100,2.009,0.093,9.953
100,1.978,-0.086,9.893
100,1.968,-0.34,9.991
100,1.86,-0.105,9.931
100,1.858,0.05,9.967
100,1.693,0.433,9.914
100,1.781,0.053,9.953
100,1.719,-0.206,9.96
100,1.714,-0.175,9.914
100,1.563,-0.132,10.015
100,1.858,-0.314,9.965
100,1.709,-0.124,9.974
100,1.642,-0.163,9.953
100,1.82,-0.256,9.922
100,1.779,-0.469,9.943
100,1.693,-0.498,9.967
100,1.458,-0.493,9.967
100,1.817,-0.972,9.984
100,1.779,-1.051,9.972
100,1.82,-0.991,9.965
100,1.614,-0.795,10.01
100,1.439,-0.86,9.965
100,1.358,-0.761,10.039
100,1.501,-0.836,10.005
100,1.489,-0.802,9.984
100,1.324,-0.424,10.001
100,1.42,-0.503,9.974
100,1.539,-0.57,10.001
100,1.437,-0.599,9.962
100,1.367,-0.431,10.022
100,1.429,-0.249,9.998
100,1.422,-0.242,9.986
100,1.417,-0.294,9.974
100,1.52,-0.625,9.972
100,1.381,-0.362,10.01
100,1.267,-0.369,9.986
100,1.255,-0.469,9.96
100,1.348,-0.527,9.974
100,1.678,-0.63,9.969
100,1.561,-0.663,10.001
100,1.252,-0.419,9.962
100,1.487,-0.611,10.025
100,0.757,-0.4,10.077
100,1.041,-0.383,10.025
100,1.039,-0.242,9.972
100,1.274,-0.414,10.017
100,0.934,-0.357,10.053
100,1.051,-0.275,9.943
100,0.848,-0.239,10.008
100,1.051,-0.419,10.029
100,1.223,-0.342,10.001
100,0.903,-0.187,10.056
100,0.883,-0.225,9.974
100,1.101,-0.266,10.001
100,0.625,-0.093,10.048
100,0.8,-0.165,10.06
100,0.85,-0.089,10.036
100,0.632,-0.129,10.025
100,0.74,-0.089,10.046
100,0.606,-0.117,10.056
100,1.159,-0.462,10.034
100,0.824,-0.39,10.003
100,1.262,-0.271,10.008
100,0.642,-0.184,10.056
100,0.668,-0.053,10.084
100,0.91,-0.105,9.979
100,0.85,0.026,10.01
100,0.79,-0.034,10.008
100,1.202,-0.268,10.063
100,0.898,-0.072,10.06
100,1.12,-0.189,10.01
100,1.14,0.014,10.005
100,1.24,-0.225,9.993
100,0.915,-0.124,10.015
100,1.185,-0.113,9.977
100,1.235,-0.022,9.998
100,0.97,0.318,10.032
100,1.142,0.199,10.02
100,1.092,0.479,10.013
100,1.24,0.23,9.979
100,1.192,0.227,9.989
100,1.343,0.129,9.962
100,1.211,0.024,9.991
100,1.252,-0.124,10.008
100,1.104,0,9.989
100,1.197,0.069,10.005
100,1.202,0.261,9.989
100,1.262,0.678,10.005
100,1.336,0.879,9.984
100,1.372,0.864,9.953
100,1.319,0.917,10.01
100,1.211,0.658,9.993
100,1.216,0.225,10.003
100,1.257,-0.026,10.017
100,1.264,-0.11,9.979
100,1.274,-0.057,9.989
100,1.269,-0.069,9.986
100,1.271,-0.055,9.991
101,1.257,-0.077,10.003
101,1.259,-0.069,10.051
101,1.29,-0.057,9.979
101,1.267,-0.091,10.008
101,1.267,-0.062,9.989
101,1.243,-0.074,10.025
101,1.259,-0.067,9.989
101,1.255,-0.067,9.969
101,1.262,-0.067,10.013
101,1.271,-0.045,9.977
101,1.255,-0.062,10.036
101,1.274,-0.036,10.003
101,1.279,-0.101,10.015
101,1.377,0.438,9.977
101,1.192,0.383,9.996
101,1.173,0.397,9.902
101,1.128,0.622,10.015
101,1.125,0.857,10.082
101,1.195,0.541,10.029
101,0.967,0.73,10.029
101,1.123,0.357,10.017
101,1.063,0.414,10.001
101,1.128,0.563,10.029
101,1.197,0.194,9.989
101,1.08,0.084,10.056
101,1.073,0.18,10.008
101,0.974,0.184,10.056
101,0.735,0.091,10.08
101,1.044,-0.101,10.022
101,0.936,-0.153,10.003
101,0.929,-0.005,10.025
101,1.092,-0.251,9.981
101,0.967,-0.139,10.058
101,1.039,-0.414,10.032
101,0.718,-0.369,10.013
101,0.804,-0.273,9.989
101,1.12,-0.39,10.063
101,0.529,-0.079,10.027
101,1.211,-0.426,10.008
101,0.907,-0.328,10.046
101,0.946,-0.46,10.065
101,0.412,-0.34,10.022
101,1.044,-0.364,10.046
101,0.654,-0.323,10.013
101,1.006,-0.429,10.008
101,0.91,-0.496,9.998
101,1.099,-0.644,10.013
101,0.807,-0.417,10.032
101,0.991,-0.417,10.041
101,0.68,-0.429,10.029
101,0.694,-0.46,10.104
101,1.434,-0.725,9.989
101,0.618,-0.4,10.046
101,0.716,-0.357,9.996
101,0.584,-0.618,10.094
101,0.608,-0.541,10.07
101,1.453,-0.725,9.965
101,1.276,-0.733,9.972
101,1.489,-0.529,9.989
101,1.98,-0.512,9.948
101,1.293,-0.259,9.972
101,1.362,-0.314,9.922
101,1.417,-0.424,10.041
101,1.341,-0.306,10.034
101,1.302,-0.469,10.005
101,1.367,-0.357,9.922
101,1.736,-0.259,9.969
101,1.592,-0.297,10.001
101,1.966,-0.388,9.938
101,1.757,-0.338,9.991
101,1.709,-0.266,9.972
101,1.812,-0.352,9.934
101,1.611,-0.22,9.972
101,1.432,-0.39,10.001
101,1.659,-0.369,10.003
101,1.535,-0.409,9.962
101,1.343,-0.378,10.001
101,1.396,-0.354,10.001
101,1.585,-0.39,9.962
101,1.738,-0.28,9.943
101,1.815,-0.33,9.974
101,1.822,-0.484,9.967
101,1.954,-0.239,9.941
101,1.817,-0.299,9.943
101,1.906,-0.103,9.948
101,1.992,0.034,9.962
101,1.808,0.06,9.936
101,1.75,0.067,9.986
101,1.721,-0.29,9.946
101,1.69,-0.045,9.977
101,1.779,-0.215,9.948
101,1.298,0.089,9.96
101,1.458,0.129,9.991
101,1.587,-0.283,9.955
101,1.537,0.055,9.943
101,1.585,-0.074,9.986
101,1.642,-0.168,9.993
101,1.535,-0.127,9.981
101,1.683,-0.385,9.924
101,1.686,-0.127,9.984
101,1.566,0.005,9.974
101,1.494,0.029,9.979
101,1.518,-0.065,9.996
101,1.731,-0.271,9.962
101,1.525,-0.113,9.981
101,1.812,0.057,9.969
101,1.592,0.261,9.962
101,1.381,0.429,9.977
101,1.532,0.074,9.955
101,1.523,-0.031,9.957
101,1.458,0.163,9.979
101,1.499,0.28,9.993
101,1.362,0.402,10.01
101,1.465,0.393,9.962
101,1.666,0.144,9.946
101,1.36,0.426,9.957
101,1.561,0.34,9.974
101,1.63,0.211,10.017
101,1.434,0.345,9.974
101,1.369,0.314,9.967
101,1.748,-0.081,9.967
101,1.216,0.213,10.005
101,1.252,0.354,9.979
101,1.199,0.182,10.029
101,1.453,0.038,9.984
101,1.132,0.285,10.008
101,1.446,0.165,9.96
101,1.463,0.206,10.017
101,1.585,0.165,9.972
101,1.492,0.189,9.941
101,1.535,0.201,9.955
101,1.834,0.05,9.953
101,1.551,0.098,9.972
101,1.571,0.103,10.013
101,0.948,0.4,10.041
101,1.341,0.208,9.974
101,1.207,0.278,9.967
101,0.917,0.251,9.972
101,1.058,-0.086,10.001
101,0.922,0.177,10.046
101,1.583,0.127,10.034
101,1.305,0.115,10.017
101,0.716,0.278,10.022
101,1.336,0.321,9.972
101,1.674,0.338,10.02
101,1.058,0.364,10.003
101,1.372,0.232,9.979
101,1.408,0.053,9.974
101,1.58,0.103,9.977
101,1.259,0.29,9.986
101,0.646,0.127,10.048
101,1.075,0.165,10.01
101,1.006,-0.01,9.979
101,0.883,0.189,10.008
101,0.644,0.304,10.032
101,0.512,0.165,10.08
101,0.771,0.254,10.044
101,1.137,0.187,10.003
101,1.216,0.175,9.979
101,0.792,0.024,9.996
101,0.929,0.026,10.022
101,0.929,0.247,10.027
101,0.599,0.158,10.039
101,0.917,0.065,10.032
101,1.027,0.213,10.046
101,0.91,0.012,10.017
101,0.821,0.089,10.048
101,0.886,-0.017,10.02
101,0.883,-0.237,10.041
101,1.164,-0.256,9.993
101,1.018,-0.072,10.008
101,1.041,0.05,10.01
101,1.149,-0.402,10.001
101,1.417,-0.321,10.022
101,1.336,-0.271,10.039
101,1.195,-0.144,10.025
101,1.12,-0.409,9.984
101,1.243,-0.34,10.003
101,1.159,-0.742,9.998
101,0.977,-0.812,9.998
101,1.221,-0.706,10.008
101,1.118,-0.62,9.996
101,1.082,-0.97,10.013
101,1.094,-0.984,9.998
101,1.14,-0.713,9.993
101,1.226,-0.163,10.005
101,1.223,-0.05,9.998
101,1.25,-0.055,9.981
101,1.238,-0.105,10.027
101,1.235,-0.079,10.034
101,1.255,-0.086,10.001
101,1.226,-0.072,9.965
101,1.255,-0.062,9.967
101,1.252,-0.062,10.032
101,1.252,-0.079,10.01
101,1.243,-0.06,10.015
101,1.235,-0.048,9.991
101,1.252,-0.077,9.996
101,1.245,-0.067,10.008
101,1.255,-0.086,10.01
101,1.235,-0.067,10.032
102,1.159,0.036,9.972
102,1.159,-0.012,10.084
102,1.271,-0.077,9.967
102,1.271,-0.06,9.996
102,1.24,-0.069,9.989
102,1.247,-0.084,9.996
102,1.238,-0.012,10.041
102,1.264,-0.072,10.025
102,1.226,-0.079,10.015
102,1.221,-0.029,10.005
102,1.257,-0.067,10.001
102,-1.279,-0.113,9.926
102,0.273,-0.527,9.989
102,1.159,-0.409,9.957
102,-0.35,-0.517,10.022
102,-0.218,-0.491,10.18
102,0.23,-0.472,10.044
102,0.644,-0.342,10.058
102,0.761,-0.39,9.993
102,0.752,-0.35,10.077
102,1.116,-0.362,9.979
102,0.654,-0.175,10.082
102,1.049,-0.28,10.001
102,1.549,-0.366,10.005
102,0.941,-0.237,9.941
102,1.219,-0.225,10.07
102,1.228,-0.194,10.036
102,0.977,-0.364,10.01
102,1.317,-0.56,9.989
102,1.848,-0.335,9.96
102,1.389,-0.378,9.977
102,1.733,-0.572,10.022
102,1.63,-0.381,9.914
102,1.446,-0.247,9.989
102,1.504,-0.309,9.981
102,1.575,-0.433,9.998
102,1.389,-0.22,9.955
102,1.518,-0.151,9.95
102,1.554,-0.096,9.996
102,1.561,-0.326,9.955
102,1.8,-0.299,9.962
102,1.705,-0.347,9.974
102,1.571,-0.326,9.986
102,1.664,-0.23,9.969
102,1.681,-0.364,9.948
102,1.784,-0.247,9.962
102,1.817,-0.467,9.981
102,1.697,-0.438,9.943
102,1.652,-0.385,9.948
102,1.911,-0.469,9.957
102,1.935,-0.402,9.905
102,1.944,-0.184,9.943
102,1.805,-0.005,9.969
102,1.942,-0.074,9.941
102,2.037,-0.429,9.919
102,1.903,-0.302,9.926
102,1.997,-0.414,9.941
102,2.105,-0.103,9.9
102,1.93,0.194,9.926
102,2.193,-0.294,9.919
102,2.011,0.208,9.943
102,2.081,0.067,9.914
102,1.997,-0.031,9.938
102,2.26,-0.405,9.914
102,1.776,0.182,10.01
102,1.52,0.543,9.991
102,2.006,0.208,9.914
102,2.133,0.165,9.929
102,1.432,0.931,9.972
102,1.104,0.895,9.981
102,1.686,0.412,9.957
102,1.365,0.558,9.962
102,0.812,0.656,10.06
102,1.41,0.426,9.943
102,1.36,0.433,9.993
102,1.623,0.278,9.948
102,1.298,0.575,10.015
102,0.864,0.575,10.036
102,1.867,0.002,9.907
102,1.173,0.661,9.986
102,1.298,0.397,9.967
102,0.855,0.517,10.029
102,1.42,0.227,9.986
102,0.912,0.608,10.044
102,0.579,0.512,10.041
102,0.56,0.388,10.053
102,1.501,0.055,9.953
102,1.712,0.201,9.957
102,0.84,0.132,10.072
102,0.797,0.156,10.041
102,1.07,0.323,9.972
102,1.647,0.323,9.965
102,1.231,0.235,10.008
102,1.092,0.474,10.001
102,1.664,0.469,9.953
102,1.721,0.441,9.962
102,1.336,0.474,10.003
102,1.101,0.101,10.02
102,0.8,0.204,10.046
102,0.649,0.115,10.046
102,1.01,0.268,10.01
102,1.051,0.158,10.046
102,0.821,0.263,10.025
102,0.704,0.261,10.022
102,0.783,0.146,10.044
102,0.907,0.345,10.01
102,1.008,0.314,10.048
102,1.125,0.402,10.025
102,1.104,0.321,9.965
102,0.838,0.417,10.013
102,0.953,0.287,10.015
102,0.821,0.134,10.029
102,0.977,0.441,10.034
102,0.876,0.34,9.991
102,0.735,0.175,10.036
102,0.644,0.086,10.032
102,0.429,0.194,10.07
102,0.663,0.182,10.032
102,0.57,0.069,10.015
102,0.891,-0.366,10.056
102,0.713,-0.278,10.036
102,0.575,-0.309,10.036
102,0.783,-0.417,10.065
102,0.625,-0.431,10.01
102,0.278,-0.397,10.051
102,0.457,-0.646,10.056
102,0.534,-0.433,10.034
102,0.579,0.048,10.065
102,0.642,-0.469,10.036
102,1.271,-1.02,10.003
102,1.18,-0.792,10.013
102,0.038,-0.306,10.089
102,0.328,-0.168,10.048
102,1.492,-0.486,9.972
102,1.207,-0.627,10.041
102,0.227,-0.273,10.104
102,0.101,-0.302,10.058
102,0.982,-0.45,10.032
102,1.168,-0.436,10.015
102,0.84,-0.618,10.02
102,0.891,-0.45,10.036
102,0.955,-0.352,10.084
102,1.69,-0.543,9.953
102,1.24,-0.251,9.972
102,1.451,-0.311,9.962
102,1.446,-0.333,10.022
102,1.422,-0.28,9.989
102,1.891,-0.34,9.984
102,1.456,-0.259,9.953
102,1.307,-0.026,9.967
102,1.695,-0.093,10.001
102,1.666,-0.093,9.96
102,1.267,-0.146,10.003
102,1.511,-0.235,9.991
102,1.489,-0.218,9.962
102,1.144,-0.074,9.986
102,1.535,-0.239,9.972
102,1.549,-0.158,9.974
102,1.52,-0.124,9.981
102,1.544,-0.098,9.986
102,1.508,-0.034,9.996
102,1.659,-0.132,9.974
102,1.616,-0.206,10.005
102,1.786,-0.278,9.941
102,2.011,-0.038,9.977
102,1.338,0.017,9.998
102,1.386,-0.084,9.998
102,1.642,-0.23,9.967
102,1.8,-0.067,9.972
102,1.779,-0.06,9.941
102,1.676,-0.038,9.986
102,1.82,0.156,9.929
102,1.7,0.072,9.981
102,1.671,0.17,9.967
102,1.269,-0.041,9.998
102,1.257,-0.048,10.01
102,1.24,-0.053,10.02
102,1.235,-0.069,10.003
102,1.238,-0.053,10.029
102,1.216,-0.084,10.025
102,1.267,-0.072,9.981
103,1.233,-0.057,10.017
103,1.262,-0.048,9.993
103,1.264,-0.062,9.996
103,1.264,-0.084,9.957
103,1.276,-0.034,10.022
103,1.262,-0.069,9.957
103,1.233,-0.074,10.053
103,1.281,-0.053,9.969
103,1.298,-0.074,9.957
103,1.247,-0.077,9.969
103,1.259,-0.06,9.977
103,1.271,-0.055,10.008
103,1.252,-0.077,9.993
103,1.288,-0.079,9.981
103,1.271,-0.036,10.005
103,1.276,-0.034,10.017
103,1.281,-0.081,9.979
103,1.276,-0.084,9.974
103,1.288,-0.06,10.01
103,1.238,-0.048,10.013
103,4.882,0.024,9.692
103,1.815,0.134,10.005
103,1.554,0.105,9.965
103,1.899,0.019,9.967
103,2.444,0.019,9.91
103,2.296,0.134,9.926
103,2.057,0.175,9.965
103,2.184,-0.124,9.919
103,2.04,-0.294,9.914
103,1.822,-0.263,9.965
103,1.791,-0.16,10.017
103,1.396,-0.227,9.972
103,1.422,-0.194,9.955
103,1.551,-0.081,9.986
103,1.492,-0.093,10.015
103,1.173,-0.122,10.005
103,1.372,-0.278,9.974
103,1.082,-0.117,10.044
103,1.46,-0.297,9.919
103,1.381,-0.211,10.001
103,1.07,-0.271,9.984
103,1.065,-0.206,10.027
103,1.03,-0.369,9.996
103,0.824,-0.352,10.005
103,0.848,-0.39,10.015
103,1.018,-0.429,9.986
103,1.147,-0.438,9.993
103,0.773,-0.187,10.051
103,0.946,-0.486,9.974
103,0.891,-0.259,10.025
103,0.539,-0.287,10.029
103,1.173,-0.515,9.993
103,0.881,-0.223,10.053
103,0.778,-0.182,10.041
103,1.269,-0.453,10.015
103,1.058,-0.201,9.991
103,0.824,-0.259,10.025
103,1.018,-0.35,10.003
103,1.257,-0.685,10.001
103,0.972,-0.385,10.06
103,0.871,-0.532,9.986
103,1.338,-0.826,10.003
103,1.125,-0.486,9.991
103,1.065,-0.175,9.934
103,1.116,-0.268,10.034
103,0.754,-0.297,10.082
103,0.426,-0.271,10.034
103,0.996,-0.539,10.034
103,0.742,-0.529,10.063
103,0.443,-0.182,10.063
103,0.555,-0.503,10.082
103,0.567,-0.335,10.034
103,0.467,0.019,10.046
103,0.737,0.326,10.005
103,0.852,0.522,10.01
103,0.955,0.22,10.005
103,1.03,0.218,10.034
103,1.003,0.383,10.034
103,1.12,0.146,10.02
103,1.161,0.426,10.01
103,0.651,0.412,10.039
103,0.816,0.347,9.989
103,0.907,0.127,10.015
103,0.673,0.115,10.077
103,1.085,0.323,10.001
103,0.936,0.414,10.053
103,0.9,0.304,10.017
103,0.455,0.098,10.041
103,1.444,0.328,9.993
103,0.785,0.352,9.993
103,1.245,0.091,10.034
103,1.094,0.393,9.998
103,0.802,0.218,10.032
103,1.235,0.247,10.008
103,1.307,0.11,9.984
103,1.408,0.266,9.986
103,1.142,0.287,10.032
103,1.281,0.34,9.977
103,1.176,0.232,10.003
103,1.056,0.369,9.967
103,1.176,0.371,9.996
103,1.195,0.364,9.972
103,1.178,0.283,10.013
103,1.018,0.464,10.065
103,1.144,0.338,10.029
103,0.725,0.479,9.993
103,1.207,0.285,10.046
103,1.123,0.409,10.008
103,1.494,0.072,9.941
103,1.391,0.206,10.051
103,1.506,0.06,9.977
103,1.377,0.28,9.922
103,1.59,0.369,9.936
103,1.851,0.022,9.96
103,1.087,0.524,10.008
103,1.48,0.395,10.022
103,2.468,-0.35,9.936
103,1.551,0.057,9.948
103,1.774,0.081,9.984
103,1.556,0.098,10.02
103,1.298,0.285,10.032
103,1.346,0.192,9.95
103,1.207,0.402,10.02
103,1.429,0.136,9.974
103,1.063,0.529,9.991
103,1.319,0.11,10.013
103,1.587,0.077,9.998
103,1.022,0.433,9.993
103,1.214,0.357,10.015
103,1.946,-0.395,9.936
103,0.706,0.941,10.001
103,1.556,0.093,9.972
103,1.923,-0.302,9.929
103,1.405,0.117,10.01
103,1.721,0.271,9.974
103,1.513,0.716,9.941
103,1.707,0.206,10.032
103,1.791,-0.038,9.965
103,1.604,0.443,9.972
103,1.683,0.407,9.979
103,1.743,0.122,9.953
103,1.829,0.105,9.967
103,1.894,0.249,9.929
103,1.906,0.141,9.936
103,1.798,0.421,9.998
103,2.069,0.062,9.917
103,1.82,0.239,9.955
103,1.961,0.283,9.936
103,1.753,0.089,9.895
103,1.908,-0.18,9.974
103,2.037,-0.299,9.922
103,1.963,-0.373,9.993
103,1.616,-0.17,9.938
103,1.609,-0.658,9.957
103,1.748,-0.725,10.003
103,1.8,-0.294,9.96
103,1.765,-0.551,9.977
103,1.707,-0.347,9.965
103,1.484,-0.165,10.015
103,1.748,-0.56,9.974
103,1.458,-0.869,9.955
103,1.647,-1.073,9.946
103,1.614,-0.986,10.003
103,1.312,-0.687,10.013
103,1.274,-0.486,9.986
103,1.293,-0.91,9.998
103,1.42,-0.742,10.017
103,1.235,-0.362,10.027
103,1.219,-0.158,10.027
103,1.24,-0.148,9.977
103,1.307,-0.474,10.036
103,1.358,-0.204,9.986
103,1.128,-0.436,9.998
103,1.104,-0.321,9.979
103,1.338,-0.237,10.02
103,1.082,-0.244,9.998
103,0.917,-0.335,10.008
103,0.9,-0.328,10.044
103,1.147,-0.316,10.034
103,1.255,-0.141,10.003
103,0.922,-0.316,10.02
103,1.307,-0.201,9.986
103,1.331,-0.244,9.991
103,1.025,-0.247,10.027
103,1.001,-0.124,10.01
103,0.723,-0.208,10.025
103,0.996,-0.165,9.986
103,0.697,-0.165,10.029
103,0.558,-0.096,10.06
103,1.001,-0.206,10.029
103,0.778,0.005,10.044
103,0.797,-0.031,10.025
103,0.86,-0.029,10.048
103,0.84,-0.029,10.044
103,0.812,-0.019,10.036
103,1.041,-0.077,10.005
103,1.245,-0.074,10.008
103,1.3,-0.043,9.989
103,1.307,-0.065,10.025
103,1.279,-0.065,10.015
103,1.295,-0.055,9.993
103,1.312,-0.084,10.005
103,1.286,-0.055,10.005
103,1.276,-0.055,10.017
103,1.269,-0.06,9.981
103,1.281,-0.069,10.001
103,1.298,-0.048,10.003
103,1.279,-0.045,10.005
104,1.185,-0.041,10.044
104,1.204,-0.062,9.993
104,1.233,-0.022,9.981
104,1.209,-0.034,9.969
104,1.223,-0.045,10.001
104,1.219,-0.06,10.017
104,1.223,-0.074,10.017
104,1.231,-0.034,10.013
104,1.219,-0.024,9.993
104,1.243,-0.079,10.02
104,1.228,-0.041,9.993
104,1.247,-0.055,10.003
104,1.235,-0.05,9.981
104,1.199,-0.036,9.998
104,1.24,-0.041,9.977
104,1.264,-0.079,9.979
104,1.283,-0.074,9.996
104,1.269,-0.036,9.981
104,1.238,-0.031,10.001
104,-0.069,-0.11,10.063
104,0.532,-0.053,10.08
104,1.542,-0.127,9.977
104,0.697,-0.158,10.072
104,1.056,-0.079,10.013
104,0.721,0.014,10.01
104,0.761,-0.093,10.041
104,0.441,-0.065,10.025
104,0.215,0.012,10.092
104,0.555,0.031,10.075
104,0.769,0,9.989
104,0.299,0.026,10.056
104,0.941,0.151,10.02
104,0.939,0.151,10.017
104,1.204,0.129,10.041
104,0.481,0.17,10.07
104,0.857,0.29,10.029
104,0.802,0.354,10.027
104,0.881,0.232,10.044
104,1.211,0.156,10.001
104,1.456,0.297,9.984
104,0.474,0.438,10.068
104,1.59,0.215,9.938
104,1.927,0.093,9.926
104,0.838,0.567,10.041
104,0.455,0.457,10.032
104,1.41,0.153,9.938
104,2.344,-0.117,9.883
104,1.19,0.242,10.048
104,0.74,0.306,10.008
104,1.966,0.022,9.926
104,0.658,0.522,10.046
104,1.683,0.17,9.924
104,2.265,0.045,9.946
104,0.974,0.675,10.051
104,1.753,0.225,9.972
104,1.769,0.194,9.941
104,2.109,0.256,9.941
104,0.862,0.776,10.065
104,1.688,0.127,9.967
104,1.621,-0.062,9.989
104,1.76,-0.007,9.919
104,1.872,0.002,9.965
104,1.422,0.218,10.02
104,1.944,-0.081,9.883
104,1.903,0.16,9.902
104,2.061,0.081,9.934
104,1.956,0.309,9.941
104,1.798,0.273,9.96
104,1.92,0.239,9.986
104,1.97,-0.077,9.883
104,1.956,0.151,9.929
104,1.848,0.11,9.967
104,1.741,0.055,9.922
104,1.867,0.072,9.962
104,1.623,0.077,9.965
104,1.664,-0.148,9.948
104,1.846,-0.433,9.95
104,1.856,-0.28,9.938
104,1.836,-0.263,9.974
104,1.877,-0.424,9.946
104,1.963,-0.551,9.977
104,1.966,-0.582,9.917
104,2.15,-0.326,9.955
104,2.27,-0.189,9.955
104,1.769,-0.39,9.95
104,1.674,-0.565,9.96
104,1.791,-0.599,9.955
104,1.563,-0.294,9.977
104,1.657,-0.318,9.981
104,1.336,-0.426,10.013
104,1.817,-0.431,9.946
104,1.633,-0.469,9.955
104,1.595,-0.328,9.967
104,1.365,-0.481,9.993
104,1.31,-0.464,9.991
104,1.417,-0.548,10.015
104,1.475,-0.395,9.977
104,0.919,-0.448,10.07
104,1.346,-0.491,9.981
104,1.647,-0.606,9.946
104,1.432,-0.527,9.957
104,1.137,-0.522,9.991
104,1.314,-0.486,9.981
104,1.367,-0.546,9.998
104,1.188,-0.512,10.003
104,1.223,-0.491,10.013
104,1.104,-0.591,10.013
104,1.257,-0.673,9.991
104,0.548,-0.409,10.106
104,0.998,-0.654,10.034
104,1.319,-0.627,10.013
104,1.065,-0.474,10.001
104,0.845,-0.445,10.084
104,1.135,-0.848,10.001
104,0.74,-0.608,10.013
104,0.642,-0.182,10.084
104,0.335,-0.187,10.08
104,1.484,-0.771,10.025
104,1.154,-0.611,9.979
104,0.512,-0.318,10.025
104,0.986,-0.225,10.022
104,0.656,-0.68,10.034
104,0.9,-0.548,9.993
104,0.328,-0.373,10.065
104,0.725,-0.33,10.022
104,0.9,-0.108,10.034
104,0.85,0.371,10.001
104,0.864,0.177,10.072
104,0.96,0.196,9.993
104,1.128,0.213,10.041
104,1.087,0.053,10.017
104,0.704,0.165,10.077
104,1.085,-0.354,10.001
104,0.953,0.096,10.005
104,1.159,-0.029,9.993
104,1.018,-0.153,10.029
104,1.041,0.11,9.981
104,1.051,-0.199,10.034
104,1.197,-0.103,10.01
104,0.989,-0.062,9.984
104,0.922,-0.405,10.005
104,1.257,-0.132,9.989
104,1.154,-0.359,9.998
104,1.061,-0.048,10.082
104,1.348,-0.33,9.977
104,0.922,-0.326,10.029
104,0.776,-0.225,10.001
104,0.704,-0.268,10.056
104,0.991,-0.175,9.984
104,1.209,0.06,9.972
104,0.891,0.062,10.025
104,0.735,0.117,10.027
104,1.063,0.074,10.036
104,0.828,0.297,10.084
104,0.939,0.551,9.991
104,0.871,0.429,10.065
104,0.91,0.496,10.036
104,0.821,0.656,10.013
104,0.711,0.579,10.003
104,1.125,0.441,9.989
104,1.494,0.575,9.96
104,1.192,0.663,10.005
104,1.171,0.476,9.998
104,1.448,0.455,9.96
104,1.377,0.417,9.989
104,0.632,0.294,10.048
104,0.85,0.057,10.051
104,1.7,0.163,9.984
104,1.726,0.215,9.919
104,1.097,0.148,10.001
104,1.604,0.096,9.974
104,2.193,0.065,9.955
104,1.729,0.168,9.938
104,1.183,0.072,10.017
104,0.843,0.091,10.056
104,2.035,0.057,9.924
104,1.697,0.043,9.984
104,2.116,0.002,9.931
104,2.184,0.053,9.898
104,2.207,0.144,9.919
104,2.205,0.156,9.89
104,1.413,0.014,9.979
104,1.29,-0.086,9.991
104,1.228,-0.074,9.991
104,1.31,-0.019,9.979
105,1.271,-0.055,10.001
105,1.259,-0.093,10.001
105,1.274,-0.045,10.041
105,1.264,-0.024,9.991
105,1.233,-0.069,10.029
105,1.245,-0.065,9.989
105,1.274,-0.069,10.015
105,1.264,-0.069,9.993
105,1.271,-0.05,10.003
105,1.238,-0.06,10.005
105,1.274,-0.062,10.017
105,1.29,-0.057,9.972
105,1.271,-0.06,10.015
105,1.281,-0.05,9.953
105,1.3,-0.057,9.967
105,1.286,-0.11,9.996
105,1.307,-0.05,10.022
105,0.453,0.532,10.048
105,0,-0.043,10.065
105,0.862,0.045,10.027
105,1.231,-0.254,9.991
105,0.201,-0.117,10.096
105,0.668,-0.156,10.111
105,0.46,0.182,10.058
105,0.522,-0.081,10.046
105,-0.175,-0.01,10.065
105,0.57,-0.034,10.048
105,0.85,0.06,9.996
105,0.333,0.223,10.06
105,1.152,0.127,10.001
105,1.058,0.084,9.977
105,0.333,0.347,10.056
105,1.118,0.086,9.991
105,0.857,0.362,10.034
105,1.372,0.196,9.991
105,0.541,0.292,10.075
105,1.549,0.117,9.962
105,1.757,-0.354,9.953
105,0.74,0.45,10.032
105,1.391,0.105,10.013
105,1.81,-0.146,9.905
105,1.063,0.443,10.003
105,1.231,0.421,9.989
105,1.645,0.11,9.943
105,1.623,0.014,9.974
105,0.895,0.479,10.017
105,1.611,-0.122,9.957
105,1.597,0.168,9.979
105,1.604,0.158,9.946
105,1.48,0.625,9.965
105,1.286,0.541,9.972
105,2.002,-0.036,9.967
105,2.588,-0.098,9.867
105,1.379,0.443,9.953
105,1.918,0.251,9.938
105,1.767,0.28,9.979
105,1.705,0.326,9.955
105,1.985,0.335,9.967
105,2.052,0.321,9.929
105,1.683,0.453,9.998
105,1.788,0.342,9.941
105,2.073,0.16,9.931
105,1.8,0.132,9.943
105,1.7,0.194,9.934
105,1.877,-0.113,9.95
105,1.784,0.06,9.946
105,1.784,0.215,9.91
105,1.879,0.098,9.936
105,1.793,-0.11,9.95
105,1.851,-0.072,9.95
105,1.695,0.218,10.001
105,1.566,-0.055,9.946
105,1.817,-0.268,10.005
105,1.697,-0.146,9.96
105,1.788,-0.498,9.946
105,1.915,-0.606,9.943
105,1.554,-0.402,9.962
105,1.621,-0.405,10.001
105,1.389,-0.582,9.991
105,1.523,-0.728,9.965
105,1.824,-0.357,9.986
105,1.616,-0.575,9.948
105,1.532,-0.402,9.967
105,1.571,-0.613,9.955
105,1.676,-0.455,9.989
105,1.451,-0.22,9.948
105,1.53,-0.256,9.946
105,1.42,-0.441,9.972
105,1.401,-0.421,9.989
105,1.712,-0.113,10.003
105,1.429,-0.321,9.993
105,1.642,0.065,9.969
105,1.535,-0.002,9.993
105,1.343,-0.127,10.015
105,1.707,-0.251,9.981
105,1.453,-0.352,9.974
105,1.458,-0.237,9.993
105,1.592,-0.184,9.967
105,1.451,-0.419,9.989
105,1.671,-0.555,9.972
105,1.267,-0.385,10.013
105,1.465,-0.328,9.957
105,1.195,-0.266,10.022
105,1.47,-0.572,9.972
105,1.245,-0.357,9.979
105,1.116,-0.441,9.998
105,1.42,-0.493,9.989
105,0.998,-0.486,9.993
105,1.14,-0.575,9.974
105,1.482,-0.709,9.991
105,1.377,-0.508,10.001
105,1.209,-0.321,10.022
105,1.087,-0.493,9.984
105,1.142,-0.469,10.036
105,0.838,-0.323,9.996
105,0.797,-0.457,10.051
105,1.839,-1.518,9.972
105,2.588,-1.693,9.91
105,0.778,-0.117,10.02
105,-0.268,0.661,10.13
105,1.144,-0.354,10.027
105,1.211,-0.089,10.003
105,0.646,0.12,10.02
105,0.704,-0.007,10.08
105,0.883,-0.079,10.046
105,1.358,-0.527,9.974
105,1.116,-0.019,9.998
105,0.723,0.081,10.039
105,1.056,-0.453,9.979
105,0.555,-0.362,10.07
105,0.151,0.249,10.087
105,0.814,-0.024,10.005
105,1.441,-0.651,9.95
105,1.178,-0.297,10.003
105,0.903,-0.175,9.962
105,0.905,-0.345,9.998
105,1.494,-0.615,9.967
105,1.125,-0.122,10.036
105,0.577,-0.177,10.041
105,0.96,-0.338,10.034
105,0.764,-0.266,10.032
105,0.333,-0.079,10.017
105,0.848,-0.144,10.051
105,0.936,-0.024,10.039
105,1.36,-0.362,9.943
105,1.669,-0.532,9.998
105,1.451,-0.407,10.02
105,1.046,0.115,10.034
105,0.599,0.244,10.058
105,1.063,-0.306,10.029
105,0.843,0.199,10.036
105,0.646,0.438,10.034
105,0.706,0.335,10.032
105,1.058,-0.017,10.041
105,1.475,0.192,9.969
105,1.111,-0.117,10.003
105,1.221,-0.457,9.996
105,1.204,0.117,9.991
105,0.989,-0.555,9.967
105,0.998,-0.939,10.082
105,1.463,0.048,9.96
105,1.456,-0.271,9.957
105,1.314,0.189,10.022
105,1.185,0.393,10.003
105,1.046,0.366,9.984
105,0.687,0.402,10.06
105,0.924,0.335,10.01
105,0.905,0.704,9.977
105,1.166,0.553,10.017
105,0.8,0.488,10.032
105,0.929,0.172,10.058
105,1.106,0.239,9.993
105,0.936,0.266,10.017
105,1.257,0.189,9.986
105,1.317,0.474,9.962
105,0.754,0.182,10.025
105,1.252,0.448,10.032
105,1.542,0.457,9.931
105,1.389,0.273,9.953
105,1.089,0.328,10.015
105,1.307,0.259,10.046
105,1.281,0.194,10.003
105,1.563,0.11,9.991
105,1.793,-0.115,9.953
105,1.896,0.057,9.936
105,1.724,0.06,9.943
105,1.403,0.036,9.986
105,1.346,0.053,9.943
105,1.626,0.103,9.974
105,1.81,0.055,9.938
105,1.808,-0.007,9.888
105,1.465,0.034,10.001
105,1.516,0.01,9.934
105,1.652,0.069,9.965
105,1.887,0.132,9.96
105,1.841,0.057,9.96
105,1.935,-0.007,9.974
105,2.322,0.079,9.907
105,1.666,0.057,9.984
105,1.379,-0.026,9.996
105,1.369,-0.053,9.986
105,1.346,-0.06,9.972
105,1.331,-0.098,9.991
105,1.322,-0.089,9.993
105,1.319,-0.045,10.029
105,1.338,-0.096,10.005
105,1.329,-0.086,9.989
105,1.314,-0.098,9.986
105,1.326,-0.077,9.989
106,1.25,-0.048,10.08
106,1.259,-0.057,10.003
106,1.295,-0.053,10.008
106,1.209,-0.012,10.077
106,1.279,-0.069,10.017
106,1.252,-0.072,10.015
106,1.262,-0.084,10.001
106,1.326,-0.053,10.008
106,1.288,-0.045,9.974
106,1.259,-0.053,10.001
106,1.271,-0.041,9.996
106,1.276,-0.081,10.001
106,1.271,-0.091,9.96
106,1.288,-0.057,10.017
106,1.269,-0.074,9.998
106,1.274,-0.103,10.02
106,1.317,-0.074,9.96
106,1.319,-0.105,9.974
106,1.324,-0.089,10.017
106,1.329,-0.022,9.972
106,0.5,0.393,10.036
106,0.06,0.651,10.01
106,1.334,-0.089,9.95
106,1.24,-0.163,10.02
106,0.448,-0.11,10.075
106,0.819,-0.175,9.998
106,1.281,-0.072,10.048
106,0.946,-0.105,10.029
106,0.67,-0.084,10.044
106,0.852,0.019,10.032
106,0.991,0.022,10.013
106,0.953,0.048,10.005
106,0.989,0.005,10.041
106,1.082,0.038,10.02
106,1.034,0.089,10.027
106,0.9,0.029,9.998
106,0.702,0.089,10.096
106,1.089,0.146,9.965
106,1.611,0.067,9.936
106,1.001,0.122,10.044
106,1.317,0.022,9.986
106,1.549,-0.026,10.013
106,1.113,0.172,9.989
106,1.046,0.117,9.96
106,1.487,0.048,9.984
106,1.815,-0.086,9.948
106,1.003,0.041,10.005
106,0.965,0.333,10.058
106,1.516,0.139,10.01
106,1.295,0.041,10.039
106,0.927,0.299,10.036
106,1.532,0.218,9.955
106,1.786,-0.002,9.953
106,1.221,0.192,9.943
106,1.389,0.321,9.993
106,1.889,-0.034,9.905
106,1.247,0.213,9.993
106,1.192,0.292,10.005
106,1.216,0.385,9.991
106,1.245,0.362,9.965
106,1.762,0,9.96
106,1.429,-0.036,9.996
106,1.123,0.438,10.01
106,1.848,0.189,9.979
106,1.944,-0.081,9.965
106,1.923,-0.12,9.919
106,2.085,-0.024,9.962
106,1.448,0.139,9.984
106,1.688,0.196,9.943
106,1.817,0.086,9.946
106,1.513,0.11,9.984
106,2.107,-0.204,9.893
106,1.817,-0.007,9.948
106,1.76,-0.117,9.977
106,2.066,-0.227,9.934
106,1.803,-0.213,9.95
106,1.999,-0.165,9.979
106,1.901,-0.124,9.922
106,1.561,-0.268,9.962
106,1.848,-0.17,9.934
106,1.834,-0.28,9.955
106,1.669,0.005,9.974
106,1.683,0.153,9.984
106,1.808,0.022,9.943
106,1.788,-0.163,9.965
106,1.844,-0.168,9.922
106,1.896,0.038,9.969
106,1.812,-0.077,9.95
106,1.647,0.069,9.955
106,1.841,-0.232,9.998
106,1.755,-0.436,9.931
106,1.695,-0.615,9.981
106,1.578,-0.52,9.967
106,1.714,-0.584,9.981
106,1.547,-0.613,9.993
106,1.729,-0.326,9.984
106,1.652,-0.587,9.977
106,1.429,-0.781,9.965
106,1.939,-0.534,9.922
106,1.853,-0.314,9.972
106,1.597,-0.493,9.972
106,1.719,-0.577,9.948
106,1.448,-0.467,9.977
106,1.496,-0.464,10.01
106,1.547,-0.409,9.934
106,1.343,-0.266,10.025
106,1.494,-0.347,10.017
106,1.398,-0.223,9.993
106,1.106,-0.271,10.039
106,1.336,-0.292,10.034
106,1.123,-0.326,9.977
106,1.7,-0.373,9.965
106,1.053,-0.041,10.053
106,1.219,-0.182,10.025
106,1.439,-0.283,9.977
106,1.705,-0.376,9.919
106,0.989,-0.101,10.02
106,0.886,-0.072,9.993
106,1.511,-0.385,9.969
106,1.058,-0.189,10.046
106,0.819,-0.065,10.044
106,0.9,-0.177,10.015
106,1.705,-0.429,10.003
106,1.3,-0.316,9.974
106,0.828,-0.153,10.039
106,1.269,-0.285,9.986
106,0.888,-0.204,10.051
106,1.42,-0.52,9.962
106,0.982,-0.338,10.048
106,0.728,-0.338,10.008
106,0.895,-0.318,10.046
106,1.458,-0.34,9.984
106,0.943,-0.283,10.029
106,1.164,-0.373,10.039
106,1.037,-0.304,10.005
106,0.881,-0.294,10.063
106,0.713,-0.115,10.041
106,1.231,-0.51,9.955
106,1.3,-0.402,10.008
106,1.123,-0.261,10.01
106,0.484,0.036,10.039
106,0.864,0.206,10.032
106,1.441,-0.419,9.922
106,0.912,-0.34,10.063
106,1.338,-0.508,9.989
106,0.991,-0.184,10.025
106,0.984,-0.388,10.022
106,0.704,-0.043,10.048
106,0.68,-0.366,10.025
106,0.749,-0.215,10.013
106,0.84,-0.271,10.013
106,0.967,-0.414,10.022
106,0.656,-0.347,10.036
106,0.807,-0.251,10.051
106,1.202,-0.448,10.022
106,0.922,-0.366,10.032
106,0.977,-0.098,9.989
106,1.034,-0.17,10.039
106,1.051,-0.285,10.032
106,1.061,-0.294,10.005
106,0.924,-0.354,10.008
106,1.111,-0.536,10.051
106,1.056,-0.263,10.025
106,0.505,-0.33,10.036
106,0.788,-0.156,10.044
106,1.36,0.187,9.965
106,1.927,-0.002,9.917
106,1.618,0.532,9.979
106,1.238,0.539,9.991
106,0.907,0.599,10.02
106,0.68,0.579,10.036
106,0.984,0.316,9.991
106,1.058,0.278,10.02
106,0.898,0.259,10.022
106,1.223,0.345,9.977
106,1.068,0.196,10.08
106,0.912,0.227,10.032
106,1.176,0.278,9.996
106,1.367,0.433,10.046
106,0.943,0.192,10.034
106,1.144,0.218,9.981
106,1.125,0.218,10.013
106,1.487,0.148,9.979
106,1.147,0.259,9.996
106,1.647,0.328,9.96
106,1.362,0.316,10.005
106,0.946,0.053,9.986
106,1.269,0.024,9.974
106,1.583,0.045,9.991
106,1.144,0.113,10.01
106,1.578,0.065,9.989
106,1.729,-0.146,9.967
106,2.169,-0.201,9.91
106,1.681,-0.01,9.962
106,1.604,0.108,9.936
106,1.152,-0.084,10.022
106,1.173,-0.062,9.993
106,1.618,0.024,9.972
106,2.277,-0.074,9.907
106,2.021,0.055,9.941
106,2.148,0.151,9.931
106,1.994,0.158,9.955
106,1.448,0.029,9.969
106,1.336,-0.084,10.001
106,1.302,-0.096,10.008
106,1.305,-0.036,9.989
107,1.221,-0.065,10.056
107,1.269,-0.062,9.981
107,1.262,-0.055,9.989
107,1.209,-0.029,10.039
107,1.24,-0.072,10.039
107,1.252,-0.045,10.013
107,1.259,-0.065,9.974
107,1.226,-0.057,10.034
107,1.235,-0.041,9.974
107,1.245,-0.05,10.001
107,1.235,-0.038,9.996
107,1.255,-0.053,9.936
107,1.247,-0.036,10.022
107,1.887,0.074,9.668
107,2.097,-0.036,9.967
107,1.247,0.086,10.048
107,1.844,0.333,9.898
107,1.812,0.249,9.941
107,1.803,0.103,9.924
107,2.119,0.268,9.979
107,1.707,0.251,9.957
107,1.686,0.445,9.967
107,1.949,0.548,9.979
107,1.738,0.539,9.955
107,1.532,0.539,9.965
107,1.499,0.354,9.965
107,1.077,0.515,9.998
107,1.434,0.649,9.981
107,1.513,0.663,9.948
107,1.118,0.369,10.027
107,1.353,0.555,10.005
107,1.252,0.393,9.996
107,1.166,0.12,9.953
107,1.142,0.223,10.046
107,1.183,0.333,9.991
107,0.982,0.369,10.01
107,0.747,0.323,10.046
107,1.413,0.627,9.984
107,0.986,0.402,9.96
107,1.006,0.474,9.993
107,0.915,0.151,10.046
107,1.13,0.393,10.034
107,0.687,0.194,10.099
107,0.33,-0.153,10.029
107,0.608,0.218,10.072
107,0.721,0.505,9.979
107,0.893,0.419,10.025
107,0.46,0.103,10.099
107,0.613,0.053,10.046
107,0.529,0.086,10.01
107,0.994,-0.067,10.005
107,0.441,-0.359,10.032
107,0.467,-0.625,10.106
107,0.826,-0.417,10.01
107,0.433,-0.766,10.056
107,0.651,-0.479,10.046
107,0.469,-0.448,10.044
107,0.484,-0.481,10.075
107,0.95,-0.824,10.017
107,0.704,-0.481,10.032
107,0.369,-0.5,10.025
107,0.424,-1.14,10.034
107,0.934,-1.245,9.984
107,0.745,-1.061,10.048
107,1.338,-1.441,10.065
107,0.113,-0.469,10.084
107,0.196,-0.661,10.032
107,0.867,-0.292,10.036
107,1.362,-0.548,9.946
107,0.488,-0.721,10.099
107,1.006,-0.728,10.001
107,0.56,-0.369,10.139
107,1.281,-0.666,10.005
107,1.116,-0.809,9.95
107,1.008,-0.457,10.068
107,0.761,-0.405,9.967
107,1.154,-0.285,10.036
107,1.209,-0.52,10.02
107,1.027,-0.366,9.984
107,1.013,-0.405,10.106
107,1.528,-0.383,10.003
107,1.35,-0.529,9.972
107,1.487,-0.45,10.003
107,1.863,-0.311,9.938
107,1.659,-0.105,9.974
107,2.033,-0.479,9.936
107,2.076,-0.22,9.878
107,1.879,0.017,9.996
107,1.415,-0.271,10.017
107,1.674,-0.362,9.977
107,1.551,0.002,9.969
107,1.544,-0.098,9.969
107,1.662,-0.33,9.974
107,1.741,-0.235,9.934
107,1.484,-0.323,10.001
107,1.733,-0.29,9.941
107,1.702,-0.4,9.989
107,1.697,-0.254,9.967
107,1.82,-0.218,9.96
107,1.815,-0.223,9.969
107,2.006,-0.06,9.924
107,1.846,-0.16,9.941
107,1.832,-0.11,9.962
107,1.69,-0.105,9.984
107,1.513,-0.292,10.001
107,1.506,-0.175,9.993
107,1.559,-0.225,9.969
107,1.626,-0.196,9.979
107,1.592,-0.239,9.986
107,1.437,-0.292,9.972
107,1.501,-0.172,9.977
107,1.535,-0.376,9.984
107,1.573,-0.326,10.01
107,1.523,-0.242,9.993
107,1.604,-0.591,9.977
107,1.733,-0.381,9.967
107,1.686,-0.536,9.989
107,1.748,-0.359,9.95
107,1.899,-0.244,9.965
107,2.049,-0.469,9.962
107,2.057,-0.273,9.996
107,1.817,0.184,9.962
107,1.815,-0.227,9.905
107,1.858,0.201,9.95
107,1.951,0.11,9.929
107,1.64,0.283,9.989
107,1.664,0.388,9.974
107,1.805,0.469,9.926
107,2.298,-0.012,9.912
107,1.81,0.247,9.926
107,1.609,0.558,9.96
107,1.654,0.764,9.969
107,1.781,0.397,9.926
107,1.82,-0.151,9.965
107,1.439,0.472,9.984
107,1.621,0.28,9.962
107,1.18,0.472,10.008
107,1.214,0.481,10.013
107,0.967,0.342,9.984
107,1.192,0.294,9.977
107,1.192,0.177,10.008
107,0.898,0.199,10.008
107,0.572,0.189,10.036
107,1.24,0.024,9.986
107,0.958,0.431,10.029
107,0.814,0.297,10.008
107,0.996,0.204,10.036
107,1.142,0.215,10.039
107,1.061,0.278,9.972
107,1.195,0.192,9.984
107,0.946,0.23,10.013
107,1.058,0.086,10.022
107,0.955,0.316,9.993
107,0.819,0.271,10.044
107,0.991,0.024,10.015
107,0.776,0.024,10.034
107,1.053,0.048,10.013
107,1.171,0.108,9.989
107,0.769,-0.103,10.07
107,0.953,-0.084,10.039
107,0.984,0.022,10.022
107,0.783,0.005,10.034
107,0.682,0.182,9.977
107,0.747,-0.022,10.056
107,0.742,-0.069,10.001
107,0.903,-0.072,9.996
107,0.338,0.086,10.247
107,0.881,-0.089,9.993
107,1.358,-0.093,9.989
107,0.804,-0.316,10.008
107,1.669,0.017,9.965
107,1.525,-0.136,9.96
107,0.955,-0.132,10.034
107,1.372,-0.177,9.986
107,1.03,-0.103,10.005
107,0.615,0.019,10.041
107,0.972,-0.065,10.039
107,1.233,-0.062,9.996
107,1.104,-0.069,10.003
107,1.178,0.031,9.996
107,1.159,-0.151,10.029
107,1.539,-0.055,9.998
107,1.214,-0.072,10.001
107,0.781,-0.168,10.034
107,0.807,-0.144,10.005
107,0.613,-0.098,10.029
107,1.118,-0.079,9.981
107,1.269,-0.065,10.02
107,1.262,-0.055,9.991
107,1.255,-0.062,9.969
107,1.243,-0.077,9.989
107,1.231,-0.06,10.001
107,1.269,-0.038,10.017
107,1.264,-0.067,9.979
107,1.276,-0.079,9.984
107,1.257,-0.069,10.003
107,1.262,-0.053,10.01
108,1.276,-0.081,10.077
108,1.293,-0.041,10.001
108,1.295,-0.079,10.001
108,1.271,-0.072,10.022
108,1.274,-0.065,10.013
108,1.281,-0.079,9.991
108,1.293,-0.093,9.96
108,1.295,-0.096,10.008
108,1.279,-0.053,9.974
108,3.079,0.06,9.787
108,2.133,-0.261,10.001
108,2.322,-0.338,9.919
108,1.322,-0.026,10.013
108,1.911,-0.077,9.938
108,1.384,0.041,9.986
108,1.657,0.261,9.929
108,1.841,0.263,9.924
108,1.669,0.17,9.938
108,1.599,0.194,10.001
108,1.719,0.194,9.965
108,1.669,0.33,9.962
108,1.475,0.347,10.025
108,1.504,0.433,9.969
108,1.484,0.455,9.965
108,1.547,0.457,9.965
108,1.252,0.395,9.974
108,1.051,0.479,10.041
108,1.065,0.462,10.048
108,1.216,0.474,9.948
108,1.027,0.457,10.017
108,1.204,0.481,10.01
108,1.01,0.46,10.013
108,1.173,0.484,9.972
108,1.085,0.534,9.979
108,1.092,0.572,9.984
108,1.113,0.407,10.005
108,0.905,0.563,10.032
108,0.871,0.45,10.039
108,0.991,0.369,9.996
108,1.013,0.299,10.003
108,1.037,0.52,10.01
108,0.974,0.326,10.015
108,0.764,0.646,10.029
108,1.061,0.23,9.986
108,1.164,0.215,10.058
108,0.898,0.134,10.01
108,0.879,-0.306,10.044
108,1.235,-0.292,9.993
108,0.606,-0.587,10.034
108,0.994,-0.376,10.02
108,0.934,-0.35,10.041
108,0.893,-0.467,10.005
108,1.02,-0.749,10.036
108,0.9,-0.515,10.06
108,1.068,-0.608,9.984
108,0.802,-0.433,10.063
108,0.931,-0.563,10.017
108,1.099,-0.558,10.027
108,0.472,-0.388,10.048
108,0.467,-0.618,10.051
108,0.541,-0.52,10.063
108,0.551,-0.603,10.082
108,0.9,-0.646,10.046
108,0.773,-0.79,10.041
108,0.702,-0.876,10.06
108,0.072,-0.579,10.092
108,-0.036,-0.735,10.084
108,1.147,-0.9,9.981
108,1.302,-0.752,9.955
108,1.298,-0.752,10.008
108,1.065,-0.515,10.017
108,1.788,-0.795,9.938
108,1.197,-0.201,10.015
108,0.484,-0.163,10.053
108,0.939,-0.448,10.003
108,1.336,-0.426,9.938
108,1.12,-0.709,10.005
108,1.408,-0.615,9.977
108,1.259,-0.469,10.008
108,1.322,-0.603,10.017
108,0.994,-0.433,10.056
108,1.252,-0.369,9.979
108,1.583,-0.242,9.972
108,1.243,-0.22,10.017
108,1.022,-0.182,9.979
108,1.185,-0.034,10.005
108,1.671,-0.232,9.96
108,1.393,-0.268,10.005
108,1.709,-0.024,9.96
108,1.755,-0.077,9.943
108,1.693,-0.019,9.967
108,1.573,-0.086,9.986
108,1.386,-0.141,9.986
108,1.607,-0.134,9.991
108,1.762,-0.254,9.96
108,1.518,-0.206,9.943
108,1.446,-0.373,9.984
108,1.506,-0.328,10.001
108,1.712,-0.453,10.001
108,1.681,-0.263,9.998
108,1.678,-0.362,9.953
108,1.563,-0.388,9.993
108,1.499,-0.383,9.984
108,1.781,-0.376,9.955
108,1.841,-0.539,9.953
108,1.563,-0.158,9.993
108,1.516,-0.273,9.948
108,1.846,-0.345,9.919
108,1.671,-0.429,9.941
108,1.657,-0.309,9.981
108,1.695,-0.23,9.96
108,1.7,-0.215,9.957
108,1.647,-0.256,9.965
108,1.841,-0.249,9.943
108,1.64,-0.335,9.95
108,1.836,-0.177,9.998
108,1.757,-0.091,9.938
108,1.652,-0.045,9.96
108,1.719,0.031,9.972
108,1.456,-0.005,9.998
108,1.389,0.22,9.993
108,1.518,-0.206,9.969
108,1.566,-0.206,9.962
108,1.559,-0.117,9.977
108,1.563,-0.048,9.957
108,1.492,0.031,9.955
108,1.322,0.405,10.015
108,1.539,0.287,9.986
108,1.595,0.218,9.946
108,1.841,0.12,9.986
108,1.786,0.239,9.95
108,1.899,0.036,9.957
108,1.935,0.101,9.969
108,1.733,0.192,9.934
108,1.755,0.038,9.981
108,1.841,-0.081,9.953
108,1.702,0.041,9.962
108,1.834,-0.096,9.943
108,1.535,0.072,10.017
108,1.755,0.101,9.912
108,1.448,0.474,9.989
108,1.523,0.359,9.986
108,1.322,0.412,9.989
108,1.561,0.093,9.926
108,1.374,0.33,10.017
108,1.25,0.426,9.977
108,1.425,0.445,9.996
108,1.494,0.405,9.991
108,1.314,0.34,10.003
108,1.516,0.105,9.96
108,1.674,0.177,9.965
108,1.207,0.237,10.001
108,1.384,-0.019,9.965
108,1.015,0.232,10.017
108,0.989,0.23,9.991
108,1.013,0.172,9.996
108,1.049,0.101,10.036
108,1.245,-0.019,10.036
108,0.838,0.275,10.013
108,0.845,0.292,10.034
108,0.548,0.041,10.089
108,1.185,-0.062,10.005
108,0.864,0.036,9.972
108,1.099,-0.101,10.003
108,0.685,0.029,10.077
108,1.408,-0.139,9.955
108,1.214,0.022,9.998
108,0.797,-0.122,10.051
108,0.575,0.05,10.013
108,1.209,0.153,9.989
108,1.013,-0.022,10.046
108,0.9,-0.05,9.993
108,0.871,0.014,9.989
108,0.943,-0.065,10.027
108,0.781,-0.053,10.036
108,1.221,-0.096,10.003
108,1.02,-0.108,10.051
108,1.085,-0.034,9.996
108,1.056,-0.074,10.029
108,1.111,-0.065,9.989
108,1.027,-0.103,9.974
108,1.015,-0.196,10.025
108,0.809,-0.091,10.041
108,0.804,-0.151,10.029
108,1.07,-0.163,10.025
108,1.298,-0.038,9.977
108,1.24,-0.115,9.974
108,1.334,-0.072,9.991
108,0.668,-0.187,10.017
108,1.082,-0.184,10.022
108,0.644,-0.283,10.051
108,0.713,-0.23,10.048
108,0.747,-0.182,10.013
108,0.895,-0.151,10.029
108,1.178,-0.091,9.996
108,1.255,-0.074,9.979
108,1.259,-0.089,10.003
108,1.228,-0.072,9.996
108,1.243,-0.045,10.034
109,1.367,-0.182,10.305
109,1.298,-0.069,10.027
109,1.317,-0.072,9.986
109,1.295,-0.081,10.003
109,1.255,-0.043,9.948
109,1.298,-0.029,10.02
109,1.279,-0.113,10.01
109,1.257,-0.081,10.027
109,1.29,-0.019,9.946
109,1.286,-0.057,9.991
109,1.25,-0.045,10.001
109,1.279,-0.065,10.025
109,1.281,-0.034,9.962
109,3.148,0.651,9.85
109,2.808,1.039,9.515
109,1.774,0.127,9.95
109,1.942,0.247,9.902
109,1.872,0.378,9.95
109,1.863,0.225,9.962
109,1.669,-0.081,9.986
109,2.054,-0.113,9.948
109,1.875,0.05,9.936
109,1.7,-0.108,9.931
109,1.774,-0.168,9.936
109,2.014,-0.022,9.957
109,1.726,0.096,9.946
109,1.662,-0.043,9.967
109,1.889,-0.421,9.943
109,1.678,-0.39,9.979
109,1.911,-0.227,9.953
109,1.841,-0.136,9.991
109,1.774,-0.12,9.972
109,1.788,-0.254,9.981
109,1.592,-0.146,9.955
109,1.405,-0.311,9.984
109,1.513,-0.33,10.008
109,0.986,-0.311,9.986
109,1.041,-0.39,10.001
109,0.857,-0.601,10.017
109,1.369,-0.534,10.041
109,0.754,-0.488,10.048
109,0.706,-0.515,10.051
109,1.149,-0.673,10.005
109,0.819,-0.666,10.034
109,1.243,-0.807,10.032
109,0.903,-0.68,10.048
109,0.747,-0.441,10.015
109,0.948,-0.618,10.02
109,0.476,-0.577,10.075
109,1.022,-0.848,10.015
109,0.742,-0.766,9.996
109,0.929,-0.685,10.001
109,1.164,-0.505,10.048
109,0.651,-0.591,10.01
109,0.077,-0.06,10.132
109,0.661,-0.591,10.048
109,0.927,-0.584,10.044
109,0.979,-0.467,10.008
109,0.424,-0.201,10.056
109,1.398,-0.613,9.986
109,1.257,-0.354,10.02
109,0.654,0.242,10.046
109,0.414,0.424,10.07
109,0.745,-0.11,10.075
109,0.575,-0.077,10.022
109,0.062,0.235,10.068
109,0.922,-0.515,10.001
109,0.491,0.026,10.003
109,0.826,-0.393,10.039
109,0.831,0.034,10.041
109,0.831,0.467,10.044
109,0.4,0.472,10.063
109,0.673,0.208,10.044
109,0.804,0.194,10.01
109,1.01,0.522,10.022
109,1.13,0.148,10.036
109,1.092,0.402,10.025
109,0.709,0.354,10.022
109,0.503,0.23,10.082
109,0.587,0.354,10.041
109,0.769,0.124,10.056
109,1.159,0.053,9.984
109,1.061,0.371,9.984
109,0.924,0.251,9.991
109,0.496,0.376,10.06
109,0.759,0.419,10.022
109,0.421,0.378,10.084
109,1.171,0.467,9.991
109,1.41,0.512,10.025
109,1.374,0.436,9.979
109,0.211,0.426,10.063
109,0.357,0.622,10.075
109,0.927,0.646,10.005
109,0.783,0.424,10.022
109,0.445,0.625,10.056
109,1.487,0.29,9.989
109,2.061,0.163,9.943
109,0.496,0.922,10.029
109,1.432,0.412,9.984
109,2.1,0.338,9.953
109,1.001,0.718,9.991
109,1.116,0.685,9.967
109,1.676,0.318,9.984
109,1.757,0.235,9.972
109,1.846,0.29,9.936
109,1.765,0.292,9.96
109,1.199,0.577,10.005
109,1.338,0.445,9.989
109,1.985,0.326,9.936
109,1.353,0.567,9.953
109,1.243,0.266,9.998
109,2.112,0.151,9.95
109,1.875,0.062,9.957
109,1.784,-0.041,9.953
109,1.997,-0.041,9.934
109,2.289,0.002,9.95
109,1.803,0.225,9.962
109,1.709,0.407,9.991
109,2.054,-0.101,9.938
109,1.951,0.204,9.926
109,1.544,0.4,9.941
109,1.958,0.129,9.934
109,1.949,0.17,9.967
109,1.417,0.622,9.967
109,1.791,0.108,9.972
109,1.803,-0.17,9.955
109,1.674,0.136,9.957
109,1.674,0.108,9.967
109,1.803,0.177,9.924
109,1.741,-0.192,9.991
109,1.539,0.053,9.946
109,1.726,-0.079,10.008
109,1.894,-0.46,9.957
109,1.719,-0.048,9.969
109,1.82,-0.493,9.977
109,1.824,-0.414,9.919
109,1.856,-0.467,9.919
109,1.81,-0.247,10.015
109,1.697,-0.359,9.957
109,1.547,-0.651,9.986
109,1.422,-0.524,10.034
109,1.508,-0.543,9.996
109,1.535,-0.453,9.95
109,1.432,-0.57,9.989
109,1.417,-0.395,10.008
109,1.365,-0.754,9.962
109,1.518,-0.778,10.015
109,1.489,-0.632,9.972
109,1.422,-0.45,9.974
109,1.377,-0.426,10.008
109,1.353,-0.493,10.027
109,1.312,-0.563,10.01
109,1.214,-0.57,10.008
109,1.24,-0.424,9.989
109,1.24,-0.359,10.001
109,1.343,-0.213,9.991
109,1.25,-0.225,9.972
109,1.255,-0.189,9.993
109,1.257,-0.271,9.979
109,1.25,-0.338,9.981
109,0.931,-0.354,10.032
109,0.661,-0.29,10.005
109,0.29,-0.29,10.027
109,0.278,-0.407,10.065
109,0.462,-0.381,10.07
109,0.74,-0.254,10.013
109,0.869,-0.189,10.041
109,1.221,-0.065,10.029
109,1.262,-0.048,9.991
109,1.271,-0.077,9.998
109,1.262,-0.079,10.017
109,1.255,-0.057,10.01
110,1.274,-0.065,10.027
110,1.247,-0.069,10.013
110,1.264,-0.072,10.044
110,1.295,-0.074,9.895
110,1.271,-0.041,9.998
110,1.247,-0.067,9.979
110,1.245,-0.067,10.015
110,1.255,-0.048,9.984
110,1.252,-0.069,10.02
110,1.247,-0.055,9.998
110,1.264,-0.043,10.032
110,1.286,-0.089,9.972
110,1.257,-0.06,10.02
110,1.264,-0.072,10.022
110,1.231,-0.038,10.02
110,1.077,-0.479,9.989
110,0.972,-0.433,10.063
110,1.159,-0.165,9.965
110,0.725,-0.225,10.07
110,1.018,-0.467,9.986
110,0.994,-0.467,10.029
110,0.991,-0.46,9.984
110,0.979,-0.395,9.979
110,1.094,-0.184,10.01
110,1.178,-0.323,10.01
110,1.257,-0.297,9.965
110,1.065,-0.29,10.008
110,1.195,-0.311,9.991
110,1.314,-0.345,10.001
110,1.125,-0.438,10.013
110,1.307,-0.239,10.001
110,1.082,-0.45,10.01
110,1.056,-0.443,10.001
110,1.144,-0.46,10.015
110,1.08,-0.373,10.017
110,1.087,-0.335,9.993
110,1.494,-0.352,10.003
110,1.302,-0.457,9.972
110,1.614,-0.218,9.996
110,1.575,-0.445,9.965
110,1.657,-0.28,10.003
110,1.765,-0.359,9.941
110,1.697,-0.23,9.948
110,1.463,-0.318,9.993
110,1.647,-0.395,9.919
110,1.499,-0.366,9.95
110,1.508,-0.256,9.986
110,1.542,-0.18,10.003
110,1.494,-0.151,9.953
110,1.575,-0.18,9.969
110,2.073,-0.273,9.941
110,1.537,0.055,9.986
110,1.506,0.108,10.001
110,1.439,0.065,9.953
110,1.324,0.292,9.984
110,1.482,-0.148,9.984
110,1.322,-0.263,10.017
110,1.293,-0.208,9.991
110,1.336,-0.177,9.991
110,1.506,-0.39,9.972
110,1.616,-0.488,9.962
110,1.537,-0.163,9.957
110,1.58,-0.146,9.95
110,1.547,-0.256,10.008
110,1.724,-0.031,9.941
110,1.765,-0.089,10.001
110,1.604,0.302,9.943
110,1.877,0.012,9.936
110,1.834,0.172,9.95
110,1.844,0.053,9.953
110,1.465,0.579,9.965
110,1.657,0.393,9.977
110,2.042,-0.251,9.914
110,1.717,0.077,9.972
110,1.889,-0.117,9.948
110,1.662,0.105,9.946
110,1.618,0.108,9.953
110,1.786,-0.098,9.912
110,1.63,0.144,9.979
110,1.559,0.206,9.953
110,1.302,0.388,10.001
110,1.331,0.481,10.008
110,1.401,0.611,9.967
110,1.109,0.603,9.996
110,1.281,0.555,9.972
110,1.288,0.405,10.005
110,1.714,0.201,9.893
110,1.104,0.534,9.991
110,0.862,0.646,10.034
110,1.274,0.385,9.962
110,1.573,0.259,9.981
110,0.972,0.378,10.039
110,0.781,0.385,10.022
110,1.252,0.019,10.005
110,1.161,0.096,9.996
110,1.211,0.196,10.003
110,1.267,0.235,10.005
110,1.458,0.144,9.967
110,1.089,0.215,9.974
110,1.164,0.309,9.989
110,1.468,0.359,9.977
110,1.678,0.199,9.979
110,1.276,0.168,9.989
110,1.53,0.318,9.969
110,1.331,0.584,10.032
110,1.662,0.184,9.957
110,1.417,0.213,9.929
110,1.654,0.453,9.965
110,1.516,0.242,9.991
110,1.47,0.201,9.996
110,1.207,0.129,9.974
110,1.305,0.242,9.989
110,1.085,0.124,10.039
110,0.929,0.227,10.029
110,0.881,0.239,10.008
110,1.216,0.122,9.989
110,1.022,0.172,10.039
110,1.204,-0.048,9.996
110,1.082,0.065,9.998
110,0.618,0.048,10.041
110,0.802,0.129,10.041
110,0.888,0.043,9.993
110,0.747,-0.053,10.032
110,1.211,0.249,9.974
110,1.144,0.371,10.005
110,0.924,0.249,10.01
110,0.915,-0.002,10.025
110,1.25,0.132,9.998
110,1.135,0.182,9.981
110,0.776,0.017,10.01
110,1.293,0.136,10.02
110,1.068,0.048,10.036
110,1.18,0.283,10.032
110,1.166,0.204,10.017
110,0.953,0.019,10.001
110,0.927,-0.127,10.034
110,1.085,0.165,10.022
110,1.03,0.057,10.003
110,1.293,0.103,10.001
110,0.792,0.026,10.013
110,0.833,0.139,10.027
110,0.939,0.014,10.032
110,0.917,-0.012,10.022
110,0.924,0.113,10.044
110,1.092,-0.254,9.967
110,1.085,-0.113,10.025
110,1.051,-0.012,10.044
110,1.099,-0.122,9.986
110,1.116,-0.187,10.013
110,1.149,-0.362,9.986
110,1.051,-0.426,10.036
110,0.871,-0.129,10.027
110,0.962,-0.151,10.022
110,1.317,-0.338,10.036
110,1.132,-0.33,10.048
110,0.905,-0.46,10.058
110,0.831,-0.582,10.013
110,0.821,-0.488,10.063
110,0.785,-0.637,10.044
110,0.812,-0.543,10.075
110,1.231,-0.543,9.989
110,0.807,0.01,10.046
110,1.049,-0.247,10.001
110,1.432,-0.235,9.991
110,1.178,-0.024,9.984
110,1.262,-0.292,10.048
110,0.814,-0.072,10.065
110,0.814,-0.117,9.984
110,0.984,-0.11,10.053
110,1.123,-0.438,9.986
110,1.286,-0.577,9.977
110,0.745,-0.362,10.082
110,0.802,-0.244,10.046
110,1.235,-0.362,9.969
110,1.003,-0.103,10.032
110,1.075,-0.376,10.06
110,0.946,-0.309,10.001
110,1.415,-0.211,9.962
110,0.919,0.012,10.041
110,0.441,0.036,10.051
110,1.128,-0.182,9.996
110,1.281,-0.457,9.991
110,1.63,-0.625,9.962
110,1.705,-0.469,10.008
110,1.257,-0.16,9.996
110,1.379,-0.429,9.965
110,1.31,-0.378,10.022
110,1.025,-0.261,9.993
110,1.02,-0.184,10.017
110,1.243,-0.235,9.993
110,1.295,-0.364,10.001
110,1.164,-0.326,10.044
110,1.298,-0.172,9.984
110,1.245,-0.256,9.972
110,1.3,-0.309,10.01
110,1.444,-0.285,10.005
110,1.171,-0.309,10.008
110,1.391,-0.254,9.977
110,1.36,-0.024,10.025
110,1.142,-0.342,9.991
110,1.496,-0.431,10.013
110,1.662,-0.366,9.993
110,1.741,-0.34,9.974
110,1.891,-0.299,9.936
110,1.547,-0.194,10.015
110,1.554,-0.211,9.946
110,1.453,-0.232,10.005
110,1.369,-0.148,9.917
110,1.513,-0.093,10.003
110,1.415,-0.201,9.953
110,1.429,-0.139,10.013
110,1.334,-0.153,9.962
110,1.468,-0.338,10.013
110,1.563,-0.204,9.934
110,1.604,-0.208,9.984
110,1.501,-0.127,9.996
110,1.592,-0.232,10.005
110,1.535,-0.105,9.984
110,1.528,-0.072,9.981
110,1.413,-0.146,9.948
110,1.398,0.062,10.001
110,1.568,0.05,9.977
110,1.559,0.201,9.972
110,1.587,0.172,9.991
110,1.46,0.139,9.998
110,1.506,0.189,9.991
110,1.267,-0.007,9.972
110,1.329,-0.158,9.993
110,1.468,0.101,10.001
110,1.453,0.172,10.008
110,1.437,0.007,9.991
110,1.492,0.067,9.953
110,1.365,0.074,9.991
110,1.477,0.165,10.003
110,1.417,0.093,9.998
110,1.439,0.215,9.991
110,1.475,0.192,9.993
110,1.427,0.18,9.998
110,1.439,0.311,10.001
110,1.317,0.096,9.993
110,1.274,-0.079,9.991
110,1.288,-0.086,10.013
111,1.264,-0.091,10.001
